#{"t_start": 1781280255.7734516, "env_id": "None"}
r,l,t
117.53195,185,37.177912
-936.50885,206,39.131834
-939.4373,211,39.585859
118.08324,228,41.103771
104.99844,254,43.541593
123.7471,255,43.649938
121.68892,257,43.851949
-994.83575,83,44.851763
-949.08435,288,46.523414
121.92606,220,58.609383
123.1782,228,59.808773
-937.5602,207,61.998673
117.81295,207,63.243274
125.55437,230,64.12313
104.728035,263,64.84643
-941.61035,218,66.29841
-951.0568,296,70.823446
-935.6099,232,80.684952
103.93273,249,83.346916
116.44154,209,84.465369
-934.90765,241,86.581465
-936.30273,234,87.841628
-937.8182,210,89.888106
-953.2127,307,90.494927
-953.1879,310,92.130166
118.84907,217,100.739029
-936.9801,207,103.694312
-940.34766,217,108.300209
-929.1988,269,108.301207
103.12156,252,115.772347
-949.9866,285,116.808355
-950.7939,350,119.266034
117.55091,225,121.69311
-936.5308,208,123.17584
-996.1189,71,123.556528
-965.0824,131,127.989168
-926.7711,279,134.275491
-1006.6017,490,136.264518
-951.6913,320,137.776326
-936.31323,218,141.234867
-937.9148,245,141.42313
-937.12885,214,142.540169
-936.24475,222,142.923286
115.99627,189,144.680808
117.81058,216,154.487796
-936.2771,232,157.372495
-936.3816,221,159.925397
-936.64856,210,160.437424
-960.9098,323,161.490722
123.27726,230,161.892555
-937.59674,214,162.648476
108.81683,292,166.325222
116.09359,212,173.875712
115.74897,250,180.320621
106.26578,239,183.810133
123.17563,243,184.687256
-941.55475,279,186.047611
117.46993,256,186.719157
-950.88965,297,188.274029
116.31829,190,190.909615
-952.38666,273,191.503108
116.61211,200,197.869538
-987.956,96,199.762267
-937.3722,214,202.801212
118.89287,214,203.529187
-952.7094,283,212.451931
-953.2732,318,213.344389
-952.85266,319,214.000245
-939.8353,277,214.824791
-942.9191,225,217.71773
110.641975,272,224.452086
109.00503,241,225.450843
-951.3407,285,229.018202
115.524895,222,235.043594
-981.7387,92,237.600311
-954.3488,322,242.903355
-947.6223,277,244.001354
-939.15137,218,244.827978
-953.02966,322,245.546952
-959.7517,363,248.598659
-954.4286,336,256.355037
117.30049,208,256.355037
116.23666,198,260.578693
115.78676,198,261.688448
-937.58246,215,264.779657
115.505,254,267.9566
-949.3831,286,274.517385
-939.35345,218,276.298166
-947.2084,250,284.038548
-1010.48596,590,288.844794
-945.71844,232,289.368323
-947.5764,282,291.269545
-953.92395,324,292.155935
-969.82587,118,295.150007
110.65865,260,298.548344
-970.6977,116,301.715336
-983.2408,492,301.715336
-970.5959,182,501.861967
116.30496,189,503.064142
-955.8712,343,504.418472
116.68168,194,506.237707
116.75575,197,509.558827
-967.6073,118,514.249494
107.68105,254,521.781663
115.759766,206,523.896162
-948.4278,295,525.879013
-954.225,337,526.626754
116.41208,191,532.713963
-958.80237,332,533.877094
-942.8272,297,534.884904
-944.05664,276,536.347569
118.782234,218,543.952019
-949.62006,278,555.286447
-959.38074,354,562.024617
-962.8472,375,562.123492
-950.94305,289,565.454993
-954.802,333,567.297136
-955.9361,351,567.933582
-963.2229,378,571.968282
-953.1111,305,573.099557
117.15032,204,573.795264
117.01632,194,578.914144
116.37467,190,581.847312
118.05145,228,581.847312
116.91881,203,584.911581
116.47603,188,589.601257
120.46436,209,590.245966
-953.9605,329,596.293479
-947.7518,269,597.140496
117.12014,212,600.397847
-938.1361,233,604.701459
116.606735,190,605.591187
-958.1064,345,608.557207
-944.10486,252,611.670441
-954.7566,351,612.07924
119.15871,199,613.247255
-937.3906,216,619.007085
-946.25055,311,624.277455
-941.50336,224,628.310458
117.326706,212,631.002155
-933.4463,223,633.311319
-962.644,313,633.514028
-958.84827,359,636.710396
-954.3859,333,641.78995
121.750984,215,648.141114
-943.6566,264,648.315616
-955.39575,341,650.023543
-948.73737,298,657.542318
116.295006,190,658.202019
-946.1019,297,659.819319
117.2605,186,663.607097
-956.5883,329,665.133858
116.41967,191,665.64913
-962.75244,372,665.64913
121.05241,223,666.945666
116.04078,193,674.006676
116.15918,190,674.505423
116.699646,199,677.099552
-940.3282,242,685.439446
105.56712,247,688.131883
103.9394,261,690.729308
-954.90155,330,695.572452
-955.54407,341,695.989923
-936.3927,215,696.491805
-939.8395,279,700.034209
115.67726,205,703.955334
-955.9858,329,704.054822
121.38529,226,708.648744
117.01642,186,713.522571
123.46654,221,716.411873
116.89318,221,717.490643
-946.71625,292,717.995535
-960.576,198,723.202665
-940.1052,265,725.309386
120.984505,230,734.470583
111.183876,284,734.964005
-957.4905,340,735.458011
-935.52057,212,736.872139
-941.78235,261,739.725146
118.65169,189,741.310756
113.094894,264,745.864985
-954.34753,334,747.041387
116.42912,186,750.674988
115.73374,209,753.872272
-937.6854,227,754.970193
107.831436,248,759.125868
-987.9245,85,762.005811
-953.73114,325,769.615241
-938.06165,205,770.136027
106.92509,247,770.24837
-953.9261,336,772.689711
-948.1798,292,773.458873
120.20267,224,776.37369
-949.14685,300,978.712227
117.39553,185,978.808382
-938.3705,293,980.907408
-942.3703,215,981.65644
116.44386,207,983.249044
104.57143,265,985.545697
116.42133,206,986.571096
-954.97943,321,993.907317
116.208374,205,996.770382
-944.03754,217,1001.971071
-939.5489,248,1003.100327
-935.761,212,1004.966802
117.881226,230,1005.513412
-944.6484,319,1006.823896
-953.626,336,1010.375406
-937.1936,215,1012.661329
111.38027,248,1018.751165
118.893745,201,1019.849113
-936.547,214,1023.903596
98.08628,280,1031.869948
-956.42004,338,1033.391735
-954.90656,333,1035.325602
-936.66125,214,1037.975716
-936.7566,284,1038.191702
-956.52576,340,1041.195152
-951.89606,311,1048.285716
-938.1956,211,1052.39349
-963.94775,237,1053.341569
-937.4691,204,1053.782043
-964.34436,347,1055.093359
118.73818,212,1056.700012
-953.9576,224,1057.819957
115.607895,199,1058.26044
-995.60175,70,1059.011125
-938.5731,206,1065.927114
116.79002,185,1068.612231
116.22996,225,1077.875318
119.1276,222,1078.881571
-959.0581,232,1078.978479
105.21788,273,1079.263793
-961.1325,326,1082.438187
122.842636,216,1085.051143
-952.2642,221,1088.222138
-953.33044,375,1090.269311
-937.6564,218,1098.786039
109.167145,231,1098.886388
-949.54517,240,1100.731929
117.277054,216,1102.190564
117.18068,217,1105.016492
-937.64514,204,1106.803696
-951.2733,310,1107.321297
116.434074,189,1115.937907
-948.1211,292,1116.837922
117.03202,185,1117.54572
117.83224,213,1121.679631
115.80264,240,1127.386726
-938.4617,220,1127.481394
-937.97314,215,1127.576075
-954.2308,333,1129.978297
113.88568,249,1140.541878
102.67201,282,1141.837932
119.752014,231,1142.551609
116.50829,190,1145.981607
-955.5181,341,1147.302302
107.01371,293,1152.539297
-955.41406,297,1153.032402
-986.6169,92,1153.825453
116.84519,185,1155.870514
-961.212,332,1155.976382
102.681816,259,1165.096016
-939.04486,206,1165.681651
-951.74805,231,1174.103742
107.07621,244,1175.691698
118.66266,226,1176.948691
118.28877,233,1177.75988
-954.1316,319,1182.6974
117.903946,213,1183.992684
-950.1562,286,1190.713524
-937.1269,205,1191.311512
116.759,190,1193.20941
117.43786,235,1197.657847
-950.2572,284,1199.725901
121.67758,211,1200.671532
-1033.9973,700,1202.870456
116.50473,228,1203.767858
-951.47577,196,1208.118175
-949.319,293,1215.548707
116.46253,191,1216.623796
-953.1679,215,1217.899945
-966.3393,321,1220.298612
-948.8407,278,1221.245215
122.30417,214,1226.949358
99.48002,279,1228.102335
-957.8227,321,1231.24595
118.926155,221,1235.885631
108.48539,237,1238.703745
118.89839,223,1242.062759
102.64822,276,1243.672737
-937.8331,216,1248.644116
104.44792,248,1250.653566
-951.22943,333,1252.257635
117.02546,204,1256.11913
-950.5511,221,1440.97533
-961.12604,325,1443.122493
115.42125,225,1444.831985
106.08436,256,1449.085944
118.46812,228,1450.911296
-935.44434,209,1452.290714
116.5325,189,1457.831698
106.64493,246,1458.804413
116.03169,202,1460.970983
-953.6318,339,1462.34604
105.12987,238,1465.919403
-936.6977,209,1467.529805
116.63825,190,1467.72564
117.30014,202,1470.484482
118.947044,224,1479.635468
-949.18243,232,1481.660059
105.790565,241,1490.482395
-950.85675,230,1491.245212
116.88472,233,1491.748035
117.732475,219,1493.135719
-954.7592,331,1494.178072
-954.1772,322,1494.765415
121.284256,234,1505.730011
110.90937,268,1513.264818
116.254456,204,1519.188892
-944.85876,222,1519.723586
115.96304,210,1521.370498
-931.416,288,1527.345849
116.775314,189,1529.706231
-953.658,322,1530.30222
-954.349,319,1535.21371
108.69783,241,1546.181691
116.89511,185,1546.763836
-954.96515,326,1549.62134
116.581924,190,1550.227479
-951.8617,290,1552.571713
-970.03424,387,1560.29155
-952.98804,320,1562.566472
-943.11847,285,1563.675938
117.16336,221,1569.400609
116.449684,189,1569.934376
117.262764,223,1570.202217
118.80322,233,1574.501327
116.90664,185,1583.315898
-952.587,314,1586.459461
-957.2431,283,1592.171447
120.96542,221,1594.487988
115.07515,232,1595.086588
116.99459,211,1597.292529
103.64705,252,1597.693785
120.03202,224,1608.752858
-988.75946,464,1612.271521
115.87391,199,1613.901522
112.5049,227,1613.901522
116.88683,189,1615.392916
-954.813,332,1616.34161
-936.9067,207,1616.700129
-949.3005,277,1620.658471
-995.4773,81,1624.362422
117.41507,185,1626.85387
118.10237,209,1633.088474
115.95507,195,1633.424517
120.80712,258,1640.25711
116.81383,227,1640.25711
118.422905,217,1643.824064
116.57503,188,1644.703747
-955.22833,279,1644.703747
-993.62445,83,1649.565716
107.5316,260,1655.000366
115.66073,211,1656.569623
116.512245,218,1656.979321
-938.59235,216,1664.517124
116.639244,208,1667.321861
116.45342,211,1668.787174
104.82991,276,1677.478499
116.50805,189,1678.347212
115.92004,214,1682.681074
-949.80945,286,1683.000033
116.612,193,1687.518952
-947.9536,288,1691.051143
117.400314,191,1691.476325
111.19442,226,1694.70685
118.83406,215,1702.791748
121.11619,234,1706.649658
117.505905,210,1709.03722
117.63425,228,1710.981095
118.03369,201,1721.271358
116.91102,237,1722.766918
107.94189,262,1725.119552
-953.1166,309,1727.470052
116.499374,212,1730.220736
117.17038,185,1730.338645
116.6569,198,1734.489509
116.77784,216,1740.091632
-990.5562,77,1741.147632
115.64527,213,1748.737333
107.42641,244,1750.720513
119.98753,227,1752.262482
116.312935,211,1752.658237
116.48229,188,1752.747394
113.036224,255,1761.795331
113.681526,228,1763.155864
-952.58673,321,1770.561374
117.15029,204,1770.809538
121.25807,229,1771.249396
105.326004,241,1774.113099
-954.2484,309,1776.59548
-952.55585,282,2019.981908
116.49163,219,2026.464996
116.65279,188,2032.605962
115.9593,202,2034.512481
-954.74084,315,2035.766185
119.05469,223,2037.368717
116.459724,194,2037.618803
-993.90283,83,2041.862191
-982.8975,92,2044.798216
-941.8401,241,2047.060941
117.8247,254,2047.734482
117.47193,216,2050.853696
117.22669,202,2058.652115
116.1559,221,2062.444042
116.58611,185,2067.645796
105.40728,238,2071.274019
-949.14124,310,2072.042538
-946.5242,234,2073.744181
-948.3286,307,2076.212553
109.261826,233,2076.815804
117.13105,185,2079.019247
112.924255,247,2090.507245
-966.0834,200,2090.693849
118.004005,206,2095.621995
-947.4977,236,2098.411427
115.96757,208,2102.980827
102.704666,266,2107.376878
-957.9933,307,2109.127292
-952.5675,316,2112.730238
116.25712,218,2115.394205
118.23093,221,2115.846306
116.62604,198,2124.846093
-943.0558,276,2126.406701
104.70531,256,2126.807392
116.63194,188,2135.350566
102.73291,263,2135.475966
-947.3871,236,2137.757203
104.67309,276,2138.960682
119.129974,245,2142.626692
115.6012,204,2148.849909
-947.4309,239,2154.349502
116.22126,206,2160.561733
-953.44507,311,2162.736033
115.543175,232,2163.348372
110.13428,216,2163.787805
116.90575,185,2169.750338
-952.5385,285,2172.678412
116.49144,187,2175.391559
-953.35675,312,2178.216058
116.9512,213,2183.741241
115.870636,198,2184.957071
120.8192,216,2186.383898
105.27797,244,2188.759851
117.45541,217,2192.021027
116.46135,187,2194.009976
116.523224,187,2196.65094
113.7627,273,2199.994278
108.78007,223,2205.562331
106.7996,239,2210.003798
107.4839,269,2211.589216
-944.78973,235,2212.005073
120.6366,205,2212.340829
115.84197,204,2214.348917
116.04995,210,2217.734129
118.34893,223,2222.548232
115.94509,194,2225.439946
116.83164,224,2233.282226
114.52251,215,2233.927112
109.95019,228,2235.750898
-941.8638,280,2241.476673
119.158,220,2245.669688
-950.9768,303,2246.008124
118.89617,226,2249.143738
-951.894,302,2249.246659
-992.64246,83,2254.112215
115.75977,208,2254.866182
-996.24585,73,2256.739853
115.46859,226,2257.328613
116.06455,213,2257.732897
114.61639,255,2266.889131
-971.84265,198,2268.489806
112.969955,270,2272.392205
117.81043,188,2274.505826
116.947365,186,2274.873859
116.05037,213,2275.188134
117.44582,249,2281.821315
105.70201,317,2285.281874
117.27709,210,2287.668249
116.58258,188,2291.092388
121.26242,246,2292.701765
115.75975,202,2294.919929
118.294266,213,2295.550965
108.9909,254,2299.68375
118.83662,209,2301.300674
116.01783,190,2302.575968
108.6795,230,2308.713061
116.873695,185,2309.413298
118.80328,213,2310.371513
124.96796,230,2315.723299
-947.7557,242,2317.47394
116.4877,187,2318.627671
116.86731,220,2319.932146
114.19775,212,2327.839527
116.06758,199,2328.366032
104.06554,293,2329.234843
118.47954,217,2334.672466
119.47705,196,2335.591118
-951.10474,299,2335.855765
120.6811,213,2336.044168
116.55942,187,2538.06821
116.86123,191,2539.485905
106.19331,233,2542.019296
-956.29126,324,2542.120342
118.367386,219,2549.484097
119.07846,234,2551.358198
-959.921,288,2555.05291
-951.9906,302,2557.504292
117.76905,220,2558.970722
120.41058,234,2561.540718
118.381836,209,2561.644336
123.450645,245,2565.415537
118.47924,195,2569.886168
116.75806,233,2571.723151
122.12472,231,2576.981999
116.3289,187,2579.5483
118.05073,226,2580.502363
117.860886,248,2581.114128
112.66219,233,2583.99662
110.427475,230,2587.414335
109.12141,238,2592.751657
122.54041,225,2593.240905
116.9048,221,2600.776962
116.63936,187,2601.76261
104.49804,250,2604.365652
-954.17834,299,2605.433358
104.55207,278,2608.058511
108.1611,237,2610.752012
125.656685,241,2617.361575
-946.70654,252,2617.976088
115.55015,217,2624.526965
117.791,212,2626.761703
112.16618,261,2627.730085
117.70476,204,2629.205297
-950.01807,249,2635.747988
-956.16656,298,2636.054059
117.25699,202,2638.026047
106.500534,238,2641.049783
118.42022,200,2644.361886
117.17539,201,2647.971202
-972.2369,118,2648.091748
116.00443,198,2649.391543
-944.7019,256,2652.865182
108.376015,236,2661.005865
105.82901,232,2662.576999
116.659424,188,2667.739303
116.585724,209,2670.047843
107.43096,290,2671.937249
121.70152,226,2673.312541
-949.554,287,2674.976651
-950.21246,297,2685.646228
115.386986,220,2685.646228
113.887924,254,2692.617359
121.747986,218,2694.73083
118.480644,214,2698.706349
118.328354,202,2698.826046
110.26761,268,2707.968356
-979.0009,101,2710.25617
115.19224,219,2712.373149
-943.2077,355,2712.68626
114.8708,252,2715.707748
113.79003,224,2718.084383
117.51847,228,2720.152644
124.23471,239,2724.356151
116.74427,204,2732.092455
116.27441,198,2733.809669
118.471115,209,2734.841782
-941.7756,292,2739.621406
117.85587,212,2743.185972
109.13354,267,2744.724648
-945.5731,286,2749.579353
118.26426,204,2756.591538
110.265205,228,2757.579051
-939.10516,337,2762.787021
-949.9448,264,2764.658655
117.67474,218,2767.744117
112.71261,278,2770.427551
107.195915,241,2771.51976
120.35314,242,2775.46298
117.299934,218,2779.34602
116.89349,224,2780.657924
125.28841,224,2786.19806
116.80382,185,2787.896344
-952.1354,266,2788.456287
116.47822,208,2791.039744
-950.7457,291,2795.574047
118.87087,243,2798.388895
119.5294,219,2801.034122
116.270424,187,2805.63152
118.523964,207,2806.942744
111.96466,227,2807.150733
-957.0599,336,2810.611553
116.54232,187,2812.893076
126.567314,227,2819.891631
118.88881,219,2822.051713
-950.30756,365,2825.762944
120.782906,223,2827.468527
118.42317,210,2827.77583
116.931175,234,2829.827781
115.92904,200,2832.263364
116.016464,250,2834.701253
116.349,187,2837.376501
116.845184,186,2844.154307
-951.04236,257,2845.560874
119.266304,223,2846.055729
117.68054,207,2846.46751
124.23483,233,2851.369924
117.77516,195,2852.876817
117.23487,232,2853.867132
119.12072,194,2856.065934
118.687836,216,3094.424445
117.49539,223,3094.686313
116.734375,186,3098.913002
-955.618,210,3100.029742
116.797005,192,3103.2601
-934.57416,316,3104.22258
120.22174,234,3106.349526
-947.9536,324,3108.427667
121.8595,221,3124.734119
117.129654,200,3127.168976
-946.81116,279,3127.326324
116.0513,195,3128.340005
-953.94806,291,3128.464209
-947.00116,245,3128.464209
117.97474,225,3129.391119
-956.26855,284,3142.696746
-958.7578,186,3152.514202
116.10074,206,3154.516504
119.687775,248,3155.436017
113.42319,220,3155.87709
-942.9952,278,3161.323337
-956.3525,291,3162.631688
-946.45276,301,3165.498713
116.77672,187,3173.690557
-942.5007,300,3177.799815
120.73452,223,3181.351121
116.85837,236,3183.250048
116.72677,187,3184.61149
116.95241,202,3185.004483
-951.1434,291,3188.262367
116.789085,190,3188.377369
116.0935,204,3200.339697
118.58436,214,3204.955704
116.73127,185,3205.254564
-957.87604,302,3207.198497
118.36775,205,3210.011888
105.19739,249,3210.118053
118.04634,209,3210.327403
-944.1398,271,3213.81111
109.46683,228,3223.769092
118.836685,200,3225.161364
118.521255,207,3227.941067
116.71743,186,3228.725034
119.92988,227,3233.008656
116.745705,211,3234.472066
-952.03296,301,3239.334244
-970.0231,385,3242.591369
117.51357,207,3244.451269
117.55675,192,3246.70141
-953.9015,270,3249.032997
116.80361,187,3250.234374
-942.58856,245,3250.907041
111.60938,219,3254.900227
116.45744,229,3264.807398
-943.3064,273,3265.550767
118.33367,230,3266.657631
121.81451,239,3269.728728
118.05359,204,3270.034329
117.06253,206,3270.908357
-948.6439,241,3278.326713
-953.44464,325,3280.680476
117.124374,204,3284.693266
116.63733,190,3285.267287
115.72979,219,3287.142991
123.37205,258,3296.634515
117.11602,213,3302.102041
115.61022,196,3302.886904
-964.966,310,3304.568248
-955.0017,330,3305.726328
120.117905,241,3312.644483
-951.5652,259,3315.107302
119.15995,210,3320.64283
-944.17993,296,3320.95136
-983.5666,94,3324.879952
116.81961,202,3326.243295
122.568245,248,3331.941072
117.840866,203,3333.471049
-962.59454,304,3334.372056
-966.621,313,3335.858592
116.06568,207,3341.466053
119.29295,204,3341.466053
-948.6872,264,3351.667337
117.178955,187,3353.642739
-952.28845,270,3353.936384
-943.4447,296,3362.989914
-947.6128,285,3363.408895
118.67705,210,3363.83034
106.9793,269,3370.705275
-964.0571,325,3370.859705
-995.3378,70,3378.352486
103.743385,249,3379.121235
104.55908,273,3382.878471
118.51061,209,3384.413639
118.73301,233,3386.276341
-972.0244,333,3387.180581
119.80999,229,3390.53308
-953.8679,307,3392.224167
116.03664,195,3394.741797
120.73759,258,3399.754157
113.05524,261,3407.000907
-945.5964,249,3409.579138
116.70641,186,3409.764876
106.07447,270,3410.327238
117.58286,212,3410.531665
-964.627,329,3411.260848
108.20187,250,3618.248436
-945.38995,248,3623.312734
116.6278,186,3628.669798
118.09476,210,3630.297962
115.51243,247,3635.310471
-945.4785,271,3637.0044
-956.0287,311,3638.00985
-944.0958,271,3638.809025
117.10474,281,3649.228154
103.82046,266,3654.027591
-946.76263,232,3655.961568
-962.3518,292,3665.853603
-951.145,287,3670.843525
116.63739,186,3672.806571
-960.76025,294,3673.781774
-945.41046,299,3675.489191
-945.27826,324,3679.754739
126.0016,260,3686.422408
-941.46204,256,3687.767566
116.53791,186,3695.004545
116.14027,206,3695.456367
118.02837,203,3699.258347
109.11735,236,3701.458843
-947.7255,341,3705.869584
-935.39935,232,3706.125141
124.98883,248,3716.511439
119.82169,201,3718.637874
123.00125,226,3722.222806
-955.0044,323,3724.727334
-950.6958,253,3733.499435
-953.9244,286,3735.387655
119.66878,225,3735.38865
116.501076,204,3746.264327
-963.83575,319,3747.984282
119.56242,232,3747.984805
117.11218,201,3752.464511
-990.0744,84,3759.586477
-958.37384,306,3765.194258
101.47699,271,3773.794453
-953.7568,293,3776.430701
-953.5854,312,3777.167917
117.605225,226,3778.369139
105.04047,242,3785.653104
118.59885,213,3793.688453
-959.3756,338,3794.304891
-947.04443,362,3812.446207
113.84374,255,3816.278221
-957.42224,333,3826.80805
116.22498,204,3827.323331
111.23693,331,3827.323331
116.11898,283,3830.824376
-996.3537,457,3842.497912
122.287674,248,3850.474988
116.82719,187,3854.261432
-964.7973,388,3854.544674
-943.97815,242,3862.416895
-946.9278,331,3866.271234
107.72657,287,3869.682646
-965.0023,329,3879.827745
-944.4953,295,3885.380328
116.94625,190,3890.580233
118.32243,273,3894.676478
-955.66956,341,3900.842014
113.409996,223,3901.859753
-956.732,332,3903.125058
-944.2113,312,3910.777001
116.38902,195,3912.318885
105.9685,276,3917.046472
117.155045,190,3920.538907
-943.7911,260,3925.017284
116.59167,186,3925.139508
118.54702,221,3928.633571
118.30892,227,3932.187701
116.594376,186,3936.06261
118.27844,217,3946.596709
-936.66187,220,3958.972309
114.9404,253,3963.957349
-950.4919,327,3969.434319
-951.7366,275,3971.664764
116.65062,186,3976.490557
-942.23627,308,3984.1836
-972.69324,338,3984.412026
-1029.2551,581,3993.957441
116.49601,186,3996.473703
-934.8891,288,3998.868977
113.46314,252,4002.296879
-935.52045,224,4004.942931
-955.49927,326,4007.316614
117.47926,203,4009.031358
117.399185,236,4012.674639
118.845184,288,4027.212582
102.022675,246,4027.440459
