scenario,t,dpsi,tracked,state,cls,sense,tcpa,range,bearing,panels_near
20,0.0,0.0,0,none,,0,,7.067607875983484,18.927162352881112,0
20,0.5,-0.07878981220528658,0,none,,0,,6.7305445188514055,17.908051459713704,0
20,1.0,-0.47737760471,0,none,,0,,6.402628934998018,17.085879902735655,0
20,1.5,-1.2336880579105696,0,none,,0,,6.082596040128058,16.496312932320393,0
20,2.0,-2.3415846631544355,1,engaged,crossing,1,7.186036885421656,5.771429956265816,16.123877029095013,0
20,2.5,-3.587366639999857,1,engaged,crossing,1,6.6470285939310845,5.469926178727794,15.739798345688655,0
20,3.0,-4.74476115710678,1,engaged,crossing,1,6.130165495531314,5.1821234070656965,15.086922266147155,0
20,3.5,-4.916352062191152,1,engaged,crossing,1,5.747178297581288,4.909133583381199,13.219539387851398,0
20,4.0,-3.838241256150809,1,engaged,crossing,1,5.874961303518257,4.650987588635106,9.819390825975916,0
20,4.5,-1.9657418715605104,0,none,,0,,4.4093939857338595,5.298768445868973,0
20,5.0,0.2991672483082084,0,none,,0,,4.186523713372023,0.026983070584037705,0
20,5.5,2.786742765042277,0,none,,0,,3.9846041815450004,-5.850988898507751,0
20,6.0,4.916780090772363,0,none,,0,,3.8060350613031444,-11.75138816343349,0
20,6.5,6.344027698653122,0,none,,0,,3.652877854429496,-17.301608831475733,0
20,7.0,7.658302123112264,1,idle,none,0,3.0377056740581554,3.526091389464067,-23.079488117300855,0
20,7.5,9.518099474566839,1,idle,none,0,1.2296947605433597,3.4082685058771833,-29.910184953940586,0
20,8.0,12.487658854201356,1,idle,none,0,1.894638551319356,3.2868789171024875,-38.70311789740879,0
20,8.5,16.92375964684362,1,idle,none,0,1.7254491384145365,3.1793606184343304,-50.05826359063951,0
20,9.0,22.52547750128315,1,idle,none,0,1.144256373052574,3.1207188195867595,-63.544292019476785,0
20,9.5,27.037695084350105,1,idle,none,0,0.10160229796387743,3.132809842492276,-76.53639356152212,0
20,10.0,28.546740898629253,1,idle,none,0,0.006518214863376744,3.2220289288194124,-86.41661280126358,0
20,10.5,27.001760212047884,1,idle,none,0,-1.4801698656511961,3.3775727851551056,-92.45863695610761,0
20,11.0,22.51460560497287,1,idle,none,0,-1.3268478747029209,3.579089708942666,-94.70650786019402,0
20,11.5,16.110383002289495,1,idle,none,0,-1.903943681130198,3.8099636235490073,-94.25102950770389,0
20,12.0,9.196685263891993,1,idle,none,0,-2.0447088260891353,4.059265951046985,-92.57422382457565,0
20,12.5,3.1420097038372887,1,idle,none,0,-2.4287235134157816,4.3212263813468095,-91.116900216369,0
20,13.0,-1.3489698509274604,1,idle,none,0,-3.1148610824989844,4.592856954695297,-90.6944946413845,0
20,13.5,-4.346907002786224,1,idle,none,0,-4.28837254186297,4.872259628299105,-91.34663639162306,0
20,14.0,-6.262779704001616,1,idle,none,0,-4.549354093691632,5.15846708858276,-92.77076268844917,0
20,14.5,-7.7527024686672235,1,idle,none,0,-4.366813137838487,5.450630724931612,-94.37199256141764,0
20,15.0,-9.15833549331802,1,idle,none,0,-5.491901581171561,5.746902677768364,-95.7642360407184,0
20,15.5,-10.141101187727713,1,idle,none,0,-6.047065233680792,6.046710690961567,-97.30925359670175,0
20,16.0,-10.141020980759947,1,idle,none,0,-5.221855394234146,6.352217451931204,-99.63007155006596,0
20,16.5,-9.241933669178195,1,idle,none,0,-6.053433073854336,6.6650062394026595,-102.63633727567333,0
20,17.0,-7.900850079453619,1,idle,none,0,-5.92064937641115,6.98589407492447,-105.88900806270351,0
20,17.5,-6.495415315077651,1,idle,none,0,-6.346456979929382,7.315191556879077,-109.03685484517234,0
20,18.0,-5.498462114696906,1,idle,none,0,-6.827295768903609,7.651204021303817,-111.61438742769349,0
20,18.5,-5.02751623049835,1,idle,none,0,-8.041361861483995,7.992052327546066,-113.52215659309161,0
20,19.0,-5.054047120437531,1,idle,none,0,-8.68284870885155,8.337117711416584,-114.82278647939711,0
20,19.5,-5.359556790221632,0,none,,0,,8.686669167806377,-115.76622388521258,0
20,20.0,-5.673342235958728,0,none,,0,,9.038052606572535,-116.59940593731073,0
20,20.5,-6.053491036239848,0,none,,0,,9.38883525928074,-117.25589827685474,0
20,21.0,-5.196676951912082,0,none,,0,,9.743660418039518,-119.06687426040594,0
20,21.5,-2.4892597584166083,0,none,,0,,10.10806754090675,-122.64688835203509,0
20,22.0,1.233872799945516,0,none,,0,,10.483144928502082,-127.14748218847603,0
20,22.5,5.143786121540018,0,none,,0,,10.86532941515004,-131.7181821680042,0
20,23.0,8.587686119287696,0,none,,0,,11.253090349221068,-135.71636630390753,0
20,23.5,10.952850577452125,0,none,,0,,11.646660187759835,-138.5582182071956,0
20,24.0,11.805640624447676,0,none,,0,,12.041401560390566,-139.82054188128367,0
20,24.5,11.055126472326037,0,none,,0,,12.434610296019304,-139.43413618670635,0
20,25.0,9.001869842378653,0,none,,0,,12.835103409560958,-137.76083469327227,0
20,25.5,6.110130044822483,0,none,,0,,13.238876263910633,-135.2666554218597,0
20,26.0,3.2150613030588033,0,none,,0,,13.635964504679528,-132.75398029240205,0
20,26.5,1.323604395928328,0,none,,0,,14.030241108617945,-131.23557852655085,0
20,27.0,0.8351961941493187,0,none,,0,,14.42756199002163,-131.11823391900737,0
20,27.5,1.275097703399922,0,none,,0,,14.827758708754809,-131.91413931708553,0
20,28.0,1.854148969228504,0,none,,0,,15.228779477281416,-132.82569357053973,0
20,28.5,2.4554512529114163,0,none,,0,,15.631251803093834,-133.74012215006724,0
20,29.0,2.9941615959618275,0,none,,0,,16.033187118512917,-134.56628090062327,0
20,29.5,3.2677425494569547,0,none,,0,,16.43463079209665,-135.10712918449246,0
20,30.0,3.01727986909367,0,none,,0,,16.834902164738757,-135.10953631311008,0
20,30.5,2.0399122551522737,0,none,,0,,17.23409881530937,-134.38159956868867,0
20,31.0,0.6360638353734203,0,none,,0,,17.63160448635766,-133.2278359960864,0
20,31.5,-0.8821583644408975,0,none,,0,,18.02477936058678,-131.95372176224475,0
20,32.0,-2.0410852039995575,0,none,,0,,18.41413709742667,-131.03188788470334,0
21,0.0,0.0,0,none,,0,,7.861505158917649,28.468464724435023,0
21,0.5,-0.20254369465482114,0,none,,0,,7.452451994145011,28.507428910238076,0
21,1.0,-1.2366160759570448,0,none,,0,,7.051251087608645,29.349983899234473,0
21,1.5,-3.2240330403718644,1,engaged,crossing,1,7.388881451269902,6.656470763286414,31.142473321982834,0
21,2.0,-5.850671340744611,1,engaged,crossing,1,7.075031829159716,6.268139542436679,33.583657701132324,0
21,2.5,-8.486826317919736,1,engaged,crossing,1,7.247616926531507,5.887791776754261,36.033591730867215,0
21,3.0,-9.744881582653761,1,engaged,crossing,1,7.435589356661351,5.51203998453794,37.085562538646286,0
21,3.5,-8.778048570311057,1,engaged,crossing,1,5.930898903256975,5.136551073252852,35.85185126057297,0
21,4.0,-5.739471486807929,1,engaged,crossing,1,6.295243724191252,4.759912012170823,32.42038470299781,0
21,4.5,-1.039456949590999,1,engaged,crossing,1,5.033401466007529,4.379088809676241,27.139872613484442,0
21,5.0,4.809248680644714,1,engaged,crossing,1,4.705430843918344,3.991225476086473,20.44778580242823,0
21,5.5,11.163112567114922,1,engaged,crossing,1,3.7592796541759017,3.588259059979853,12.91062861201371,0
21,6.0,17.57319551535511,1,engaged,crossing,1,2.9044607187477536,3.1740055829818834,4.780280482779602,0
21,6.5,23.737494798843272,1,engaged,crossing,1,2.7169843377884764,2.74487377742016,-3.973598231823047,0
21,7.0,29.0867853555512,0,none,,0,,2.2916992040845763,-13.432550437288171,0
21,7.5,33.37516442298286,0,none,,0,,1.8580465624775062,-24.36567576767493,0
21,8.0,36.83549149905767,1,idle,none,0,0.30176584252547434,1.4924135779638135,-38.30040582248347,0
21,8.5,39.98046124438122,1,idle,none,0,-0.005693933393734674,1.2147860342576746,-58.484588663102386,0
21,9.0,43.113610913960514,1,idle,none,0,-0.1588742694700732,1.1078387589656977,-86.32786581768468,0
21,9.5,44.22093321146019,1,idle,none,0,-0.09741850104812862,1.2346690987168283,-111.9149344091934,0
21,10.0,41.52229240272541,1,idle,crossing,-1,-0.7270080444849158,1.5289363544459849,-126.52126341036214,0
21,10.5,35.55399250445029,1,idle,crossing,-1,-0.9687663078443876,1.9035112461782124,-131.7289858544281,0
21,11.0,27.419205603209804,1,idle,crossing,1,-1.5353985169308535,2.31453037657546,-131.28099963020352,0
21,11.5,18.213672739996554,0,none,,0,,2.741363827251352,-127.81679849831049,0
21,12.0,9.060048763972276,1,idle,none,0,-2.190064687449842,3.164969949539857,-123.03214709942233,0
21,12.5,0.736592873642195,1,idle,none,0,-2.79090834949746,3.580507979257339,-118.24088022578981,0
21,13.0,-6.55187829829265,1,idle,none,0,-3.162895780307105,3.990594711100275,-114.05564206165116,0
21,13.5,-12.690509271337646,1,idle,none,0,-4.0651402213988534,4.389056473768755,-110.62229641420697,0
21,14.0,-17.735119194494246,1,idle,none,0,-4.642025149721658,4.773550705579213,-107.94550754801242,0
21,14.5,-21.64335268945206,1,idle,none,0,-5.013692153953432,5.146002263678966,-106.1839022912493,0
21,15.0,-24.124299193470392,1,idle,none,0,-5.22845124753071,5.5111856796117,-105.7369915647838,0
21,15.5,-25.150098200871753,1,idle,none,0,-5.671010123394339,5.872661968228939,-106.63019865329039,0
21,16.0,-24.999658720712887,1,idle,none,0,-6.246070199740081,6.233782547705065,-108.57355376172984,0
21,16.5,-23.99644660092622,1,idle,none,0,-6.212766478808951,6.598524523617835,-111.25745963105533,0
21,17.0,-22.559802818606613,1,idle,none,0,-6.9560489004297,6.967681025826527,-114.22798455055351,0
21,17.5,-20.96011889416377,1,idle,none,0,-8.143824191067374,7.341010101447426,-117.19980183425935,0
21,18.0,-19.26198072391969,1,idle,none,0,-8.088484135543025,7.721021772406339,-120.14924776486112,0
21,18.5,-17.547181059980176,1,idle,none,0,-8.650514587327292,8.108730779773023,-123.00975922323903,0
21,19.0,-16.070066910702053,1,idle,none,0,-10.005834068348499,8.50294355888382,-125.52733250189385,0
21,19.5,-14.960543682304547,1,idle,none,0,-8.758769028235227,8.903387028263632,-127.59090630075548,0
21,20.0,-14.154732014580077,1,idle,none,0,-9.00369120107458,9.306845711603872,-129.25597948331676,0
21,20.5,-13.654102733503805,1,idle,none,0,-11.247594947431484,9.708877364535887,-130.50988913077003,0
21,21.0,-13.283780088255071,1,idle,none,0,-12.692372451529058,10.110681629551475,-131.5544889862931,0
21,21.5,-12.800060251542163,1,idle,none,0,-11.017848313332452,10.517476143466483,-132.67203573044674,0
21,22.0,-12.300950675544755,1,idle,none,0,-12.117348834828778,10.926946989346867,-133.7543842136829,0
21,22.5,-11.979088472498347,1,idle,none,0,-11.84868953685888,11.334877090754606,-134.5966679659851,0
21,23.0,-11.565904357607565,1,idle,none,0,-12.908043966319802,11.741202189766215,-135.47354439804042,0
21,23.5,-10.822101186462078,0,none,,0,,12.146444733522632,-136.62641876675934,0
21,24.0,-9.62683554663704,0,none,,0,,12.559610817038884,-138.21237337110347,0
21,24.5,-8.024016961876214,0,none,,0,,12.977499736242804,-140.16788745931797,0
21,25.0,-5.816295042539082,0,none,,0,,13.392621483249435,-142.65699509143798,0
21,25.5,-2.7019820388441076,0,none,,0,,13.810347373586511,-145.9924409291625,0
21,26.0,0.91755752906559,0,none,,0,,14.230849193346879,-149.7713257664139,0
21,26.5,4.396219819633188,0,none,,0,,14.65384538260453,-153.3528663409054,0
21,27.0,7.220070849859923,0,none,,0,,15.078085778984924,-156.23137056397348,0
21,27.5,9.077867678867563,0,none,,0,,15.50462217708484,-158.1096640586013,0
21,28.0,9.965111513273087,0,none,,0,,15.934844414408566,-158.99677099770759,0
21,28.5,10.170911576273284,0,none,,0,,16.36939696842708,-159.19079024461814,0
21,29.0,9.841963062566322,0,none,,0,,16.80983179640216,-158.84736710503915,0
21,29.5,9.026895781593907,0,none,,0,,17.252814459718778,-158.01785692212314,0
21,30.0,8.122314225703093,0,none,,0,,17.693470122039976,-157.09553663386396,0
21,30.5,7.599134455563046,0,none,,0,,18.134904328658617,-156.55388085548125,0
21,31.0,7.6620574222963285,0,none,,0,,18.578919659878324,-156.59596895801724,0
21,31.5,8.189357765548323,0,none,,0,,19.02698836151485,-157.09901766161843,0
24,0.0,0.0,0,none,,0,,9.564279376650635,25.594478427229802,0
24,0.5,0.0953577506201384,0,none,,0,,9.024867632862884,24.670376396437263,0
24,1.0,0.6142092898815292,0,none,,0,,8.471575365147558,23.254666650212528,0
24,1.5,1.583352603229514,0,none,,0,,7.914201835228762,21.26058748670644,0
24,2.0,2.92150326298065,0,none,,0,,7.352064362513618,18.731984823989393,0
24,2.5,4.067213571866034,0,none,,0,,6.79596560212927,16.160564999674648,0
24,3.0,4.24325895410206,0,none,,0,,6.254291932724065,14.273431888689288,0
24,3.5,3.1970851386060417,0,none,,0,,5.730752033294802,13.284131892159166,0
24,4.0,1.5174082172033252,0,none,,0,,5.226428583707115,12.543803756642859,0
24,4.5,-0.26385760373807443,0,none,,0,,4.744275750130154,11.421921506197236,0
24,5.0,-1.955191385243893,1,idle,none,0,3.60077802621939,4.288628658636654,9.595541199206139,0
24,5.5,-3.5208434396957955,1,idle,none,0,2.877823793914653,3.8543568080390664,6.883353347320622,0
24,6.0,-4.860079499159951,1,idle,none,0,2.6037506128854044,3.4365843997150742,2.9608914875316827,0
24,6.5,-6.740773585866009,1,idle,none,0,2.062164640889486,3.058667475464029,-1.700856812019083,0
24,7.0,-9.748177640109475,1,idle,none,0,1.7328730132645318,2.743740056374886,-6.711934578356249,0
24,7.5,-13.123978595826884,1,idle,none,0,1.4238005663842364,2.505529677937119,-12.895966665627782,0
24,8.0,-15.881335004905623,1,idle,none,0,1.035775716123987,2.3591041037211653,-21.02324022056115,0
24,8.5,-17.397982078834502,1,idle,none,0,0.24018236814710986,2.3141128460538276,-31.081562371482278,0
24,9.0,-16.83967419253895,1,idle,none,0,0.20385451850599107,2.351256472792021,-43.46876575163293,0
24,9.5,-13.242432616405495,1,idle,none,0,0.16901859910183245,2.4631866678750844,-59.00609129115776,0
24,10.0,-6.5751455425610175,1,idle,none,0,-0.6585314282041711,2.672250291935596,-77.0849290555633,0
24,10.5,1.116526669053485,1,idle,none,0,-1.1134038543738265,2.990817223332204,-94.88211695142854,0
24,11.0,5.7479772947799574,1,idle,none,0,-1.775354862900327,3.402190667307196,-107.62805820652763,0
24,11.5,5.703146721955704,1,idle,none,0,-1.9116757226519314,3.8695605790990943,-113.78841073953181,0
24,12.0,2.503272672857861,1,idle,none,0,-2.6067791198066845,4.365599273140071,-115.38910467487207,0
24,12.5,-1.9134361948565584,0,none,,0,,4.87482891738697,-114.79121438012493,0
24,13.0,-5.676659195538377,0,none,,0,,5.38906360342591,-114.09253222482585,0
24,13.5,-7.893440734695446,0,none,,0,,5.908633111855576,-114.40169322647972,0
24,14.0,-6.887379845713099,0,none,,0,,6.442692664586733,-117.57041744895116,0
24,14.5,-1.9089197885223257,0,none,,0,,6.996098344871523,-124.3091624358126,0
24,15.0,5.589871476603264,0,none,,0,,7.57432635579887,-133.2101612641597,0
24,15.5,13.921321691109995,0,none,,0,,8.171360841973412,-142.5851239869522,0
24,16.0,21.352366783415732,0,none,,0,,8.779561840084394,-150.73683160188517,0
24,16.5,26.866188834735908,0,none,,0,,9.390349835790957,-156.71652618804197,0
24,17.0,29.534878651091645,0,none,,0,,9.98695992165192,-159.6479321374002,0
24,17.5,28.70105722827637,0,none,,0,,10.571140293612231,-158.97488644349582,0
24,18.0,24.530718078936218,0,none,,0,,11.144924505319981,-154.93617690836777,0
24,18.5,17.910843155126315,0,none,,0,,11.723539619999608,-148.50216137502125,0
24,19.0,9.897354131078743,0,none,,0,,12.303173495841461,-140.74711539666217,0
24,19.5,2.437003666952535,0,none,,0,,12.874986911032128,-133.59740990370278,0
24,20.0,-2.95846466287162,0,none,,0,,13.454096530414562,-128.60789372547777,0
24,20.5,-5.951464122194693,0,none,,0,,14.03614070376319,-126.07027786161166,0
24,21.0,-6.404578529843434,0,none,,0,,14.615493433627607,-126.05880162984846,0
24,21.5,-4.264073072504516,0,none,,0,,15.20531739024862,-128.64839819268644,0
24,22.0,-0.4990523955956405,0,none,,0,,15.809525272570177,-132.8458290108755,0
24,22.5,3.2366435928684325,0,none,,0,,16.42800801686307,-136.98113089728574,0
24,23.0,6.103475706655843,0,none,,0,,17.054163934839643,-140.20164569803245,0
24,23.5,7.532030907522227,0,none,,0,,17.67312694189907,-141.9164629885724,0
24,24.0,7.697502433308301,0,none,,0,,18.286193045362346,-142.3273294250412,0
24,24.5,6.753036836861867,0,none,,0,,18.895393070728662,-141.6080125731505,0
24,25.0,4.655553000103538,0,none,,0,,19.497952171058245,-139.72488879512682,0
24,25.5,1.8540559245427914,0,none,,0,,20.090875028566966,-137.1296792175752,0
24,26.0,-1.1642380505720666,0,none,,0,,20.680492672668514,-134.33044030591952,0
24,26.5,-3.936427964421,0,none,,0,,21.27632991362523,-131.81644574989195,0
24,27.0,-5.883917186235067,0,none,,0,,21.875308860584752,-130.1516444365928,0
24,27.5,-6.655703535412158,0,none,,0,,22.47215586828216,-129.6598688872498,0
24,28.0,-6.18040433315673,0,none,,0,,23.072102733697292,-130.41431217062012,0
24,28.5,-4.626288299122621,0,none,,0,,23.675955734601697,-132.23455148864122,0
25,0.0,0.0,0,none,,0,,9.683387201186727,17.726639838390298,0
25,0.5,-0.025836869746768798,0,none,,0,,9.180116172467896,17.7637827367235,0
25,1.0,-0.15914694428713005,0,none,,0,,8.676420622530816,17.913091004081224,0
25,1.5,-0.40857185214650826,1,engaged,crossing,1,7.961485726701177,8.171711665667242,18.187804913851608,0
25,2.0,-0.5545916096786812,1,engaged,crossing,1,7.311237863208816,7.667747119489433,18.363698969653257,0
25,2.5,-0.5643844348404627,1,engaged,crossing,1,6.893734276165717,7.166823664229029,18.39971349021431,0
25,3.0,0.48476509106370713,1,engaged,crossing,1,6.251479501750951,6.658746116520542,17.377375934372935,0
25,3.5,3.598002493040809,1,engaged,crossing,1,5.167150587291964,6.139210658052871,14.245356907675074,0
25,4.0,8.48529024421623,1,engaged,crossing,1,4.542826271728324,5.617513616008636,9.201312691852849,0
25,4.5,14.54178853898884,1,engaged,crossing,1,4.150972206342317,5.08254035464352,2.777764021338612,0
25,5.0,21.375143534594542,1,engaged,crossing,1,3.5234867105799004,4.516229104092901,-4.7731251375172405,0
25,5.5,27.590911926581924,1,engaged,crossing,1,2.995824021986235,3.924914719795459,-12.31137639819292,0
25,6.0,32.29403938840579,1,engaged,crossing,1,2.2947326226608693,3.3172253588846656,-19.318295176665885,0
25,6.5,36.33640683067463,1,engaged,crossing,1,1.7888383396047252,2.7048731485549964,-27.373442653176483,0
25,7.0,40.65797480835508,1,engaged,crossing,1,1.2123863760258327,2.111593176758541,-38.94311430864076,0
25,7.5,45.53393454104895,1,engaged,crossing,1,0.7661722003973472,1.5911421870856377,-57.50477636704437,0
25,8.0,50.5041010336015,1,engaged,crossing,1,0.47638736595667286,1.2672488119957737,-87.18723370517498,0
25,8.5,53.27671979360949,1,clearing,crossing,1,-0.125466640447035,1.2971152004406747,-120.50972298792588,0
25,9.0,50.924880649027784,1,clearing,crossing,1,-0.6579275225843074,1.6241777027851438,-140.675766270215,0
25,9.5,43.58019107561353,1,clearing,crossing,1,-1.0570647248077574,2.091106837806311,-147.1215023478196,0
25,10.0,33.56102909134151,1,clearing,crossing,1,-1.6476480638424134,2.6060379711274475,-145.97224518104485,0
25,10.5,23.252994555583626,1,clearing,crossing,1,-2.006471546488193,3.124040291241542,-141.8156887733303,0
25,11.0,14.264417201005557,1,clearing,crossing,1,-2.961463172708334,3.625838616917804,-137.32068676551668,0
25,11.5,7.141498042545976,1,clearing,crossing,1,-2.866409707228137,4.109603564954281,-133.66555233068988,0
25,12.0,1.785702605652176,1,clearing,crossing,1,-4.065776202565515,4.578805226948172,-131.12702282992598,0
25,12.5,-2.2029248221855084,1,clearing,crossing,1,-4.3156716894871225,5.040838326308858,-129.57316191667195,0
25,13.0,-5.41536675890552,1,clearing,crossing,1,-3.9036708297155274,5.508183444831378,-128.65211523994742,0
25,13.5,-8.375784199011491,1,idle,none,0,-4.346304584345339,5.982260300775328,-127.88043144253749,0
25,14.0,-11.38737997521116,1,idle,none,0,-5.10671008121508,6.458014541711448,-126.9227164201231,0
25,14.5,-14.681128039186092,1,idle,none,0,-4.973388695189663,6.935394400444761,-125.58750776043257,0
25,15.0,-18.3434634046788,1,idle,none,0,-5.604476260908399,7.4116023681791265,-123.79619449727898,0
25,15.5,-22.31922499602365,1,idle,none,0,-5.117803424491329,7.883366580018551,-121.608493595955,0
25,16.0,-26.50483479243985,1,idle,none,0,-6.867108780637457,8.347825099477706,-119.1330893067364,0
25,16.5,-30.827478360891178,1,idle,none,0,-7.3457950152361615,8.804915271830076,-116.47829896286567,0
25,17.0,-35.30449580641442,1,idle,none,0,-6.773227793075623,9.254525326513356,-113.65735300100141,0
25,17.5,-39.830143456436815,1,idle,none,0,-7.364239992030406,9.692361368381297,-110.74874876824299,0
25,18.0,-44.09283226619402,1,idle,none,0,-7.955919233870646,10.117533148004274,-108.07060804580351,0
25,18.5,-47.69107325957515,1,idle,none,0,-7.961220060746488,10.532224349404057,-106.05113046248698,0
25,19.0,-50.12643719667045,1,idle,none,0,-8.816241325046652,10.93691223435651,-105.14533191669051,0
25,19.5,-50.96163387768661,1,idle,none,0,-8.921818736842372,11.334498540167818,-105.75015144762438,0
25,20.0,-49.64823529747321,1,idle,none,0,-10.3168570391776,11.731826535126013,-108.40156718154935,0
25,20.5,-45.99920768129175,1,idle,none,0,-10.977086826396686,12.137150587186047,-113.27429142421892,0
25,21.0,-40.405295618858645,1,idle,none,0,-10.874949533460756,12.557730211818436,-119.97061148716563,0
25,21.5,-33.618500300145115,1,idle,none,0,-11.350949320221552,12.995165531274365,-127.71411843079647,0
25,22.0,-26.646289602267757,1,idle,none,0,-11.190416078891559,13.445369657613607,-135.4839895728544,0
25,22.5,-20.261624446644646,1,idle,none,0,-13.163963127294851,13.902322376547977,-142.51117043763895,0
25,23.0,-14.910283892509256,1,idle,none,0,-13.651911897149118,14.363095531520436,-148.3707163114821,0
25,23.5,-10.755150698309762,1,idle,none,0,-14.788095287633901,14.826114503564462,-152.92343862598784,0
25,24.0,-7.676366121697129,1,idle,none,0,-16.054817705425773,15.295142118281989,-156.31801634382282,0
25,24.5,-5.4438167115336,1,idle,none,0,-16.098928683056233,15.77088328110073,-158.8017874728797,0
25,25.0,-4.145492424206395,1,idle,none,0,-17.030780292011425,16.247110121985774,-160.29423863083287,0
25,25.5,-3.5124119536044702,1,idle,none,0,-17.626603271903633,16.724266603423505,-161.07961391850827,0
25,26.0,-3.0722606462612703,1,idle,none,0,-19.842161494780193,17.20399056667491,-161.64038387226535,0
25,26.5,-2.4925255251073395,0,none,,0,,17.689033897165928,-162.3164397601143,0
25,27.0,-1.6210291214517838,0,none,,0,,18.18607416726724,-163.26802250256645,0
25,27.5,-0.2652434530721166,0,none,,0,,18.703578330094114,-164.69314012186607,0
25,28.0,1.7308003844404425,0,none,,0,,19.230425442854695,-166.73283334095836,0
25,28.5,4.345349100900194,0,none,,0,,19.75691280162269,-169.35455922546623,0
25,29.0,7.524037262242672,0,none,,0,,20.287317233974928,-172.5042267852208,0
25,29.5,10.866851830552122,0,none,,0,,20.815577526686933,-175.7797877735915,0
25,30.0,13.931937120797272,0,none,,0,,21.33467597013167,-178.74254803549536,0
25,30.5,16.67619350820283,0,none,,0,,21.85534597868356,178.6449202111852,0
25,31.0,19.11299175482958,0,none,,0,,22.379386325062118,176.36579822455263,0
25,31.5,21.226249267200757,0,none,,0,,22.90339024538424,174.4325000239935,0
29,0.0,0.0,0,none,,0,,7.260007978288834,20.135533737149444,0
29,0.5,0.3247202321034024,0,none,,0,,6.893231832563001,19.11229968157926,0
29,1.0,1.8838554364170932,0,none,,0,,6.538985729264096,16.706245268032376,0
29,1.5,4.618120619714773,0,none,,0,,6.1966989903313205,12.937632344535018,0
29,2.0,7.7761283704876405,0,none,,0,,5.866785755876805,8.533259429311329,0
29,2.5,10.835262348754554,1,engaged,crossing,1,6.68082104159158,5.550138231037371,3.9978300314531054,0
29,3.0,13.329680295683204,1,engaged,crossing,1,7.2279252748121285,5.247597072571226,-0.21477474382976425,0
29,3.5,15.309467064092871,1,engaged,crossing,1,6.620521868485659,4.957481514407047,-4.17286448746799,0
29,4.0,17.25542871015142,1,engaged,crossing,1,5.525021059517057,4.67979337548889,-8.395943853153625,0
29,4.5,19.437711392003962,1,engaged,crossing,1,4.5484210152547115,4.414248442302471,-13.206731189474624,0
29,5.0,21.977285925215142,1,engaged,crossing,1,4.232515889193995,4.154538511971393,-18.82096642385278,0
29,5.5,25.058701200972564,1,engaged,crossing,1,4.260886226596246,3.884447048991989,-25.659782761421837,0
29,6.0,29.013274967630025,1,engaged,crossing,1,2.508299328595216,3.6023375708290897,-34.41940982957834,0
29,6.5,33.93473009524189,1,engaged,crossing,1,2.153321507454361,3.3316525121972256,-45.551886241982714,0
29,7.0,39.56152853088844,1,engaged,crossing,1,1.6280556454821546,3.1043377641255434,-59.09904454669443,0
29,7.5,44.76207979333071,1,engaged,crossing,1,0.7462328102740161,2.956539082447455,-73.9373912258477,0
29,8.0,48.30182209064742,1,engaged,crossing,1,0.35109237881585115,2.9198022226550986,-87.95812045450896,0
29,8.5,49.13418353326472,1,clearing,crossing,1,-0.33063012888608856,2.993825030060131,-98.9661683106853,0
29,9.0,45.73835054814049,1,clearing,crossing,1,-0.7923404731103146,3.1538909396923818,-104.83439163947241,0
29,9.5,39.05695774943467,1,clearing,crossing,1,-1.0209088893317044,3.373003083538578,-106.31386310829271,0
29,10.0,30.559154572554576,1,clearing,crossing,1,-1.6805107582694707,3.6316692099236896,-104.99187351609736,0
29,10.5,21.367690243818913,1,clearing,crossing,1,-1.511625311338106,3.9173486507504123,-102.21146435003851,0
29,11.0,13.350656369541355,1,clearing,crossing,1,-1.9770480565470039,4.223392166304378,-99.98268122334365,0
29,11.5,8.793543897615564,1,idle,none,0,-2.8133369873595053,4.547910787958908,-100.58763693993244,0
29,12.0,8.009539250413582,1,idle,none,0,-3.0405747054172707,4.893356191859256,-104.35848127450001,0
29,12.5,8.374482680682092,1,idle,none,0,-2.7285834041619337,5.2625887667320805,-108.85317401216896,0
29,13.0,8.21745780823403,1,idle,none,0,-3.346054349273167,5.657202997536253,-112.53553892494111,0
29,13.5,6.57357894312014,1,idle,none,0,-4.372769147692096,6.0714227415709985,-114.42901369113615,0
29,14.0,4.803914177764341,1,idle,none,0,-4.049054845640909,6.501558485244417,-115.91479710822048,0
29,14.5,3.4495704894069377,1,idle,none,0,-4.964012810852257,6.941955834302036,-117.47576788812523,1
29,15.0,1.99599952127204,1,idle,none,0,-4.837737306511327,7.387873151131126,-118.62682641115936,1
29,15.5,0.40474168698159474,1,idle,none,0,-5.963892741842318,7.839613946592835,-119.41847475118186,1
29,16.0,-1.2888971739964177,1,idle,none,0,-6.026618042811262,8.293749068516147,-119.90046436672014,1
29,16.5,-4.093680624393301,1,idle,none,0,-6.353470957185294,8.74468345884158,-119.09803703790749,1
29,17.0,-7.7344957038112625,1,idle,none,0,-5.466030611442346,9.19068193714494,-117.3626929751772,1
29,17.5,-12.080321965784094,1,idle,none,0,-6.284260616883902,9.623248139504568,-114.7998298173394,1
29,18.0,-17.084368943745176,1,idle,none,0,-7.200915495516824,10.031324799718409,-111.40949193008362,1
29,18.5,-22.307853870360702,1,idle,none,0,-7.412909307544187,10.413427992841164,-107.66890838361849,1
29,19.0,-26.969493053536155,0,none,,0,,10.770357586356104,-104.37842709495249,1
29,19.5,-30.239567771659267,0,none,,0,,11.107473224243156,-102.40624746088747,1
29,20.0,-32.01108654588148,0,none,,0,,11.430980121885458,-101.88400644272798,1
29,20.5,-32.404337451793765,0,none,,0,,11.745621663117468,-102.67383566283661,1
29,21.0,-31.4329450840724,0,none,,0,,12.056317600190098,-104.74032431034846,1
29,21.5,-29.135131538508404,0,none,,0,,12.369380232576273,-108.05432972680819,1
29,22.0,-25.959355080391333,0,none,,0,,12.69112242493324,-112.19145942167336,1
29,22.5,-22.929308097475314,0,none,,0,,13.022073753760196,-116.11844728188089,1
29,23.0,-20.6289871806556,0,none,,0,,13.358272271478723,-119.23360290731159,0
29,23.5,-18.84358797616096,0,none,,0,,13.702718539994047,-121.79084653928521,0
29,24.0,-17.387390802577045,0,none,,0,,14.055727450423515,-123.98367699961966,0
29,24.5,-16.390566271276384,0,none,,0,,14.409622013818739,-125.6454851108283,0
29,25.0,-15.56862778222353,0,none,,0,,14.763091625383915,-127.06466288269553,0
29,25.5,-14.62177210715754,0,none,,0,,15.120129429652774,-128.56441700191886,0
29,26.0,-13.73331381334657,0,none,,0,,15.479021967433402,-129.95779680874227,0
29,26.5,-12.946387367290015,0,none,,0,,15.840497371839403,-131.21070616244754,0
29,27.0,-12.101744578874218,0,none,,0,,16.207325450076656,-132.49515263630178,0
29,27.5,-11.44864149205091,0,none,,0,,16.574379593481442,-133.54671258041344,0
29,28.0,-10.874455621902996,0,none,,0,,16.941930054714398,-134.48417925358967,0
29,28.5,-10.240809559922639,0,none,,0,,17.31363822031586,-135.4598255419802,0
35,0.0,0.0,0,none,,0,,6.987033978915872,17.95075260024089,0
35,0.5,-0.015712644624272798,0,none,,0,,6.646980883323155,17.249328440941497,0
35,1.0,-0.09558890681182675,0,none,,0,,6.314963170482795,16.51843178499098,0
35,1.5,-0.24377267500665312,0,none,,0,,5.991230179255757,15.751443547256372,0
35,2.0,-0.387891691389882,0,none,,0,,5.676046969289828,14.86162544643895,0
35,2.5,-0.4292753786904768,0,none,,0,,5.3709868693043825,13.727777302858158,0
35,3.0,-0.2829666969028608,0,none,,0,,5.075931411132955,12.24242854429184,0
35,3.5,-0.2553533540914259,0,none,,0,,4.790761638578187,10.695650813654709,0
35,4.0,-0.6425750553767671,0,none,,0,,4.517287259535703,9.370349590376975,0
35,4.5,-1.272431033080693,0,none,,0,,4.256138399478228,8.074670821973712,0
35,5.0,-1.9715779686052315,1,idle,none,0,5.042735995336325,4.007829337831741,6.6084050618949846,0
35,5.5,-2.7571657514336607,1,idle,none,0,4.8996280270384,3.771102675326671,4.964604450059994,0
35,6.0,-3.5780210784626547,1,idle,none,0,4.692098088782794,3.546730260234236,3.059362381872006,0
35,6.5,-4.772332748861288,1,idle,none,0,3.8955283113488304,3.3369812728039907,1.2092018777512976,0
35,7.0,-6.575665950969608,0,none,,0,,3.143173094829734,-0.3572245937459684,0
35,7.5,-8.816965434998053,0,none,,0,,2.9673853807073303,-1.8222177370995496,0
35,8.0,-11.243840244400985,1,idle,none,0,4.343716432324993,2.810886981187277,-3.4461874445377134,0
35,8.5,-13.158358105631805,1,idle,none,0,3.1096356405471304,2.6751161405824706,-5.950477380259599,0
35,9.0,-14.043760458941392,1,idle,none,0,2.5758049109195587,2.5617537627813474,-9.87409419027449,0
35,9.5,-14.223552764785666,1,idle,none,0,2.3938500896002255,2.472432376129821,-14.865807798870605,0
35,10.0,-14.113634852367966,0,none,,0,,2.408512012540998,-20.435768211890036,0
35,10.5,-13.740461149903808,0,none,,0,,2.3710467515415554,-26.462720230608227,0
35,11.0,-12.825696921700398,0,none,,0,,2.3608401095582225,-33.12172018934302,0
35,11.5,-10.737115807535247,0,none,,0,,2.3579714799166926,-41.37246991706081,0
35,12.0,-6.780036756971128,0,none,,0,,2.358224578538576,-52.34916504623163,0
35,12.5,-0.8717101688158664,0,none,,0,,2.3842817649313384,-66.18026470006726,0
35,13.0,6.637028770022653,0,none,,0,,2.462796766603714,-82.23107269452387,0
35,13.5,13.850695555990285,0,none,,0,,2.6117308916006565,-97.3965750549546,0
35,14.0,19.751429459452652,1,idle,none,0,-1.5228926636721005,2.818553259512953,-109.85509369436544,0
35,14.5,24.824799843270057,1,idle,none,0,-2.0146384398527157,3.0704338994166376,-120.28493415086012,0
35,15.0,28.91608979569844,1,idle,none,0,-2.572229897028325,3.364360472067915,-128.8647280395944,0
35,15.5,31.571596239330916,1,idle,none,0,-3.121805958750064,3.6949733159329474,-135.27380766644455,0
35,16.0,32.46246065646716,1,idle,none,0,-3.923851656390192,4.049954988819327,-139.2405989710992,0
35,16.5,31.519430038776136,1,idle,none,0,-3.9935865438595353,4.421204484249807,-140.85918086095194,0
35,17.0,28.728361788253665,1,idle,none,0,-4.62051148645356,4.803522290847576,-140.28168388935342,0
35,17.5,24.35088642500955,1,idle,none,0,-4.67152630906868,5.190042108374695,-137.87766316406663,0
35,18.0,19.85356161245312,1,idle,none,0,-5.986801640075557,5.579011625728567,-135.18716833093066,0
35,18.5,16.075480378458792,1,idle,none,0,-5.599990986306696,5.971874328987033,-133.09091347567357,0
35,19.0,13.221110396198242,1,idle,none,0,-5.0432855464569295,6.370744474091455,-131.82416098873244,0
35,19.5,11.543797701334654,1,idle,none,0,-6.692211447443225,6.776862314669479,-131.63865006903626,0
35,20.0,11.491212669761694,1,idle,none,0,-5.739832238638019,7.193481656681646,-132.98036291836817,0
35,20.5,13.320827930547807,1,idle,none,0,-6.275629437547663,7.623142281231026,-136.0768610997572,0
35,21.0,16.20366765515888,1,idle,none,0,-7.046209185075409,8.059744550645402,-140.0372167667331,0
35,21.5,19.304746388168837,0,none,,0,,8.503522724718257,-144.0495378069553,0
35,22.0,22.475417739816294,0,none,,0,,8.965672563316799,-148.03447581045538,1
35,22.5,24.55640619904142,0,none,,0,,9.448431038381937,-150.86082903554984,1
35,23.0,24.672490081628496,0,none,,0,,9.95255322442234,-151.694485255171,1
35,23.5,21.685654726709913,0,none,,0,,10.478027567668725,-149.4595734718138,1
35,24.0,15.918922821727051,0,none,,0,,10.99517745403789,-144.4601013264805,1
35,24.5,9.238889242649577,0,none,,0,,11.478196439852795,-138.5029427797689,1
35,25.0,2.6015352130546034,0,none,,0,,11.930375021489914,-132.55821239574936,1
35,25.5,-3.1616749008728675,0,none,,0,,12.369497527007756,-127.53955753703326,1
35,26.0,-7.696775439177657,0,none,,0,,12.801084521676414,-123.81989589644513,1
35,26.5,-11.297820090909454,0,none,,0,,13.217812265026332,-121.05171147205061,1
35,27.0,-13.628077962215514,0,none,,0,,13.616138480819405,-119.51962297727596,1
35,27.5,-14.552900367468112,0,none,,0,,13.998058537146388,-119.33065993676462,1
35,28.0,-14.39908852786931,0,none,,0,,14.37063861785468,-120.17435055778071,1
35,28.5,-13.540605079192744,0,none,,0,,14.73972918228348,-121.68936029988868,1
35,29.0,-12.656948131398224,0,none,,0,,15.105789017320934,-123.18897783556508,1
35,29.5,-12.272245328241297,0,none,,0,,15.467267276407446,-124.1459597699764,1
35,30.0,-12.463415567752634,0,none,,0,,15.82543988560961,-124.50031915816851,0
35,30.5,-13.283671950338714,0,none,,0,,16.181502246060465,-124.21560473533157,0
35,31.0,-14.876440286289437,0,none,,0,,16.53560027678997,-123.16352178346665,0
35,31.5,-16.81662743488795,0,none,,0,,16.885039430004674,-121.76366731424952,0
35,32.0,-18.61956487542011,0,none,,0,,17.22874201565345,-120.49471210447427,0
35,32.5,-19.91523709574892,0,none,,0,,17.567376128537347,-119.72375740556407,0
35,33.0,-20.65112859893634,0,none,,0,,17.903834715646042,-119.50989207766304,0
36,0.0,0.0,0,none,,0,,7.269666475497845,17.470207982756733,0
36,0.5,-0.05844677694113898,0,none,,0,,6.878997235736195,16.372903874730582,0
36,1.0,-0.34607893868042083,0,none,,0,,6.5064662972238025,15.337306556237593,0
36,1.5,-0.9074204594120943,1,engaged,crossing,1,6.212643366233861,6.1511438049215865,14.397876462252952,0
36,2.0,-1.632181625754356,1,engaged,crossing,1,7.470914873666173,5.8102949097014,13.433885758405154,0
36,2.5,-2.362775749260834,1,engaged,crossing,1,6.194671641968825,5.483226171680078,12.266233450842947,0
36,3.0,-2.667282504023035,1,engaged,crossing,1,6.428085213177953,5.171154210570779,10.423741001378744,0
36,3.5,-2.2543312226735566,1,engaged,crossing,1,4.9356076061717955,4.874293229543327,7.568157682046547,0
36,4.0,-1.1613375865582043,1,engaged,crossing,1,5.003282338769345,4.5939728743738515,3.687178824506816,0
36,4.5,0.47309218059672276,1,engaged,crossing,1,4.354010513812039,4.331751362756028,-1.1296088790094814,0
36,5.0,2.477936417374167,1,engaged,crossing,1,3.419919475340998,4.089333623662742,-6.758223131769341,0
36,5.5,4.8094227362065,1,engaged,crossing,1,3.8295272993475944,3.867354354569808,-13.206978971951287,0
36,6.0,7.710340231624343,1,engaged,crossing,1,3.192714039944157,3.667200537911234,-20.789171992682952,0
36,6.5,11.350801450234712,1,engaged,crossing,1,2.5541593370875564,3.4910618107506948,-29.766449794456406,0
36,7.0,15.904820449282909,1,engaged,crossing,1,1.6854441889528429,3.330801543688911,-40.59453058674836,0
36,7.5,21.590763306824442,1,engaged,crossing,1,1.023946885488927,3.1946980495408708,-53.86031836922555,0
36,8.0,28.31245963522656,1,engaged,crossing,1,0.7799197061597294,3.11817385684743,-69.4902817013248,0
36,8.5,35.68518219430649,1,engaged,crossing,1,0.3045597256191377,3.1387792936195784,-86.6520420617141,0
36,9.0,42.99466868598171,1,clearing,crossing,1,-0.7865476619748893,3.2804789902477824,-103.67291315043104,0
36,9.5,49.38407019437585,1,clearing,crossing,1,-1.2204081474944652,3.5369360684903657,-118.58888576728508,0
36,10.0,52.28783703150208,1,clearing,crossing,1,-1.8744599030164137,3.8731691330692644,-128.4054920921589,1
36,10.5,50.78866382831967,1,clearing,crossing,1,-2.4937929878820366,4.253039988452597,-132.410694024537,1
36,11.0,45.51812053999481,1,clearing,crossing,1,-3.505363830874526,4.651848612283693,-131.60471254536503,1
36,11.5,37.43746663292433,1,clearing,crossing,1,-4.08375470109754,5.059504213341023,-127.33132478692258,1
36,12.0,27.677024905854978,1,idle,none,0,-3.9902212104343957,5.466388109158567,-120.9141859648535,1
36,12.5,17.232156471745668,1,idle,none,0,-4.229631599337092,5.8715402027150425,-113.56292709608938,1
36,13.0,6.958911467911889,1,idle,none,0,-4.682211938098222,6.269787736316604,-106.16662481210682,1
36,13.5,-1.9451937120056186,1,idle,none,0,-4.487760002920601,6.653699671076209,-99.88927261731453,1
36,14.0,-7.724374303635102,1,idle,none,0,-5.378507462819218,7.027002023867341,-96.5764494791809,1
36,14.5,-9.945845922540343,1,idle,none,0,-4.936866585080899,7.396670775193208,-96.7666083800201,1
36,15.0,-10.95648242486834,1,idle,none,0,-5.00439945991855,7.767750203808933,-98.190755501512,1
36,15.5,-12.901812666958278,1,idle,none,0,-5.3502357010493675,8.13846507641354,-98.62700458180086,1
36,16.0,-16.38796145796198,1,idle,none,0,-6.331637883383834,8.502877712173186,-97.39222669709403,1
36,16.5,-21.078088626136662,0,none,,0,,8.854130351489534,-94.75631433403436,1
36,17.0,-26.10076937860748,0,none,,0,,9.187712469488746,-91.50500554690956,1
36,17.5,-30.58427162280242,0,none,,0,,9.504127520987444,-88.4926190383087,2
36,18.0,-33.73217733315175,0,none,,0,,9.807081006410677,-86.61529092700437,2
36,18.5,-34.72309807228805,1,idle,none,0,-9.39562363160542,10.102450814209206,-86.73885334197081,2
36,19.0,-34.040126485078076,1,idle,none,0,-10.824521338046424,10.394434734638528,-88.42174247757976,2
36,19.5,-31.67976515281822,1,idle,none,0,-11.216077991344612,10.687563486393515,-91.7552247436468,2
36,20.0,-27.700661755255112,1,idle,none,0,-11.9249004844563,10.98829910016724,-96.70830727859015,2
36,20.5,-22.191322210683722,1,idle,none,0,-11.949940431190386,11.306613289513777,-103.2717453846634,2
36,21.0,-15.477987252435298,0,none,,0,,11.655087946744457,-111.14622253173468,2
38,0.0,0.0,0,none,,0,,5.624674662178701,56.430484942296204,0
38,0.5,0.25460842253147575,0,none,,0,,5.329326639400851,57.63065478113819,0
38,1.0,1.6471048029382018,0,none,,0,,5.022818743394535,58.06413730054976,0
38,1.5,4.446041639234863,0,none,,0,,4.703754340990693,57.515233010041015,0
38,2.0,8.475175602292637,1,engaged,crossing,1,4.15667408158061,4.373291627442236,56.1765093621641,0
38,2.5,12.993318528567215,1,engaged,crossing,1,3.9760624191710923,4.042350893329972,54.63847903737749,0
38,3.0,16.644540633918524,1,engaged,crossing,1,3.4284614573029315,3.7238168918372105,54.09217107988957,0
38,3.5,19.197403053802134,1,engaged,crossing,1,3.739776527626133,3.4178944589133526,54.86319965355659,0
38,4.0,21.24577344829521,1,engaged,crossing,1,2.573484105114906,3.111123871849869,56.832261069925664,0
38,4.5,23.64461144125849,1,engaged,crossing,1,2.2551540125154546,2.796303803010045,59.77303031565336,0
38,5.0,27.20954742550967,1,engaged,crossing,1,1.7436288809899854,2.483536429650679,63.328569389503656,0
38,5.5,32.125736377383106,1,engaged,crossing,1,0.9741951129164229,2.189386442865305,67.86264791934656,0
38,6.0,37.78849849952567,1,engaged,crossing,1,0.5670891617898763,1.942213158569978,74.23640922307325,0
38,6.5,42.34940100779596,1,engaged,crossing,1,0.39253037908668353,1.775415988556818,83.67736491194285,0
38,7.0,44.029194800317526,1,clearing,crossing,1,-0.020485099332771504,1.708337257253947,96.83953701880563,0
38,7.5,41.79766399142926,1,clearing,crossing,1,-0.4741446731209436,1.7473459091853978,113.46083948416606,0
38,8.0,35.643211183510545,1,clearing,crossing,1,-1.1387441274891383,1.8959085476585007,132.46447621865548,0
38,8.5,26.649481883367855,1,clearing,crossing,1,-1.582181359163982,2.1467502486967156,151.75387388416186,0
38,9.0,16.609579738361106,1,clearing,crossing,1,-2.0976384891343276,2.46267217674888,169.13626847886485,0
38,9.5,7.653172175404023,1,clearing,crossing,1,-2.6136018853065743,2.81141862038784,-176.88921014946396,0
38,10.0,1.572203567689769,1,clearing,crossing,1,-3.64955115396751,3.1702808498375243,-167.34440329121495,0
38,10.5,-1.3301439183701405,1,clearing,crossing,1,-4.349076892737019,3.5224844064076826,-161.9239187804764,0
38,11.0,-1.0348390973237258,1,clearing,crossing,1,-5.082873499083689,3.8678707497055047,-160.2511775802705,0
38,11.5,2.150340047121972,1,clearing,crossing,1,-6.166926845912938,4.2151619629660395,-161.78993562647085,0
38,12.0,7.11169757978297,1,idle,none,0,-4.886073252640124,4.584140206574309,-165.34343396578365,0
38,12.5,13.133642447497209,1,idle,none,0,-4.91905537288167,4.978427190239633,-170.08347211626798,1
38,13.0,18.509861368272027,1,idle,none,0,-6.300050430642549,5.389082403129513,-174.22967553258277,1
38,13.5,20.414335818878897,1,idle,none,0,-5.885859557588946,5.814741063131917,-175.02350876288872,1
38,14.0,17.79212259579208,1,idle,none,0,-6.63175327052457,6.254103521090877,-171.5071898659078,1
38,14.5,11.333078903538677,1,idle,none,0,-7.678327872684232,6.7078403407872464,-164.45526255563604,1
38,15.0,2.5241702197556037,1,idle,none,0,-7.414360353495877,7.173915084906467,-155.409605729946,1
38,15.5,-6.6423071796109525,1,idle,none,0,-7.940252561280679,7.6395385908175895,-146.34160029507075,1
38,16.0,-14.49052609174771,1,idle,none,0,-9.02692278745375,8.080928562218974,-138.8021485403046,1
38,16.5,-20.181380494896075,1,idle,none,0,-9.35231731422932,8.489113332345825,-133.52284862309932,1
38,17.0,-24.098617619952847,1,idle,none,0,-10.729260188587306,8.870959115953116,-130.09554370915907,1
38,17.5,-26.848887360268805,1,idle,none,0,-11.214669146303267,9.233989181007258,-127.90985064131473,1
38,18.0,-28.631641505814912,1,idle,none,0,-9.897121769880613,9.58161425385318,-126.73442398871998,1
38,18.5,-29.787335010412505,1,idle,none,0,-9.311141251816393,9.916531966392117,-126.20267451179905,1
38,19.0,-30.876060427203697,1,idle,none,0,-9.374774572784663,10.241266330403041,-125.74879426733435,1
38,19.5,-32.1006074712742,1,idle,none,0,-12.450170937935855,10.553990396816372,-125.14369083182567,1
38,20.0,-33.0683439736722,0,none,,0,,10.85768124143083,-124.78642118896937,1
38,20.5,-33.02164533456869,0,none,,0,,11.155667836485756,-125.42349941724387,1
38,21.0,-32.04401755960032,0,none,,0,,11.45316116889317,-126.97317637043159,1
38,21.5,-29.564660670518663,0,none,,0,,11.753019080180422,-129.981122053008,0
38,22.0,-25.62425616022108,0,none,,0,,12.053905587307716,-134.354903306574,0
38,22.5,-20.70774682938236,0,none,,0,,12.359501816129233,-139.61245704051424,0
38,23.0,-15.552325653418393,0,none,,0,,12.672262383651454,-145.02457177806144,0
38,23.5,-11.133780120118217,0,none,,0,,12.990131351879008,-149.62162594687175,0
38,24.0,-8.059782315526604,0,none,,0,,13.313127919836646,-152.81369010174978,0
38,24.5,-6.475612271839395,0,none,,0,,13.63476052165797,-154.46167348083645,0
38,25.0,-6.032144946299354,0,none,,0,,13.954869541065092,-154.9322642577174,0
38,25.5,-6.130031173501266,0,none,,0,,14.279204928892266,-154.84684061781866,0
38,26.0,-6.516509900063284,0,none,,0,,14.604948953056839,-154.4603495796448,0
38,26.5,-7.001363056169566,0,none,,0,,14.929930916344981,-153.96476660445137,0
38,27.0,-7.240328206167533,0,none,,0,,15.253771043502004,-153.70433158799665,0
38,27.5,-7.095400682373793,0,none,,0,,15.581957081959144,-153.82536260886968,0
