estop,idx,width,dcpa,coll_target,outcome,estops,u_min
on,0,5.044964366615236,1.1610102603999974,False,goal,1,0.026840191783489807
on,1,4.999999999999998,1.1532522249845545,False,goal,0,0.5859218489817081
on,2,5.0,1.0548264325212529,False,goal,0,0.5508114578901238
on,3,4.999999999999999,0.03670725630003924,True,target,2,0.00940233008032097
on,4,4.415696545423335,0.7870190103627532,False,boundary,1,0.023052892355149873
on,5,5.032907986875176,1.1594090426277182,True,target,2,0.0358109485348459
on,6,4.869448784480107,0.4570427385228544,False,goal,0,0.5253276429920517
on,7,5.0366771833384725,0.8932258039252212,False,goal,1,0.01792583434643328
on,8,4.659191839445868,0.5419955389240594,True,target,2,0.01131770450356388
on,9,4.999999999999999,0.37413948972481004,False,boundary,1,0.04432606547472631
on,10,5.0,1.3472959214865994,False,goal,0,0.5532417584415037
on,11,4.968751119528688,0.04001909622158317,True,target,2,0.04383644694272715
on,12,4.914547501044645,1.1675514419324189,True,target,0,0.4216879321012717
on,13,5.005537710139628,1.3391572103818132,False,goal,0,0.5105560274772522
on,14,4.926702222628319,1.3960193236397112,False,goal,0,0.5548027972677299
on,15,5.0,1.8290081990792668,False,goal,0,0.47062969489857764
on,16,5.081094812806886,0.014278637154533813,True,target,2,0.035387725094465174
on,17,5.0,1.0531590099560793,True,target,0,0.4899039328679863
on,18,4.714898798648277,0.08594449996880371,True,target,2,0.01067902993875922
on,19,4.688847854912078,1.3885356859153797,True,target,0,0.1653143067570419
on,20,6.053957239938283,1.1610102603999974,True,target,1,0.022755943712674327
on,21,6.0,1.1532522249845545,False,goal,0,0.5824184558430429
on,22,5.999999999999999,1.0548264325212529,False,goal,0,0.5586622883444059
on,23,5.999999999999999,0.03670725630003924,True,target,1,0.020932807404053306
on,24,5.298835854508,0.7870190103627532,False,boundary,1,0.04564179905189484
on,25,6.039489584250211,1.1594090426277182,True,target,1,0.020923501194161972
on,26,5.843338541376127,0.4570427385228544,False,goal,0,0.5524889880781708
on,27,6.044012620006167,0.5317459855422795,False,goal,0,0.3641057630723358
on,28,5.591030207335043,0.011739362685243115,False,goal,0,0.5100722705591992
on,29,6.0,0.37413948972481004,False,goal,1,0.02229617026532167
on,30,5.9034460921538585,1.4743688155362717,False,goal,1,0.04886286021412184
on,31,6.0,1.3472959214865994,False,goal,0,0.5476006242634214
on,32,5.962501343434427,0.04001909622158317,True,target,2,0.007198282551292136
on,33,5.897457001253573,0.8918293425608059,True,target,2,0.023108179578809916
on,34,6.006645252167553,1.3391572103818132,False,goal,0,0.47110340402860784
on,35,5.912042667153984,1.3960193236397112,False,goal,0,0.5557332601543952
on,36,5.999999999999998,1.8290081990792668,False,goal,0,0.49966688968888817
on,37,6.004268040872987,1.2199365365344372,False,goal,0,0.45089299471467403
on,38,6.0973137753682645,0.6135191627434522,False,goal,0,0.5514287881500098
on,39,5.999999999999999,0.14137351270705856,False,goal,0,0.5285077206334516
on,40,7.06295011326133,1.1610102603999974,False,goal,0,0.5397643406863026
on,41,6.999999999999999,0.5309420280403896,False,goal,0,0.522734047180536
on,42,6.999999999999998,1.0548264325212529,False,goal,0,0.5367985688185826
on,43,6.999999999999999,0.03670725630003924,True,target,1,0.010013206466629577
on,44,6.181975163592668,0.7870190103627532,False,goal,0,0.5597593100871319
on,45,7.046071181625245,1.1594090426277182,True,target,1,0.029755627919434417
on,46,6.817228298272148,0.4570427385228544,False,boundary,1,0.004680586964861872
on,47,7.05134805667386,1.8903711810709838,False,goal,0,0.5325844070575114
on,48,6.522868575224217,0.660787727619307,False,goal,0,0.5373081830581157
on,49,7.0,0.37413948972481004,True,target,1,0.04354057202101494
on,50,6.887353774179502,0.8568397995754622,False,goal,0,0.4010676105515988
on,51,6.999999999999998,1.3472959214865994,False,goal,0,0.5436079864205989
on,52,6.956251567340164,0.04001909622158317,False,goal,0,0.5716605648864985
on,53,6.880366501462503,0.8918293425608059,True,target,1,0.04146663365046131
on,54,7.007752794195478,1.3391572103818132,False,goal,0,0.5211720648311301
on,55,6.897383111679649,1.3960193236397112,False,goal,0,0.5745238845722683
on,56,6.999999999999999,1.8290081990792668,False,goal,0,0.5278355208877247
on,57,7.004979381018484,0.3852504113926303,True,target,0,0.4296003032844696
on,58,7.113532737929641,0.6135191627434522,False,goal,0,0.5220543049441373
on,59,6.999999999999999,0.14137351270705856,False,goal,0,0.57086338158838
on,60,8.071942986584375,1.1610102603999974,False,goal,0,0.557528999802512
on,61,7.999999999999998,0.5309420280403896,True,target,0,0.46724650068419715
on,62,7.999999999999998,1.0548264325212529,False,goal,0,0.4852291976122853
on,63,7.999999999999998,0.03670725630003924,True,target,0,0.523539816184481
on,64,7.065114472677336,0.7870190103627532,False,goal,0,0.555212097249133
on,65,8.052652779000283,1.1594090426277182,True,target,0,0.5895288800446311
on,66,7.7911180551681705,0.4570427385228544,False,goal,0,0.5593545456790641
on,67,8.058683493341555,1.8903711810709838,False,goal,0,0.5507664897097887
on,68,7.45470694311339,0.660787727619307,False,goal,0,0.570978349652383
on,69,8.0,0.5039496003729844,False,goal,0,0.4962373587861972
on,70,7.871261456205144,1.8533873149793867,False,goal,0,0.5624498294918703
on,71,7.999999999999998,1.3472959214865994,False,goal,0,0.565584209326898
on,72,7.950001791245903,0.04001909622158317,False,goal,0,0.5673621856061783
on,73,7.863276001671432,1.7471811503729884,False,goal,0,0.5296516337238458
on,74,8.008860336223405,1.3391572103818132,False,goal,0,0.5694994203885243
on,75,7.882723556205311,1.3960193236397112,False,goal,0,0.5694151526923951
on,76,7.999999999999998,1.8290081990792668,False,goal,0,0.5413394618345686
on,77,8.005690721163983,0.3852504113926303,False,goal,0,0.5514534707597472
on,78,8.129751700491019,0.6135191627434522,False,goal,0,0.5205229419677011
on,79,7.999999999999998,0.14137351270705856,False,goal,0,0.5728041272125339
on,80,10.089928733230472,1.1610102603999974,False,goal,0,0.5349854056118909
on,81,9.999999999999996,0.5309420280403896,False,goal,0,0.5481805486486844
on,82,10.0,1.0548264325212529,False,goal,0,0.5632201779127239
on,83,9.999999999999998,0.03670725630003924,True,target,0,0.13346041662212152
on,84,8.83139309084667,0.7870190103627532,False,goal,0,0.5111274545763389
on,85,10.065815973750352,1.1594090426277182,False,goal,0,0.5742878567195471
on,86,9.738897568960214,0.4570427385228544,False,goal,0,0.5251531329845751
on,87,10.073354366676945,1.8903711810709838,False,goal,0,0.5578124100297499
on,88,9.318383678891736,0.660787727619307,False,goal,0,0.5613585079887224
on,89,9.999999999999998,0.5039496003729844,False,goal,0,0.5483385117750537
on,90,9.839076820256432,1.8533873149793867,False,goal,0,0.5324381552607708
on,91,10.0,1.3472959214865994,False,goal,0,0.5560848838529641
on,92,9.937502239057377,0.04001909622158317,False,goal,0,0.5671227777638607
on,93,9.82909500208929,1.7471811503729884,False,goal,0,0.5551638170402676
on,94,10.011075420279257,1.3391572103818132,False,goal,0,0.5578213209661081
on,95,9.853404445256638,1.3960193236397112,False,goal,0,0.5611054888507615
on,96,10.0,1.8290081990792668,False,goal,0,0.5264211569833738
on,97,10.007113401454978,0.3852504113926303,False,goal,0,0.5704912391317901
on,98,10.162189625613772,0.6135191627434522,False,goal,0,0.5094868823230819
on,99,10.0,0.14137351270705856,False,goal,0,0.5691833536808049
off,0,5.044964366615236,1.1610102603999974,False,goal,0,0.5399836901554063
off,1,4.999999999999998,1.1532522249845545,False,goal,0,0.5859218489817081
off,2,5.0,1.0548264325212529,False,goal,0,0.5666309500071905
off,3,4.999999999999999,0.03670725630003924,True,target,0,0.5326279825108483
off,4,4.415696545423335,0.7870190103627532,False,goal,0,0.5512687684663993
off,5,5.032907986875176,1.1594090426277182,False,goal,0,0.5250227229940574
off,6,4.869448784480107,0.4570427385228544,False,goal,0,0.5243549984724131
off,7,5.0366771833384725,0.8932258039252212,False,goal,0,0.37719396283634093
off,8,4.659191839445868,0.5419955389240594,False,goal,0,0.5154166305311018
off,9,4.999999999999999,0.37413948972481004,False,boundary,0,0.5259397047420119
off,10,5.0,1.3472959214865994,False,goal,0,0.5556601452854824
off,11,4.968751119528688,0.04001909622158317,True,target,0,0.49596507686309294
off,12,4.914547501044645,1.1675514419324189,False,goal,0,0.5051252374398001
off,13,5.005537710139628,1.3391572103818132,False,goal,0,0.4802330042007464
off,14,4.926702222628319,1.3960193236397112,False,goal,0,0.5558469546931756
off,15,5.0,1.8290081990792668,False,goal,0,0.5054538777539265
off,16,5.081094812806886,0.014278637154533813,True,target,0,0.461478832095478
off,17,5.0,1.0531590099560793,True,target,0,0.521897756878042
off,18,4.714898798648277,0.08594449996880371,True,target,0,0.4609523501448636
off,19,4.688847854912078,1.3885356859153797,False,goal,0,0.4417121851412894
off,20,6.053957239938283,1.1610102603999974,False,goal,0,0.5232278689834947
off,21,6.0,1.1532522249845545,False,goal,0,0.5824184558430429
off,22,5.999999999999999,1.0548264325212529,False,goal,0,0.5587340722173649
off,23,5.999999999999999,0.03670725630003924,True,target,0,0.29703810098519934
off,24,5.298835854508,0.7870190103627532,False,goal,0,0.5344934150260863
off,25,6.039489584250211,1.1594090426277182,False,goal,0,0.5324782779925847
off,26,5.843338541376127,0.4570427385228544,False,goal,0,0.5463906413240526
off,27,6.044012620006167,0.5317459855422795,False,goal,0,0.36707421946750524
off,28,5.591030207335043,0.011739362685243115,False,goal,0,0.4997971217786767
off,29,6.0,0.37413948972481004,False,goal,0,0.491985334125449
off,30,5.9034460921538585,1.4743688155362717,True,target,0,0.09269652932650267
off,31,6.0,1.3472959214865994,False,goal,0,0.5510546463047019
off,32,5.962501343434427,0.04001909622158317,True,target,0,0.5125392904161243
off,33,5.897457001253573,0.8918293425608059,False,goal,0,0.5652708657857692
off,34,6.006645252167553,1.3391572103818132,False,goal,0,0.45462611020813243
off,35,5.912042667153984,1.3960193236397112,False,goal,0,0.5545156534552051
off,36,5.999999999999998,1.8290081990792668,False,goal,0,0.48927200455368547
off,37,6.004268040872987,1.2199365365344372,False,goal,0,0.4732063245339667
off,38,6.0973137753682645,0.6135191627434522,False,goal,0,0.5606762799556794
off,39,5.999999999999999,0.14137351270705856,False,goal,0,0.5373353789941109
off,40,7.06295011326133,1.1610102603999974,False,goal,0,0.5210833683549773
off,41,6.999999999999999,0.5309420280403896,False,goal,0,0.529639883660126
off,42,6.999999999999998,1.0548264325212529,False,goal,0,0.5223537760119324
off,43,6.999999999999999,0.03670725630003924,True,target,0,0.5197993976116474
off,44,6.181975163592668,0.7870190103627532,False,goal,0,0.5412813672636437
off,45,7.046071181625245,1.1594090426277182,True,target,0,0.5634435258014314
off,46,6.817228298272148,0.4570427385228544,False,goal,0,0.5596392603449647
off,47,7.05134805667386,1.8903711810709838,False,goal,0,0.5324431101509356
off,48,6.522868575224217,0.660787727619307,False,goal,0,0.5385566978072107
off,49,7.0,0.37413948972481004,False,goal,0,0.4985488358080236
off,50,6.887353774179502,0.8568397995754622,False,goal,0,0.3567214984855871
off,51,6.999999999999998,1.3472959214865994,False,goal,0,0.5503554119241395
off,52,6.956251567340164,0.04001909622158317,False,goal,0,0.5716605648864985
off,53,6.880366501462503,0.8918293425608059,True,target,0,0.49741687860906614
off,54,7.007752794195478,1.3391572103818132,False,goal,0,0.5404613144707175
off,55,6.897383111679649,1.3960193236397112,False,goal,0,0.5713656086404253
off,56,6.999999999999999,1.8290081990792668,False,goal,0,0.5454793792611841
off,57,7.004979381018484,0.3852504113926303,False,goal,0,0.49466240078827145
off,58,7.113532737929641,0.6135191627434522,False,goal,0,0.5355147703230302
off,59,6.999999999999999,0.14137351270705856,False,goal,0,0.57086338158838
off,60,8.071942986584375,1.1610102603999974,False,goal,0,0.5186684159832912
off,61,7.999999999999998,0.5309420280403896,True,target,0,0.2804678674736621
off,62,7.999999999999998,1.0548264325212529,False,goal,0,0.488498341233143
off,63,7.999999999999998,0.03670725630003924,True,target,0,0.24392509620436748
off,64,7.065114472677336,0.7870190103627532,False,goal,0,0.5566197082837945
off,65,8.052652779000283,1.1594090426277182,False,goal,0,0.5895288800446311
off,66,7.7911180551681705,0.4570427385228544,False,goal,0,0.5749016495997377
off,67,8.058683493341555,1.8903711810709838,False,goal,0,0.5511164727106854
off,68,7.45470694311339,0.660787727619307,False,goal,0,0.570978349652383
off,69,8.0,0.5039496003729844,False,goal,0,0.513313107399704
off,70,7.871261456205144,1.8533873149793867,False,goal,0,0.5497461277093548
off,71,7.999999999999998,1.3472959214865994,False,goal,0,0.565584209326898
off,72,7.950001791245903,0.04001909622158317,False,goal,0,0.5673621856061783
off,73,7.863276001671432,1.7471811503729884,False,goal,0,0.521273472251112
off,74,8.008860336223405,1.3391572103818132,False,goal,0,0.5552833766630394
off,75,7.882723556205311,1.3960193236397112,False,goal,0,0.5694151526923951
off,76,7.999999999999998,1.8290081990792668,False,goal,0,0.5325701658604057
off,77,8.005690721163983,0.3852504113926303,False,goal,0,0.5643559748485208
off,78,8.129751700491019,0.6135191627434522,False,goal,0,0.517242340296711
off,79,7.999999999999998,0.14137351270705856,False,goal,0,0.5593935726504982
off,80,10.089928733230472,1.1610102603999974,False,goal,0,0.5535401471825248
off,81,9.999999999999996,0.5309420280403896,False,goal,0,0.577096243673504
off,82,10.0,1.0548264325212529,False,goal,0,0.5632201779127239
off,83,9.999999999999998,0.03670725630003924,True,target,0,0.26804254956384266
off,84,8.83139309084667,0.7870190103627532,False,goal,0,0.5279760029071493
off,85,10.065815973750352,1.1594090426277182,False,goal,0,0.558575637469991
off,86,9.738897568960214,0.4570427385228544,False,goal,0,0.5265059415525325
off,87,10.073354366676945,1.8903711810709838,False,goal,0,0.5342978975397794
off,88,9.318383678891736,0.660787727619307,False,goal,0,0.5613585079887224
off,89,9.999999999999998,0.5039496003729844,False,goal,0,0.5516524015430287
off,90,9.839076820256432,1.8533873149793867,False,goal,0,0.5445867393004404
off,91,10.0,1.3472959214865994,False,goal,0,0.5593308999375888
off,92,9.937502239057377,0.04001909622158317,False,goal,0,0.5671227777638607
off,93,9.82909500208929,1.7471811503729884,False,goal,0,0.564348011428032
off,94,10.011075420279257,1.3391572103818132,False,goal,0,0.5562471970608809
off,95,9.853404445256638,1.3960193236397112,False,goal,0,0.5611054888507615
off,96,10.0,1.8290081990792668,False,goal,0,0.4907435525097938
off,97,10.007113401454978,0.3852504113926303,False,goal,0,0.5735569498421297
off,98,10.162189625613772,0.6135191627434522,False,goal,0,0.5277855200198353
off,99,10.0,0.14137351270705856,False,goal,0,0.5687741848888405
