#{"t_start": 1776864253.4520354, "env_id": "None"}
r,l,t
-1017.31537,145,18.017985
-977.3625,216,18.296309
-1035.2551,280,18.556499
-1018.9485,333,18.775553
-1068.9661,380,19.006738
-1013.2591,385,19.03686
-1029.5824,246,19.067931
-976.49805,392,19.075629
-1127.3202,404,19.146888
-990.5737,145,19.857965
-999.6885,184,20.032574
-1002.68787,410,20.30188
88.30419,364,20.404303
-1105.7856,355,21.004913
-1008.0681,384,21.030969
-1090.9988,432,21.036966
81.747986,379,21.070058
-963.77106,267,21.24817
-1044.3462,290,21.83965
-1030.1708,183,21.976084
-1057.0383,378,22.003037
-992.97,162,22.094969
-1026.0938,244,22.360828
-1018.2179,405,26.518101
-1032.1438,289,26.548017
-1024.2444,388,27.035647
-979.51904,289,27.514127
-1083.0134,319,27.582795
-980.0588,274,27.68989
-1065.4685,244,27.709934
-1035.563,368,27.799993
-1021.00854,407,27.870127
-1079.3171,276,28.412392
-1021.6236,174,28.484587
-1005.91437,411,28.618147
-1033.0115,286,29.190108
-1014.5606,159,29.291002
-1056.6337,396,29.533556
-1026.7362,367,29.567122
-1067.3416,370,29.755708
-1051.9757,389,29.786334
-1079.8641,285,30.046203
-971.3124,332,30.099269
-993.8862,237,30.84411
-1011.0614,160,31.021679
-1016.83716,194,31.185568
-1007.6721,391,31.338401
-1043.7664,378,31.382166
65.848,362,31.596491
-1102.2885,380,35.780476
-1092.9896,401,35.860601
-1006.54114,197,36.113053
-1008.6792,277,36.406725
-1031.8497,286,36.763759
-981.8733,373,36.780323
-1056.9924,286,36.944175
-991.2826,220,37.276234
-1075.018,397,37.308306
-993.2179,147,37.540536
-1038.2966,367,37.711579
103.76127,356,37.733113
-993.3629,130,37.940425
-1002.53986,111,38.269274
-1030.5792,374,38.338366
-1064.733,343,38.525347
-1006.3394,391,38.948057
-1020.2533,352,39.334977
-1058.0923,398,39.334977
-975.008,328,39.411577
-1057.5969,346,39.731922
-972.3593,367,40.161995
-1016.396,407,40.425222
-1002.749,210,40.475476
-1020.7794,388,40.507034
-979.4284,267,40.705702
-993.3537,213,40.802065
73.09624,381,40.897382
-1032.9413,316,44.302112
-988.9865,214,44.605131
-993.63446,146,45.455632
-966.5308,289,45.768219
84.09012,364,45.865404
-978.1884,385,45.889431
-1022.43536,387,45.952796
-1000.7866,138,46.196667
-990.6025,404,46.273227
-1052.9028,374,46.312577
-1029.0675,398,46.493228
-989.9906,176,47.100384
-983.2003,197,47.315756
-1006.50287,413,47.877324
32.224533,393,47.898229
-1015.7668,406,47.939989
-990.6633,201,48.110365
-1021.8669,443,48.209743
-1017.7494,430,48.447994
-984.0915,404,48.533057
-976.7762,275,48.69508
-1000.7696,348,52.408307
-1061.7216,413,52.724691
-1044.9229,420,52.802034
-1025.2175,262,52.816087
-960.9844,393,52.923776
-1012.95056,382,52.98334
-1068.0704,358,53.113505
-1085.932,389,53.421083
-964.95795,250,53.905671
-985.9939,269,54.380711
-973.54114,269,54.463155
-1076.4185,304,54.569521
-1068.9775,382,54.924862
-987.3972,401,55.190634
-1024.7278,383,55.224385
-1046.7292,378,55.444771
-992.03827,303,55.518635
-1007.5899,285,55.848274
-972.2036,276,56.311571
-1075.9758,410,56.552295
-1034.2372,398,56.592881
-1052.1233,374,57.099482
-1080.7966,388,57.139807
-1011.48474,368,57.288667
-1044.0225,396,57.503959
-974.13196,243,61.728123
-1022.8718,405,61.855594
-999.877,179,62.238127
-1009.8384,390,62.329912
-978.10547,378,62.533173
-1047.2699,243,62.82444
-1036.5345,361,63.018805
-1050.0471,398,63.286628
-1075.0079,318,63.564431
-1002.3102,373,63.920007
-1016.3485,362,64.172584
45.91157,396,64.424618
-985.1412,366,64.456554
-1099.1122,375,64.772594
-1061.206,348,64.82984
-994.1094,427,65.478486
-1045.0345,405,65.626981
-1035.5157,347,65.691504
-1014.4739,249,65.726641
-989.334,331,65.853263
-1024.8698,369,66.301345
-969.2954,379,66.75704
-1013.65826,395,66.785
-1021.7747,246,66.870386
-978.18256,307,67.030888
-1076.4724,350,71.383271
-986.6015,240,71.404292
-1017.7768,379,71.517839
-1078.835,372,73.930531
-964.7079,253,74.374257
-1024.2423,301,74.544215
-1001.45483,166,74.571534
-989.2614,156,74.636412
-968.91156,230,74.933666
-1010.328,404,75.07506
-1053.7056,353,75.085914
-986.8007,239,75.649628
-999.3839,123,75.732983
-971.9289,242,75.841927
-998.2163,179,75.895563
-977.5687,247,75.895563
-1073.1123,404,76.108648
-1070.1666,288,76.193047
-996.8855,137,76.392954
-994.93134,139,76.97792
-976.30475,225,77.186305
-988.3679,255,77.298285
-977.19965,248,77.31488
-1051.0417,410,77.365613
-990.3005,324,77.583578
-999.84064,126,78.025549
-1015.49066,152,78.20381
-968.338,244,78.504655
-1070.3209,402,78.628625
-1094.6002,471,78.705875
-1101.5121,411,81.782812
-1058.637,395,81.96216
-1049.6934,273,81.997953
-1019.802,402,82.243306
-970.1757,253,82.3742
-1027.3124,224,82.434816
-1040.9406,379,82.712026
-1050.4667,384,83.299042
-1028.0491,336,83.876159
-1015.1353,393,83.946549
-1093.3109,357,83.954109
-1046.3068,363,84.302709
-1058.1753,362,84.455085
-1009.9455,126,84.612365
-1061.9547,376,84.618903
-999.47845,282,84.882141
-1017.1459,167,84.903186
-1106.0594,410,85.069376
-1060.5673,316,85.650131
-985.1692,191,86.044446
-1025.5222,319,86.118001
-1071.368,352,86.160559
-1060.5121,316,86.238397
-1077.3368,404,86.682525
-966.0886,368,86.756895
-1002.1447,380,86.792638
-995.60455,149,90.81805
-1096.4634,357,91.384426
-966.94904,269,91.402398
-1085.6857,345,91.856374
-1031.7653,384,91.962766
-1003.57025,131,92.116737
-977.8805,368,92.615152
-1079.0962,383,92.732028
-964.1771,271,92.824554
-1068.4471,431,92.849602
-1086.9005,423,93.105026
-976.65027,220,93.726803
-1109.5422,389,93.850795
-1031.9977,375,93.871049
-1021.6313,238,93.936134
-996.5374,169,93.963147
-1086.6266,382,94.080413
-1101.7649,371,94.712654
-1043.4706,419,94.989579
-985.6316,211,95.029135
-971.52246,268,95.236718
-1073.3691,287,95.378422
-1085.8904,311,95.598447
-1100.0577,360,95.614988
-1001.83484,375,96.016835
-1034.72,277,96.15515
-1027.5023,264,99.539823
-976.6278,224,99.581944
-967.8707,230,99.753467
-1035.4834,223,99.998168
-1072.0422,376,100.244874
-990.31683,162,100.257905
-1012.37305,304,100.43217
-991.17426,151,100.464888
-967.6841,258,100.630415
-985.2417,182,101.010432
-973.8803,260,101.216083
-1089.0704,321,101.315465
-988.8325,335,101.979846
-1046.2416,353,102.251673
-1046.7034,323,102.25726
-1104.381,416,102.391991
-1051.1818,413,102.6016
-1050.4098,316,102.644905
-961.63727,385,103.211928
-988.7743,212,103.436627
-1082.0974,430,103.569665
-1064.8373,342,103.818134
-1047.8367,273,104.060205
-1000.1527,397,104.490604
-1083.7131,421,104.496547
-1039.0613,273,104.598001
-1009.27136,277,108.004494
-1125.9027,472,108.074749
-979.4942,201,108.142064
-997.8128,392,108.580159
-1032.4891,219,108.905396
-1116.7513,429,109.219039
-1061.2,306,109.288602
-970.84894,365,109.645938
-1037.2004,272,109.774112
-983.3139,307,109.865766
-1023.53577,315,109.961616
-1011.9751,186,109.996703
-1066.0592,370,110.641737
-982.4804,255,110.687984
-1043.158,282,111.1125
-998.5369,249,111.134342
-1064.0432,390,111.312952
-987.72754,171,111.508524
-1063.1562,331,111.644339
-1102.2811,350,111.770224
-1057.4017,400,111.822633
-1081.3982,386,112.656645
-1001.8486,247,112.773998
-1056.7997,340,112.857064
-1017.407,212,112.868084
-1018.35364,284,113.10088
89.139145,386,113.110538
-1024.4335,258,113.146717
-1070.5278,461,117.049577
-1046.518,244,117.547288
-976.245,209,117.667991
-1037.6797,280,117.753402
-959.30804,260,117.904574
-1084.5784,408,118.198571
-1032.7235,322,118.215239
-1062.2035,430,118.430597
-1036.4126,258,118.44809
-999.66156,123,118.518287
-1071.3223,275,118.969589
-1057.8237,283,119.186207
-973.30493,218,119.320134
-973.0548,220,119.575804
-1112.6998,430,119.86965
-1060.4453,348,119.99315
-993.98755,337,120.319275
-1085.7904,401,120.539787
-1070.9906,260,120.70659
-1051.0571,298,120.769685
-1012.887,215,121.034475
-1073.7429,407,121.122691
-1051.4746,373,121.574868
-1108.5659,384,122.076136
-1064.1895,279,126.19283
-955.6783,297,126.233322
-1012.6028,244,126.273997
-1078.1411,392,126.300382
-1075.0225,421,126.703746
-1024.92,256,126.8357
-1085.5546,359,126.95163
-994.16565,190,126.991066
-1039.4894,268,130.584876
-1026.1238,257,130.596407
-1049.9196,338,130.919112
-1017.0393,243,131.207285
-1059.3569,396,131.30819
-1096.7598,393,131.79724
-1106.1355,385,131.898036
-1080.4508,399,132.051937
-996.5005,209,132.05694
-1010.3661,208,132.414922
-1055.698,271,132.653374
-964.5096,247,133.022225
-1057.55,478,133.108239
-1107.7474,516,133.314782
-1051.1919,319,133.506021
-1023.3014,322,133.707159
-977.35596,382,134.010255
-1044.4287,373,134.35515
-1043.7885,346,138.042887
-1074.0692,333,138.345723
-1085.4194,349,138.513649
-1085.5011,353,138.740631
-1014.24347,382,139.266446
-967.58514,425,139.288007
-1059.5935,336,139.338261
-1099.0605,380,139.89505
-1010.89386,243,139.979418
-1028.4279,316,140.119485
-1062.4575,408,140.128082
-1027.5493,183,140.228197
-974.2307,207,140.395807
-1037.7607,429,140.534799
-1030.5796,333,140.973173
-992.6916,275,141.311152
-993.65344,193,141.405401
-1019.7523,217,141.673861
-1043.1144,335,141.873547
-1091.0995,323,141.912867
-1045.8088,418,142.143922
-1119.6324,416,142.282714
-1061.6052,412,143.099619
-1036.8436,273,146.887096
-976.94183,394,146.95599
-1086.3287,408,147.107921
-970.2555,394,147.51327
-1126.8483,446,147.549773
-1086.4233,328,147.556397
-1074.7946,389,147.730333
-1082.7993,331,148.418068
-995.1897,329,148.55342
-980.5589,202,148.561622
-980.1601,235,148.717834
-1080.086,358,148.733184
-1093.0319,402,149.073099
-983.12494,207,149.536879
-988.9933,222,149.62112
-967.4561,398,149.702394
-1082.1234,441,149.749421
-1064.9128,284,150.15032
-1100.4901,407,150.416372
-984.18506,381,150.644979
-992.12646,187,150.693626
-1039.543,353,150.878157
-992.96967,204,151.180759
-1061.9442,378,151.461471
-1071.1343,388,151.61712
91.116905,374,151.623807
-992.028,159,151.714985
-975.02606,207,151.772281
-1068.0963,310,152.015502
-999.78314,130,155.222556
-1069.0114,350,155.443268
-1088.0222,344,156.066302
-1044.0599,332,156.328201
-1065.2864,399,156.876702
-1090.1749,341,157.013938
-962.166,399,157.083519
-967.8421,424,157.167957
-984.70575,176,157.386519
-1034.0435,332,157.455548
-1036.4792,419,157.726615
-1002.48944,144,158.180494
-1007.799,408,158.331876
-997.70215,241,158.408118
-971.6077,222,158.508049
-1052.7966,334,158.648089
-1013.71313,338,158.817275
-1027.1608,387,159.01475
-981.3845,206,159.215582
-1091.8623,412,159.808585
-963.5565,281,159.826519
-1029.8534,351,160.303537
-1027.7192,418,160.45686
-1025.4679,361,160.492252
-1002.1201,295,160.523015
-1053.7385,295,164.68722
-979.84216,199,164.798281
-1067.227,420,164.940896
-993.6247,153,165.053372
-1091.1422,453,166.104037
-1063.0018,358,166.246475
-1084.6556,340,166.424763
-1048.7227,426,166.653851
-1044.589,327,166.706341
-1023.73145,449,166.745097
-983.7235,398,166.825927
-1071.7687,378,166.85425
-990.2563,162,167.059942
-992.6854,193,167.811555
-1033.2708,404,168.130398
-973.8861,289,168.179838
-1083.7017,341,168.359175
-981.7162,390,168.375138
-1034.791,400,168.844964
-1010.8888,392,169.036996
-1058.7704,487,169.150213
-1033.8123,275,169.206502
-1018.793,185,169.29912
-978.67004,222,169.310827
-1054.1093,311,171.988168
-1040.2379,307,172.959506
-992.2658,279,173.001286
-1032.3224,456,173.102872
-1076.5349,391,173.265971
-976.70996,346,173.358278
-1027.2998,272,173.567064
77.76207,413,173.881497
-1012.0728,435,174.007933
-1093.5166,346,174.933369
-981.2288,194,175.062075
-1070.2573,388,175.214172
-976.3795,425,175.30125
-1085.7848,382,175.307255
-1046.8557,351,175.422105
-1045.0911,416,175.567978
-1039.7239,380,175.837171
-1019.86554,234,176.061526
-992.319,150,176.140227
-979.18854,242,176.395102
-1088.736,366,176.873394
-993.0523,178,176.970462
-984.68286,423,181.267099
-1048.5579,318,181.331825
-1029.1022,417,181.510695
-1078.5557,476,181.545387
-996.1113,146,182.052288
-1006.62665,412,182.153254
-1009.5141,154,182.361553
-1024.8234,451,182.643939
-1039.7845,360,182.7626
-1088.9001,438,186.73564
-978.8849,244,187.070634
-1048.408,354,187.166523
-1140.0999,468,187.48419
-992.02954,173,187.618002
-1081.2979,332,187.98945
-1126.6937,428,188.027319
-1087.5844,346,188.180297
-1054.0474,476,188.412717
-1027.0864,331,188.598736
-1015.278,328,188.952698
-1004.88654,220,189.120786
-1001.48145,125,189.143231
-995.4182,445,189.176716
-1028.818,296,189.329276
-1090.7698,422,189.52544
-1038.5239,361,189.614382
-1074.9999,284,194.838462
-1126.052,516,195.2006
-1101.8447,399,195.256298
-1095.8755,362,195.306743
-1038.3154,302,195.381399
-1074.6611,494,195.925709
-1030.2325,426,196.09384
-1106.3063,500,196.173671
-988.1763,247,196.483771
-1086.7369,399,196.84925
-1002.7241,197,196.91431
-1061.8792,387,197.133512
-1079.5215,373,197.173838
-961.88995,266,197.821926
-1028.2744,494,197.859664
-1057.5662,374,197.970072
-1047.0984,325,198.556929
-1049.3035,486,198.61455
-1062.3743,320,198.742233
-1048.149,397,198.855695
-1018.9715,346,198.913395
-1031.4207,213,198.93024
-1027.9403,244,199.184842
-1033.9778,288,204.842496
-1062.5864,326,204.970163
-1058.8094,473,204.981267
-998.6107,334,205.202412
-1017.9131,354,205.48788
-1078.9974,385,205.624588
77.92545,409,205.685687
-1034.0155,474,206.34926
-982.4176,237,206.386411
-979.43,219,206.7123
-986.066,403,206.84564
-1096.771,444,207.22244
-1028.6978,469,207.342956
-1027.4664,215,207.455112
-1008.05927,382,207.630532
-988.4745,444,207.746297
-997.8397,178,207.797983
-1112.7385,504,208.992688
-1087.0266,333,209.069785
-1016.3102,283,209.102603
-980.1652,388,209.241583
-1041.8301,300,209.350266
-1129.418,534,213.288023
-1043.4795,415,213.439164
-1050.3712,373,213.514199
-997.12665,122,213.567914
-1035.5529,217,214.289548
-1092.0719,350,214.853426
-1065.7941,390,214.895091
-1061.2131,288,214.908831
-1047.9451,423,214.995066
-1050.9478,356,215.155412
-1092.1803,413,215.638122
-976.7604,223,216.009785
-1085.0514,486,216.059402
-1029.1012,256,216.223582
-1082.4844,396,216.329024
-985.9177,229,216.335051
-993.9806,291,216.414111
-1035.0366,307,216.578085
-1042.895,309,217.2114
-972.2975,242,217.830338
-1053.6023,309,217.925604
-1106.2195,364,217.942869
-1049.671,405,218.107069
-968.57074,408,218.529715
-1063.5322,461,222.169615
-1053.8569,448,222.224813
-1000.4817,192,222.539574
-1072.5635,367,222.773695
-1083.785,341,223.190093
-1101.9694,370,223.426596
-1027.1536,238,223.72477
-994.7714,341,223.872279
-1063.7528,424,223.885278
-1043.6592,362,224.096648
-1086.937,387,224.191667
-977.17566,231,224.376293
-994.5784,218,224.992115
-1137.7866,506,225.30788
-994.99854,317,225.502524
-971.80225,279,225.530249
-1032.8667,431,225.649378
-1030.3037,418,225.878336
-1116.1415,387,226.169524
-998.919,147,226.280152
-1072.7526,293,226.491539
-1051.3136,263,227.019029
-1145.3557,557,227.235408
-1036.922,387,227.306023
-1037.7924,360,227.361707
-1031.2025,317,231.353294
-1095.3087,450,231.771052
-1014.17017,330,231.771052
-1062.9426,430,232.086948
95.93932,371,232.61684
-990.2445,333,232.658031
-1043.6267,330,232.719402
-999.4277,138,233.454104
-1000.9553,162,233.499502
-1059.8666,253,233.570986
-1116.807,475,233.570986
-1024.3611,423,233.782486
-1028.3297,350,233.804167
-1074.2576,369,233.916056
-1041.3397,354,234.737091
-986.25946,226,234.91056
-1001.63275,227,234.984495
-1035.9253,364,235.741103
-1088.1611,416,235.936319
-963.2413,402,236.295639
-1132.8778,476,236.60567
-1097.0852,514,236.810673
-1115.5238,433,241.315475
-998.76807,184,241.416219
-1083.8636,432,241.442435
-1104.4556,478,241.70321
-972.2627,222,241.842045
-1033.8807,341,241.863376
-1110.1387,387,241.92405
-1018.53815,218,242.005539
-986.8872,168,242.113796
-990.2618,160,242.217152
-1015.3458,220,242.499223
-1006.7792,220,246.911144
-1066.0443,383,247.200067
-1082.1866,354,247.224037
-1051.372,360,247.233603
-1073.2428,331,247.250497
-1101.9104,404,247.548
-1093.8147,348,247.839124
-1003.19354,116,247.845129
-1016.4885,192,247.891099
-1068.7255,472,248.110198
-1030.8767,259,248.596997
-1023.8692,289,248.721908
-1025.9088,271,248.926983
-1092.6941,303,249.350773
-1093.3158,307,249.37493
-1073.1571,315,249.459912
-1000.8934,159,249.502893
-1118.1626,465,249.576523
-1103.4249,403,254.333636
-1051.9642,253,254.419007
-1056.5048,371,254.678033
-1016.1768,288,255.063827
-1043.0172,295,255.283305
-1093.0327,308,255.322287
-978.15924,213,255.586593
-1040.4337,232,255.603323
-1140.4728,376,255.783424
-1095.8651,418,255.820844
-985.7371,227,256.509468
-985.29333,234,256.515019
-1027.5676,212,256.884585
-976.25006,430,256.973576
-1018.552,284,257.064988
-1019.35803,292,257.121983
-1035.8457,386,257.121983
-1038.8704,256,257.842627
-1024.6328,187,257.937977
-1029.6364,461,258.212338
-1091.4851,373,258.446012
-1069.9407,287,258.550547
-1045.0105,332,258.603283
-1031.5137,318,258.76584
-981.9043,202,258.884979
-1108.5496,387,259.133297
-1009.5398,226,263.161598
-1069.6654,280,263.17412
-1023.369,261,263.873708
-1035.7805,266,264.027257
-1040.542,362,264.072703
-1036.4006,223,264.294205
-998.57043,224,264.316849
-1120.1069,423,264.501275
-1016.08,161,264.715104
-1080.3142,483,264.862734
-1077.933,407,264.994007
-999.39844,142,265.24833
-1040.2344,225,265.489035
-1059.8423,319,265.748888
-1084.5399,376,265.993269
-988.50494,210,266.106057
-1046.2092,363,266.202192
-1058.4307,339,266.506041
-1015.8019,330,266.606649
-1052.0068,344,267.07633
-1019.61804,280,267.240001
-1056.3081,270,267.561372
-1065.0835,348,267.849223
-1013.2409,444,267.850233
-1007.50604,248,267.92937
-985.64246,211,268.17542
-1051.9604,433,272.509971
-1069.2046,382,272.566032
-1009.65265,258,273.140353
-1124.4344,327,273.201019
-1048.1027,400,273.27097
-1061.2249,358,273.598549
-1131.6007,397,273.840775
-1025.9808,350,273.851295
-1041.8682,326,274.024156
-1003.7648,196,274.094025
-1033.6266,385,274.316727
-1042.8794,270,274.381462
-1014.6637,250,274.746129
-968.99817,237,274.941827
-1107.977,425,275.198609
-1039.0724,275,275.562587
-1013.2051,203,275.65662
-998.37195,374,275.714299
-1071.0466,310,275.781987
-1039.9208,208,275.896433
-991.03827,178,276.05181
-1095.2441,425,276.07075
-1094.8704,520,276.301925
-998.97003,135,276.373752
-994.9195,172,276.833734
-1000.9817,171,277.250415
-1014.43243,297,281.982307
-1026.0627,393,282.129731
-1081.5247,383,282.147887
-1088.0116,446,282.222374
-1112.2574,491,282.97023
-1009.25024,362,283.048101
-1025.2645,195,283.246785
-1065.8645,334,283.348687
-1102.5745,530,283.411873
-968.299,293,283.50782
-1104.7854,360,284.03341
-1045.7781,434,284.377189
-1058.0465,314,284.601679
-1116.3372,338,285.007039
-1045.434,324,285.096064
-1048.9084,353,285.348252
-1082.2402,447,285.389047
-1136.7401,424,285.56811
-1033.5277,273,286.03548
-1117.6455,378,286.362877
-1028.4757,263,286.379119
-1031.57,454,286.395685
-1051.97,267,286.492513
-1070.1992,307,286.934264
-1072.4854,329,290.856219
-1044.6655,218,291.118824
-1089.28,305,291.219789
-969.9107,242,291.365086
-1020.5021,478,291.48789
-1070.3623,312,291.624111
-1097.8169,374,291.943244
-1104.8922,371,292.478005
-1001.9476,318,292.765086
-1031.0161,381,292.844129
-1009.26685,345,293.342076
-1042.7795,434,293.42502
-1030.4766,449,293.621271
-997.9181,166,293.65328
-1038.3031,253,294.03449
-1117.3156,512,294.07216
-1115.2384,449,294.178349
-996.56354,210,294.509112
-1035.9594,251,294.638182
-1108.7458,440,294.702055
-978.17615,228,295.366188
-1120.3143,421,295.797938
-1083.2861,360,299.112226
-1102.7151,476,299.352529
-1138.4269,482,299.828462
-1045.2994,420,299.994287
-1055.9227,440,300.222454
-1086.9384,449,300.334053
-981.10065,232,300.459105
-997.5125,459,301.074399
-1017.8206,327,301.145727
-1004.58636,184,301.198053
-1122.7484,420,301.316147
-1013.93,283,301.332548
-1075.6818,377,305.763342
-1016.5481,276,306.034626
-1038.1345,454,306.124309
-1103.912,565,306.369743
-1111.653,378,306.460541
-1065.8351,390,306.599175
-1001.1634,130,306.803852
-1002.81616,134,307.163249
-1059.4711,486,307.28715
-1020.71606,214,307.501575
-1083.7513,538,307.558917
-1101.2852,433,312.076333
-1081.6246,434,312.310649
-994.27515,201,312.534264
-1057.9028,335,312.886894
-1015.75806,294,313.06945
-1020.4163,477,313.305801
-1057.2415,529,313.361812
-1059.8944,431,313.542185
-1015.1031,209,313.989941
-1038.4159,325,314.014585
-1022.9104,407,314.22454
-1022.28204,226,314.472977
-1028.0895,254,314.667263
-1017.4026,364,314.9468
-1152.4211,516,315.203286
-1147.889,440,315.789757
-1083.4594,328,315.902157
-1110.6066,373,315.902157
-1017.2509,407,316.085485
-1056.3842,290,316.144493
-1050.4623,466,316.841614
-999.7843,338,316.914916
-1004.89624,238,317.095353
-1104.6306,432,317.135628
-1040.1514,276,317.17424
-1113.5033,354,320.129631
-1082.8744,322,320.22169
-977.4595,458,320.920693
-1032.1454,316,321.064692
-1106.217,363,321.238326
-1073.4583,314,321.255878
-1012.2232,219,321.46305
-1002.12946,246,321.513195
-1086.7152,380,321.649252
-990.0128,140,321.702643
-1129.9028,400,321.800069
-1038.8457,329,322.811291
-1055.4846,268,322.870979
-984.1508,237,323.036228
-1102.4685,363,323.142259
-1061.8452,386,323.273569
-1000.3181,138,323.553508
-1007.2718,387,323.683048
-1093.6602,421,323.801769
-1084.8549,449,323.814612
-1018.1424,213,324.084964
-1007.7494,306,324.313411
-992.4914,249,324.358006
-1066.2802,321,324.834342
-1048.0035,293,329.102075
-1097.0874,407,329.584046
-1009.6602,321,329.691916
-1120.6221,318,329.916543
-1039.5619,429,329.950876
-1109.5103,430,329.968972
-1031.3557,260,330.172998
-1088.1714,383,330.294939
-1016.53107,253,330.973747
-1027.3523,310,331.159718
-1037.8933,245,331.419971
-1132.3652,452,331.442189
-1056.6882,302,331.496541
-1077.3125,333,331.623805
-1132.3215,426,332.149074
-1090.8158,322,332.661794
-1019.6254,233,332.66831
-1160.2498,514,332.944486
-1053.9701,366,333.06215
-1078.3726,318,333.077269
-1021.0665,311,333.233773
-1002.5102,135,333.346296
-1087.2736,369,333.410146
-993.82513,158,333.753787
-1014.02576,161,334.154584
-1059.7336,264,338.942485
-1055.9117,451,338.992702
-1084.812,297,339.103702
-1101.3301,410,339.306122
-1001.9997,322,339.45708
-1003.5446,116,339.603423
-1070.392,291,339.835973
-1107.1611,402,340.164155
-1073.256,319,340.92823
-1102.3241,415,341.009224
-1041.0258,303,341.284378
-1127.7178,425,341.360998
-1076.9517,402,341.520241
-999.8941,132,342.039483
-1103.7048,411,342.06358
-1064.1782,494,342.126921
-1049.8651,448,342.4622
-988.6224,310,342.581434
-1041.1758,309,342.845837
-1025.2097,442,343.166806
-1023.031,239,343.265948
-1027.8328,261,343.442699
-1014.4553,226,343.59805
-1135.9542,433,343.707043
-991.2384,173,343.712288
-1106.8967,360,343.843133
-972.85974,252,347.115743
-1128.6742,379,347.17638
-995.96704,253,347.649411
-1026.6942,263,347.869895
-1034.0175,382,348.056394
-1058.4811,375,348.185373
-1090.4355,358,348.358061
-1036.8112,223,348.400209
-1144.6345,370,348.581759
-1000.1107,124,348.844185
-1027.8544,360,349.185606
-1100.575,342,349.479855
-1053.2616,338,349.774249
-1023.5094,466,350.278104
-1109.9557,399,350.45089
-1105.8342,371,350.469591
-1003.2972,314,350.767012
-1082.1051,408,350.890182
-1158.9275,531,351.081531
-1031.9861,280,351.192141
-1052.9916,361,351.305967
-1016.3664,141,351.485775
-1031.5751,256,351.755933
-1042.5839,331,352.101132
-1100.1123,449,356.506221
-1063.7191,290,356.619931
-1042.9185,292,356.931872
-1083.0302,421,356.99459
-1109.083,405,357.106491
-1085.1526,392,357.28034
-1055.6125,365,357.597904
-1103.7142,386,358.047931
-1088.9757,315,358.107239
-1053.3768,328,358.301597
-1035.1606,305,358.54028
-1123.9548,367,358.790218
-1082.1929,371,358.971586
-1108.9478,499,362.541066
-1053.2745,303,362.586832
-1026.2202,490,362.846619
-985.1693,219,362.874257
-1071.3737,319,362.930963
-1132.6982,439,363.044483
-1090.8867,440,363.126422
-1038.4917,375,363.556936
-1022.2149,222,363.782441
-990.9503,168,364.064443
-1062.7762,299,364.208995
-1075.256,309,368.823661
-1110.6343,417,369.312278
-1059.4257,279,369.477203
-1137.9077,455,369.755312
-1061.6687,283,369.963638
-1155.4598,564,370.258478
-1072.8817,278,370.320489
-1033.8429,245,370.65021
-1157.6147,541,370.666702
-1060.7539,478,370.854485
-1028.4403,255,371.107849
-1065.3622,372,371.903322
-1055.4703,477,371.988311
-1049.0248,361,372.091676
-1159.4486,431,372.519667
-1018.57764,272,372.528428
-1131.9534,435,372.969261
-1163.9432,436,373.175292
-1108.3615,534,373.58891
-1016.8604,293,373.595927
-1100.3567,303,377.842089
-1082.4967,347,378.079359
-1149.1498,486,378.313143
-1055.7908,475,378.360336
-1030.8623,380,378.658099
-1026.2992,343,378.677088
-1031.5248,302,378.785851
-1003.9153,208,378.963202
-1021.16327,173,379.216896
-1045.5903,291,379.600915
-1076.6006,283,379.78818
-990.6048,180,379.85336
-1029.0878,239,379.87304
-1085.1198,541,379.976227
-1066.4138,318,380.227982
-1105.081,363,380.543681
-1069.0398,321,380.736897
-1027.9918,211,381.26835
-1012.8844,319,381.451333
-1051.28,309,381.555581
-1098.1188,420,381.786349
-1139.0117,400,381.923334
-1041.2849,407,382.110252
-1034.9569,189,382.547848
-1068.6661,364,383.016774
-1042.6378,246,383.19654
-1056.6335,283,387.394454
-1057.7866,530,387.466491
-996.34247,222,387.596616
-1070.2719,429,387.859638
-1055.5642,389,387.903207
-1094.3206,389,388.166415
-1068.0314,297,388.638264
-1043.0605,329,388.659888
-1029.4259,247,389.051708
-974.35175,213,389.116916
-987.6223,228,389.463609
-1065.1527,364,389.546583
-1072.334,312,389.693398
-1051.4246,405,389.735589
-986.8733,222,389.89904
-1002.89844,251,390.068262
-980.88293,196,390.246686
-1063.6515,286,392.201583
-1110.6184,386,392.262534
-1049.3835,270,392.350169
-1068.672,230,392.785731
-975.09937,264,392.850141
-1066.0778,373,393.300204
-1141.1124,506,394.333759
-1111.4434,457,394.574105
-1064.1743,354,400.603769
-1113.1912,482,402.288044
-1035.859,481,402.898079
-1089.859,535,403.033274
-1057.0183,356,403.173716
-1127.8212,541,404.310686
-1115.2361,590,404.333046
-1099.6697,441,404.537832
-994.07245,219,404.913969
-1077.281,364,405.009988
-1025.4747,259,405.652366
-997.2516,206,406.307866
-1070.2716,346,406.465462
-1083.6177,309,407.020112
-1095.796,326,407.17792
-1157.9298,481,407.685289
-1060.8335,356,407.935494
-1041.6824,301,408.127825
-1065.8291,256,408.40485
-990.1831,173,408.40485
-1117.0438,468,408.719084
-1067.824,377,409.529909
-1066.9271,269,414.296707
-987.54083,235,414.310203
-1095.96,329,414.333731
-967.5198,245,414.729389
-1039.8918,394,415.127162
-1047.2084,371,415.449594
-1060.1234,254,415.636826
-1101.3501,572,415.83315
-1059.7074,287,416.700084
-1087.8949,308,416.874602
-991.1,216,417.279844
-1038.8835,379,417.550256
-1056.0682,299,417.712379
-1042.5082,285,418.314665
-1092.6528,549,419.477997
-1144.4515,453,419.581567
-980.97174,263,420.019932
-1015.79193,325,420.168928
-1057.592,378,420.236729
-1040.7672,426,420.475415
-1025.8257,185,421.085651
-1100.6865,340,421.294394
-1080.1221,448,421.483107
-1051.36,314,422.296442
-1044.6527,280,422.635621
-1102.0729,322,427.050635
-1095.0474,392,427.182255
-1042.3647,282,427.286532
-977.56555,283,427.46074
-993.0039,288,427.666168
-1079.6533,483,427.98799
-1000.4396,127,428.261122
-1004.8556,133,429.051815
-1148.884,357,429.26581
-1083.6841,434,429.543981
-1068.8489,353,429.782571
-1086.6644,320,429.973334
-1033.0104,368,430.056024
-1048.1444,435,431.195451
-988.5178,213,431.676392
-1060.0057,517,432.286397
-1063.0594,334,434.784922
-1135.7444,438,434.849613
-1086.5646,430,434.988008
-1055.0951,337,435.0263
-1105.0402,442,435.327781
-1040.6145,223,435.643044
-1088.7068,327,435.848125
-987.24194,171,436.164622
-983.1511,275,440.38795
-1092.6257,356,440.586095
-1103.4437,397,440.841656
-1026.4044,307,441.010276
-1039.6348,433,441.057009
-1001.4703,155,441.1507
-996.1638,140,441.311659
-1077.7831,351,441.469822
-1065.4551,522,442.075247
-1008.31995,252,442.336521
-1073.1206,459,442.437975
-1060.7722,291,442.783372
-1050.6913,345,443.171834
-1183.9883,457,443.846995
-1005.9082,280,444.003774
-1015.63965,453,444.086296
-1109.9783,523,445.105553
-1119.6299,507,445.306033
-1178.8856,688,445.425419
-1128.2957,450,445.425419
-1126.7334,463,445.990809
-1046.1157,306,446.006355
-997.4152,135,446.050935
-1035.0753,364,449.595005
-1085.777,455,449.840153
-1063.8547,285,450.313095
-1000.48126,355,450.795485
-1100.8984,343,451.28581
-1050.8187,342,451.297891
-1047.4462,259,451.564301
-1116.203,500,451.74298
-1089.7318,410,451.841038
-1042.9272,371,452.038991
-1052.2239,326,452.679173
-996.83905,177,453.759705
-1064.907,392,453.934241
-1064.139,341,454.032134
-1011.86896,470,454.040683
-1063.1566,303,454.053212
-1100.783,421,454.178894
-1128.4794,562,455.451684
-990.4242,201,455.486309
-1117.3905,535,455.529423
-1043.8743,297,455.893731
-1002.66614,289,456.023475
-1065.3868,296,456.183043
-1031.1383,341,459.656473
-1105.884,371,459.930658
-1084.1278,287,460.466536
-1100.7262,345,460.686377
-1087.1467,360,460.728097
-967.189,255,461.173906
-1129.7988,443,461.812083
-1046.5205,272,462.126805
-988.14703,473,462.455573
-1168.2078,557,462.47671
-1124.7559,622,463.181506
-1042.4401,218,463.301525
-1079.7206,405,463.392087
-1074.3086,319,464.230188
-1096.7612,461,464.360837
-1138.0773,574,464.517035
-1062.6067,381,464.965222
-1062.8634,309,465.274882
-1040.132,329,465.289037
-1031.4056,317,465.421031
-1104.2815,515,465.845348
-1101.6057,347,470.497884
-999.32996,251,470.592108
-1139.6624,427,471.036635
-1117.5408,462,471.356433
-1005.6561,132,471.719938
-999.6555,227,471.799382
-1048.1816,371,471.934445
-1062.3739,503,472.226553
-1119.328,487,472.259328
-1027.2756,344,472.399843
-971.94794,236,472.752423
-1157.4186,632,473.094856
-1034.1244,278,473.475409
-998.38495,262,474.380519
-1004.9808,189,474.676457
-1124.662,438,474.744994
-1123.0375,489,474.996425
-1033.8788,292,475.068111
-1055.8201,444,475.252914
-1089.3679,514,475.985974
-1001.41907,160,476.046896
-1029.247,215,476.099722
-1010.1226,121,476.171594
-1020.2097,192,476.224715
-999.2732,183,476.39069
-1153.5935,635,479.834896
-997.3622,184,480.294307
-975.7114,313,480.355316
-1032.9431,306,481.049196
-999.69226,230,481.110206
-1000.4454,135,481.118312
-1039.9769,337,481.327835
-1062.9576,374,481.602727
-1013.39087,362,481.685807
-1080.9152,550,482.641052
-984.3215,208,482.739987
-1042.4797,246,482.796928
-1063.257,443,483.202123
-1054.9323,248,483.401735
-1081.0657,443,484.229694
-1090.0199,272,484.686647
-1088.6151,434,484.870077
-1004.00946,543,484.945727
-972.11707,271,485.159873
-1038.9943,223,485.803887
-1176.2222,504,486.329075
-965.3035,259,490.077179
-1049.3004,304,490.148307
-1095.9125,607,490.376386
-1064.1589,328,490.423728
-1141.3846,556,490.561808
-996.6016,365,490.86468
-994.2665,205,491.401991
-1085.2533,362,491.556241
-985.3372,202,491.970646
-1043.069,283,492.335115
-1115.4926,355,492.842301
-1155.1976,524,493.490182
-1037.845,561,494.253063
-1139.7631,424,494.283338
-1062.3446,361,494.556743
-1155.0339,393,494.657206
-1129.1464,345,494.834369
-1007.961,329,495.086187
-1007.4921,162,495.449326
-1104.1256,359,495.76812
-1005.6247,159,495.776617
-1033.8302,240,499.351693
-1040.1542,359,499.689582
-1047.4545,343,499.821004
-988.7781,179,499.881527
-1126.3964,390,503.73293
-1055.8961,598,503.830421
-997.2635,417,504.152094
-1076.5884,326,504.507861
-1001.83496,337,504.989253
-1192.5608,511,505.007293
-1131.264,398,505.434139
-1019.0634,332,506.325545
-1036.3535,549,506.325545
-1047.9562,417,506.386454
-979.07465,495,507.005989
-974.8229,296,507.01827
-1033.3398,286,507.379891
-1125.7251,551,508.196553
-1056.4799,296,508.310599
-1107.8115,556,508.770356
-1078.44,409,509.226319
-1016.5043,346,509.528133
-1075.0786,354,509.606409
-1060.9238,308,509.694156
-1009.9519,129,509.890328
-1134.1953,532,510.214332
-998.3922,129,514.579921
-1019.1289,430,515.126099
-1000.5646,138,515.32056
-1072.2418,273,515.57793
-1097.0604,581,515.844617
-1003.92645,147,515.909545
-1080.6119,435,516.018289
48.99642,479,516.035933
-1087.7832,464,516.125995
-1002.4034,111,516.149106
-1119.3186,458,516.207838
-1060.0211,290,517.018634
-1034.8258,191,517.062816
-995.47534,144,517.231796
-1039.6953,241,517.729525
-993.88605,150,518.478082
-1030.5157,338,518.963915
-1070.9692,437,519.37186
-1123.568,423,519.43848
-1060.5975,338,519.981386
-1035.465,338,520.565913
-1127.4377,601,520.834533
-994.53906,248,521.176465
-1145.6562,521,525.153757
-991.03186,193,525.740106
-1154.9126,456,525.762209
-1112.6321,516,525.77672
-1015.03784,347,525.893695
-1090.949,446,525.988008
-978.292,218,526.14639
-983.9949,179,526.805875
-988.0867,174,526.963799
-1048.5333,374,527.256505
-1051.1415,501,527.296265
-1054.0398,254,527.683858
-1085.043,385,528.032156
-1123.3524,390,528.330069
-1114.3102,493,528.70533
-984.71,365,528.992259
-1064.4421,364,529.678454
-1049.2455,430,529.725986
-1004.0831,142,529.793431
-1006.8662,414,530.058161
-1150.8453,346,530.099801
-973.3694,334,530.83466
-999.0334,189,531.190684
-1082.0015,317,531.459379
-1117.8662,475,531.482947
-1006.60535,235,531.580427
-999.47186,123,531.729548
-1037.7833,252,535.629072
-1022.48676,307,535.666241
-989.65393,178,536.231601
-1021.3045,285,537.194636
-1029.0875,317,537.332453
-1077.3065,358,537.341805
-1033.9818,300,537.452966
-976.1884,260,537.452966
-976.2905,277,537.532451
-1153.2771,541,537.589895
-1042.894,291,538.471136
-988.78845,182,538.714332
-987.0171,223,539.161563
-1073.9772,294,539.581709
-974.53394,329,539.934581
-1072.1047,363,540.286368
-1073.4354,424,540.34845
-976.9892,406,540.537851
-966.94836,281,541.168422
-1078.255,377,541.217866
-1030.1914,412,541.703217
-1032.7672,316,541.817945
-993.1856,293,542.44323
-1070.1558,366,542.529866
-1065.0549,412,547.118697
-1074.6028,329,547.625008
-1013.80707,113,547.863423
-1125.3436,563,547.878037
-1065.1958,531,548.381752
-1094.0579,442,548.395331
-1171.6799,567,548.612164
-996.01196,204,549.006443
-998.3376,491,549.181923
-1143.6818,583,549.975064
-1080.2273,399,550.206612
-1106.8931,385,550.394942
-1034.1836,324,550.710286
-1021.4243,378,551.150983
-977.1535,259,551.280592
-1038.1779,227,552.021917
-1003.0166,128,552.098558
-1018.0929,233,552.21788
-1101.6359,485,552.241844
-1046.0109,359,552.763891
-971.8771,295,553.473379
-993.17523,176,553.539776
-1182.4905,603,553.66356
-984.32336,191,553.694245
-1134.9717,489,557.805148
-1087.4885,375,558.144003
-1055.9407,331,558.442679
-996.5758,226,558.495083
-1056.7042,260,558.57963
-1096.1571,509,558.956523
-974.21484,266,559.428411
-1039.0609,375,559.512301
-991.3544,234,559.641536
-990.68066,197,560.019226
-1117.7931,517,560.431035
-1040.6318,265,560.431035
-1015.9314,291,560.546785
-970.50397,241,560.809034
-991.83984,199,561.17961
-1084.7454,255,561.400962
-1007.2338,165,561.70093
-985.0851,265,562.062572
-996.81537,359,562.268133
-996.359,271,562.506584
-1036.241,181,562.770464
-1091.7878,300,563.112059
-1064.7637,335,563.126901
-1101.136,309,563.553425
-1014.92035,229,563.853078
-1042.5203,301,567.880235
-1044.3497,199,567.911295
-992.8789,186,568.051899
-1027.721,267,572.845859
-979.28723,222,572.893389
-993.0503,266,573.309599
-1094.3483,501,573.348296
-1121.3578,327,573.469034
-1013.02527,433,573.526059
-1002.1187,140,573.938217
72.838646,410,573.980643
68.20612,406,574.071353
-1015.0057,162,574.243684
-1010.1431,305,574.254743
-993.4868,345,574.440536
-1028.5029,266,575.081013
-996.4054,167,575.205065
-1013.53107,127,575.408048
71.09397,396,575.776266
-980.0189,335,576.279324
-1041.0698,300,576.471811
-1035.8134,358,576.532825
-1074.6951,325,576.696644
-1054.4075,273,577.164038
-1059.8596,301,577.688354
-1116.1007,435,578.591127
-1004.19006,281,578.695605
-1040.3649,255,578.708075
-1027.3335,214,578.886283
-997.3514,154,578.946442
-1121.2219,446,582.198944
-1059.1968,400,582.501471
-996.06915,165,582.847181
-1009.298,231,583.023467
-1083.2302,276,583.409604
-999.4328,210,583.443622
-1095.7238,587,583.451155
-995.63745,217,584.938234
-1167.3339,435,585.577938
-1125.6797,509,586.050957
-1037.642,387,586.096521
-1024.4076,342,586.568043
-983.4129,195,587.547098
97.278,387,587.626834
-1121.1809,428,588.030809
-1022.95575,263,588.605864
-1124.9915,433,589.106699
-1149.1075,590,589.357973
97.05146,397,589.643444
-993.2356,155,589.771259
-1096.9169,305,590.108137
-998.3144,153,590.243363
-1066.8423,320,590.49709
-1117.9493,510,593.313888
-1081.586,414,593.344926
-1048.1964,218,593.432279
-996.21265,190,593.578581
-1020.7039,261,593.924979
-974.0151,300,595.538875
-1002.477,230,595.811438
-1075.1116,442,595.935356
-1001.09094,346,596.352057
-1032.5519,398,596.433566
-1054.5309,401,596.596559
-1102.2186,499,596.596559
-1139.1334,528,597.170042
-1000.852,318,599.062615
-971.58466,322,599.309864
-1103.3077,412,599.309864
-1032.9852,440,599.626888
-1042.1058,395,599.739718
-1079.1486,499,599.758193
97.49616,388,600.277881
-985.32794,192,601.124039
-1007.289,234,601.124039
-1167.9457,594,601.439735
-992.607,243,605.88159
-1108.7705,347,606.163403
-1071.0415,268,606.435732
-997.4022,186,606.594887
-1058.0613,478,606.779379
-1006.0098,448,607.248022
-990.0495,213,607.295339
-993.02075,174,607.375654
-1087.4932,379,608.102611
-1011.3522,350,609.245753
-1175.8425,476,609.265448
-1016.4708,343,609.391987
-1002.59985,190,609.722179
-1066.2604,312,609.971917
-1075.1172,428,610.320293
-992.9957,433,610.863248
-1010.26544,247,611.376603
-1171.1906,554,611.749994
-1003.15546,215,612.000471
-1073.7914,364,612.615523
-1071.2915,361,612.826828
-1043.4692,499,613.232456
-1120.9045,364,617.325254
-975.6238,253,617.343344
-970.4504,308,617.677858
-1022.39075,286,617.894561
-986.1733,466,618.018969
-1329.2972,800,618.737215
-982.9508,269,619.037269
-998.98016,126,619.058044
-1094.6943,358,619.291802
-996.27313,242,619.640155
-1145.5183,562,620.946193
-1008.6239,195,621.124956
-1090.6494,481,621.304004
-983.07385,254,621.38795
-1011.59314,228,621.430259
-999.5154,140,622.55986
-1010.18726,362,622.699039
-1035.5385,497,622.759018
-976.3243,218,622.770575
-983.6183,257,623.343261
-999.7638,176,624.11804
-985.6536,217,624.378714
-971.3012,438,624.836622
-1002.70856,520,625.228165
80.6995,396,628.999473
-1060.6434,376,629.039013
-1070.3589,347,629.286645
-1367.9957,800,629.492393
-985.79724,229,629.645836
-997.18225,243,629.992959
77.42229,388,630.219527
-1024.5634,449,630.42985
-973.093,257,630.43641
-1003.3834,428,631.822371
-1115.7517,348,631.910133
-988.08997,230,632.010472
-1008.9987,288,632.195935
-1105.7207,434,632.260502
-991.6201,232,632.270051
78.03008,419,632.733598
-984.2938,231,633.934607
-1063.4918,272,634.440526
-976.8715,239,634.472585
-1118.0188,482,634.670393
-969.7145,289,634.756542
-1042.2313,262,634.80383
-1073.4213,350,635.598979
-1000.6118,141,635.775723
-1005.4926,140,635.984522
-994.3246,150,637.022052
-983.2463,492,641.958213
-1005.05365,314,644.506114
-1089.1863,442,644.751525
-983.55365,272,644.972663
-997.63654,438,645.195406
-989.6387,169,645.296368
-1090.3776,361,645.376242
-1190.7468,522,645.532587
-999.13245,139,646.159765
-973.5319,309,646.326596
-991.29254,231,646.422114
57.197014,416,646.64067
-983.75903,406,647.5436
-1002.01556,203,647.808168
-1062.0231,372,648.363172
70.01452,427,648.659737
-963.8968,271,648.721629
-967.77716,300,648.876393
-1042.8784,199,650.517816
-1160.969,459,650.618017
103.965904,382,651.211674
-1036.8118,308,651.635267
-1425.8173,800,651.734504
-969.0801,363,651.898052
102.07578,424,655.793065
-984.05286,283,656.348274
-1001.4826,167,656.399767
-1027.8533,327,656.506173
-1280.888,800,657.179454
94.17111,432,657.564843
-1111.3292,331,657.621768
-985.35095,234,657.816529
98.91035,406,658.039989
-1009.161,456,658.194731
100.046135,384,659.193842
-1111.4586,452,659.514184
-970.1318,272,660.116649
-1000.9688,123,660.355325
-994.8508,148,660.950097
-1101.0328,394,661.108741
7.491676,483,661.455558
65.706856,455,662.144313
62.661526,439,662.176964
-1076.8029,518,662.249766
-977.6898,288,662.889882
-981.54926,284,663.070253
-989.8552,212,667.639534
82.74899,401,667.970032
-991.0539,161,668.466303
-1163.0762,517,668.661866
-1091.7512,474,669.083075
-1127.0411,549,669.101704
55.682972,471,669.146751
-973.66296,468,669.756933
-986.8948,194,670.512805
-951.9417,399,670.58451
-948.5336,416,671.396477
-980.75287,287,671.831952
-1350.1411,800,672.008985
-998.24414,493,672.174416
54.755154,457,672.426441
-1010.3215,465,672.444614
-1000.52856,121,673.29108
46.632145,422,673.486227
-1008.2554,211,673.504399
70.86394,433,673.638165
-985.0068,327,673.707816
-974.6801,289,677.163852
-983.6666,269,677.76495
-983.6383,255,677.869716
-1136.2064,495,678.331642
-1090.4672,554,678.421804
100.561386,397,679.332042
-995.27875,136,679.616857
-989.2324,234,679.938129
-988.634,240,680.164537
-1091.4427,512,680.623602
-1033.1322,453,681.151208
-995.7586,211,681.772774
-1056.3184,270,682.083185
62.49783,443,682.81401
-1299.5386,800,683.421714
-1001.2226,350,683.833042
80.84836,409,684.13155
-963.1503,259,684.364661
77.362404,396,684.539361
-984.99225,261,684.621115
-998.1194,172,684.805068
-1006.4299,190,685.312344
-999.05493,127,685.840971
-986.2026,210,686.046437
-1055.7405,420,689.791142
-1170.6827,596,689.822579
-965.7488,257,689.913972
-988.3477,175,690.418759
-1002.2461,129,690.508509
-980.6847,327,690.750975
-1001.53357,467,690.99359
-977.5206,254,691.343704
-997.5404,162,691.358316
-964.70685,298,691.486957
-1068.0209,407,691.678142
104.71156,364,692.924385
-987.68677,279,692.950692
-1355.6377,800,692.963505
-1003.1677,273,693.355549
87.30884,375,693.380928
-980.631,291,693.624696
-977.318,328,693.741888
65.72702,389,694.490275
-1036.9047,251,694.754211
-970.0488,256,694.77151
-982.62384,235,695.01645
-976.84326,247,695.08075
-981.02234,218,695.245012
-1000.7659,142,696.053211
85.14576,379,696.325476
-980.48724,224,701.063247
-1039.4707,527,701.096352
-1057.3093,381,701.831644
-989.584,179,701.923353
-966.11176,442,702.292505
94.55187,422,702.70273
-978.3718,248,702.97059
-966.71594,263,703.047006
103.71316,375,703.228194
-992.81104,151,703.576641
-988.7528,244,703.896175
-997.41077,364,705.0621
-1318.1392,800,705.099352
-997.2031,229,705.71989
100.53514,381,706.559562
106.11158,383,706.684408
-995.5698,163,706.776996
79.91672,472,707.166342
83.02099,433,707.355501
-974.22437,252,707.537955
-1092.522,395,707.633214
-988.97437,221,707.807165
-987.3759,189,708.39238
-993.00214,258,708.750384
-991.7952,215,709.336247
-969.20013,306,713.62278
-979.30835,384,713.658648
-1055.1382,294,713.813285
-980.0269,240,715.653671
28.651863,460,715.826724
-1002.5764,202,715.945986
72.69335,399,716.618689
-1045.8523,507,716.657007
-980.2977,223,718.017194
-975.99994,234,718.282976
-994.38135,178,718.54406
-999.11523,190,718.672294
-1062.8597,464,719.112966
62.894707,447,719.25981
-1122.3008,525,719.5244
-971.25555,211,719.915136
-978.08344,435,719.961057
-992.2108,179,720.482334
-985.3462,179,720.65073
101.56212,400,721.179982
-992.64545,191,721.480376
-994.3906,207,721.57306
21.735245,441,722.019384
-994.61487,190,722.18386
-1033.4025,506,722.665231
-989.6869,194,722.722175
69.641655,434,722.976485
-988.02856,239,727.238023
89.09871,401,727.435246
-992.8871,142,727.486328
-974.416,280,727.493781
-1011.79785,218,727.550748
-993.8103,157,727.70394
-989.7468,214,727.801517
77.657715,403,728.210949
-982.26154,276,728.540792
-981.40717,242,729.108885
97.56314,389,729.889785
-978.67786,333,730.069982
99.14157,404,730.127902
-996.13293,456,730.338858
-966.9091,269,730.369723
79.38347,461,730.469294
-977.0304,276,730.822705
-961.4164,277,731.500945
-996.1486,146,731.711235
-991.82855,319,732.961832
-984.04083,273,732.991591
-977.83453,208,733.426437
93.5483,398,733.503182
-971.0935,456,734.315523
-995.9083,155,734.453636
64.66259,473,734.943435
88.86191,435,735.142368
-995.7008,155,738.909997
86.98091,464,739.007809
101.28142,365,739.558918
-985.87366,284,739.595215
-988.63153,310,739.965031
25.550922,558,740.314517
-979.3786,237,740.361786
-1062.404,522,740.411702
-992.70636,306,740.749809
-989.8905,233,741.019575
79.25547,453,741.036658
-969.0646,264,741.296694
-997.66925,121,741.308045
-1000.4314,136,741.772759
-976.8046,275,741.902259
-984.6326,225,741.985924
-992.81744,231,742.089973
-990.8622,173,742.344348
-998.50055,184,742.706292
-998.7599,182,743.193017
-985.8903,289,743.260016
-997.5633,267,744.104456
-987.30145,257,744.125894
-991.46704,291,744.203284
-1005.4823,164,744.544323
30.456356,420,744.576123
-990.41785,287,744.617962
-975.76166,227,744.962703
-990.2979,167,745.353568
-995.6427,141,749.429835
-953.7281,395,749.579863
-976.8448,212,749.960055
-975.0492,328,750.544325
-976.345,312,751.679495
-992.03766,179,751.917938
85.35722,401,752.041454
-965.21826,297,752.280816
-1006.972,485,752.298893
-1004.726,167,753.071043
88.477585,400,753.312416
-998.9602,134,753.398686
-990.8195,206,753.603573
-1021.8236,527,753.89012
91.57089,423,754.349447
-978.424,308,754.744217
-993.9686,251,755.042059
-970.43494,241,755.256898
-1000.3766,125,755.301009
-983.6599,192,755.354932
94.946106,426,755.415458
-996.3464,138,756.295825
-995.2839,154,756.568746
-1000.4195,176,756.674228
37.656033,453,756.772978
93.42296,430,756.879707
-969.8671,237,757.074409
89.73938,430,762.149803
-980.9276,212,762.414354
-978.57904,258,762.511418
-972.3659,446,762.746821
-992.87115,212,763.12244
-995.56934,155,763.735248
-976.6616,319,763.926158
-1009.6206,366,764.259911
-977.72125,244,765.20018
-1064.14,328,765.92638
23.197327,538,765.961172
-964.7388,273,765.972259
-975.67633,234,766.212949
63.97702,371,766.293384
-1003.467,133,767.328744
89.66579,400,768.036283
-964.7867,278,768.075349
-1058.5011,372,768.087923
-974.94604,238,768.532536
-975.9404,304,768.89407
-996.61475,129,769.719145
-971.7626,383,769.933631
-970.7755,258,770.408036
-992.6013,156,771.125768
81.6059,422,771.21261
-1002.7375,131,771.594021
-980.08136,204,771.791977
-967.9274,458,776.199832
-1019.4364,462,776.231872
-999.6197,122,776.2449
-1261.9298,800,777.209982
-1112.3336,527,777.399431
-978.219,278,777.731764
-1008.2183,236,777.960886
-990.2382,158,778.568016
103.0451,365,779.068263
-978.86414,441,779.238558
73.973595,395,779.345191
-1021.3809,345,779.887204
-992.2647,182,780.046867
-977.28674,219,780.93029
-1009.8552,443,781.128228
-1322.1166,800,781.33936
-36.628796,473,781.584424
-987.8583,239,781.626893
-959.4428,338,781.712555
-1096.9849,399,782.021701
-994.7581,152,782.768594
-1007.08704,419,783.276204
-1063.6075,340,787.871362
-961.76733,311,788.00799
-973.89526,297,788.146425
-1101.47,450,788.17317
-1094.9329,439,788.269252
91.12408,412,788.586215
-977.7909,217,789.591219
93.72541,392,791.590962
-984.1639,228,791.684683
-994.9325,452,792.22589
-990.7673,180,792.640921
-984.66223,446,793.245996
-962.67737,450,793.313355
-978.51965,447,793.420305
102.695854,374,793.94814
-1003.18695,513,794.182376
-995.5844,235,794.37979
-993.585,148,794.483179
-962.3263,442,794.674755
-1075.3932,371,794.897069
-983.4986,199,795.668365
-968.85376,259,795.914813
-993.3278,357,796.021562
-999.4559,220,796.218518
-975.6831,252,796.678531
-994.17236,138,797.073308
94.56334,423,800.861044
-985.59467,190,801.423438
-965.0718,436,801.616457
-971.5505,282,801.676054
-997.0958,133,802.023443
28.881826,439,802.4201
-981.4161,281,802.471264
-1328.5967,800,802.662638
-984.7388,198,803.364489
-1064.5911,555,803.446817
-969.2255,250,803.457888
-980.6559,239,804.15644
91.00537,379,804.263175
-971.4373,268,804.455153
-961.49817,391,804.569055
-1002.62805,153,804.730268
-986.98865,213,805.19557
-993.34155,161,805.736634
-992.7279,298,805.780155
-964.6329,268,806.280225
96.04685,383,807.271228
-1029.1539,216,807.466331
-992.41833,176,807.664605
88.90209,423,807.893838
-978.47375,441,808.221926
-969.4671,403,812.493959
-1285.956,800,812.907117
-974.5423,224,813.049103
86.17779,436,813.122588
-992.38403,258,813.619884
-1134.5848,393,814.177899
-989.4944,220,814.261823
96.39797,412,814.641179
25.166119,428,814.928778
103.84793,382,815.065573
88.89419,396,815.361507
-980.24255,310,815.555179
-991.3331,258,815.945466
-1027.0197,235,816.723129
-1305.2561,800,816.898476
95.21836,366,816.898476
-966.1112,257,817.449779
-1132.8182,375,817.449779
-1005.97565,155,817.838542
99.57167,385,818.199422
-1016.1341,496,818.761668
-994.67316,163,819.050289
-994.5431,308,819.149834
-951.78204,441,819.216675
-976.5099,220,823.161159
-956.6976,407,823.200169
-989.5243,164,823.557168
-995.72015,142,823.564717
37.234943,426,823.821992
71.61073,476,824.124818
-954.8772,448,824.923844
81.22517,402,824.966408
-994.8644,209,824.989479
-976.288,261,825.022454
108.1987,364,825.648058
40.513508,434,825.774394
53.813145,442,825.790738
-1003.4188,146,825.82944
-987.24243,212,826.400523
83.27411,416,826.75505
-992.78485,155,827.001876
-996.711,196,827.282564
-970.4796,323,827.334443
-990.86273,222,827.509863
-954.6094,395,827.814526
-960.9136,285,827.834507
-999.74414,146,828.698107
-998.6354,128,828.893362
100.857544,373,829.438731
-964.5204,276,829.619745
76.26667,397,832.558969
101.55421,414,832.846738
-980.35706,208,833.000101
65.68395,416,833.108717
-975.7711,210,833.559543
-983.8655,200,833.642807
-988.8255,200,834.414129
-983.59033,185,834.490383
-1102.9039,438,834.69816
-1109.7551,558,834.847854
-987.7729,174,835.089786
-985.44476,187,835.120313
95.496475,401,835.750011
93.302345,408,836.503135
-958.38873,269,836.690615
-970.487,242,837.111514
66.28243,419,838.242517
79.59976,404,838.253417
-983.4731,208,838.253417
-1001.76697,444,838.812969
-976.4739,307,839.288083
-1013.3055,145,839.475032
88.69916,382,840.332972
-1313.6914,800,844.792793
85.313354,424,845.177861
98.05493,365,845.225919
-981.75934,439,845.259084
106.65594,345,845.536729
-1301.391,800,845.598359
-1107.2257,430,845.890002
-997.9016,145,846.040307
-1009.9952,466,846.704556
14.2687645,448,847.154985
-981.4636,257,847.188275
78.6976,408,847.365654
90.59775,423,847.411277
-996.50653,376,847.610663
-961.4129,428,847.905264
100.45417,400,848.394361
-975.7217,203,848.826099
-963.4458,425,849.553511
-1065.1868,418,850.165219
-998.9593,424,850.260778
94.43372,388,850.496428
-962.09,428,850.589883
41.63619,433,854.656703
60.933964,421,855.435186
64.11258,397,855.845331
-1172.943,555,855.845331
101.57017,362,856.065864
-983.8791,349,856.202906
66.348335,392,856.275827
88.94093,389,856.458048
-1001.60815,127,856.47062
-994.33545,179,859.046587
-997.8297,440,859.547044
74.87458,414,859.830755
106.71354,379,859.905849
100.40971,356,859.943003
96.12541,371,860.404912
-997.8464,221,860.958766
-1241.2319,800,861.116801
100.62949,372,861.30635
-1012.2032,218,861.830494
-992.50854,146,862.125738
110.529274,359,862.30984
-991.6591,383,862.404238
-1077.1104,405,866.005788
-1271.6975,800,866.54322
-1000.0894,122,866.72822
-976.22644,251,866.780643
29.049297,424,867.04191
85.20995,395,867.16298
-992.5256,177,867.539117
-947.5847,373,867.805818
100.447174,402,867.816341
-1016.19104,499,868.676295
-983.9101,183,869.016789
93.20739,353,869.198658
51.570004,424,869.323432
95.98355,368,869.484996
-992.53375,159,869.888136
98.42177,374,870.544347
-965.8971,430,870.55446
-985.4692,226,871.211685
-985.4049,220,871.536561
100.90512,378,871.830219
-985.71484,219,872.095977
-945.6466,394,872.134483
-1258.8306,800,872.189458
99.88925,393,872.257068
-978.9613,210,876.332879
97.988556,386,876.483212
-964.421,408,876.998613
-1002.4515,358,877.237944
108.116196,362,877.620887
104.79058,355,877.638008
83.10578,387,877.724931
-956.3192,382,877.724931
-965.47406,281,877.933224
-980.99713,227,878.696146
-960.9968,394,879.092852
-959.95105,282,879.847891
104.51763,368,880.103482
-959.6289,401,880.754624
99.10696,369,880.809734
-953.74426,411,880.928314
96.348175,380,881.624212
-1001.4846,124,881.87484
-1065.3448,538,881.899004
80.23368,376,881.983945
-1000.16394,121,882.540848
107.43712,357,882.826042
86.20763,390,882.826042
-995.9925,146,883.000759
103.40808,364,886.228522
101.88221,364,886.267967
-997.2893,123,886.401858
-999.77466,127,886.570492
79.82856,375,887.195058
-958.2672,403,887.43027
-979.99414,210,887.485552
75.88432,375,887.868019
70.27443,418,887.901618
101.68061,372,888.418363
91.32886,378,888.624165
-969.002,270,888.746405
-964.5619,240,888.834977
-962.5072,432,889.175908
-962.818,250,889.477938
-959.7379,373,889.828586
97.05082,375,890.431843
-998.43555,120,890.699571
-961.8805,284,890.764198
90.302055,389,891.165868
97.57164,370,891.254702
104.237976,363,891.426627
-956.7683,390,891.995498
-993.9902,181,892.023314
100.70849,359,892.088492
-995.33624,152,892.371869
-972.88947,287,892.81211
-996.34326,129,895.957105
-1003.3075,130,896.033735
95.21966,372,896.132057
-985.4516,177,896.576514
105.769905,367,896.739915
-952.97687,398,897.120106
-982.9779,199,897.294216
-975.7305,267,897.548519
85.92877,408,897.599732
104.481705,371,898.024312
-984.0559,203,898.201977
92.47825,393,898.264232
104.427055,380,898.624477
104.7659,385,898.813362
-982.96075,234,898.836564
-972.9651,298,899.246905
-967.68506,245,899.533043
54.850266,437,900.003152
-970.8827,226,900.348808
101.35691,386,900.954992
-980.12274,212,900.954992
-958.45135,409,901.245858
92.65457,401,902.015865
88.2184,417,902.188088
99.79305,363,902.50652
-963.1404,280,906.789021
88.62384,395,906.82353
-992.1014,180,906.885214
75.97234,362,907.07262
-946.3835,375,907.163755
102.51607,365,907.795981
100.87255,363,908.078099
-982.0887,191,908.091558
-973.4866,232,908.389407
-1255.4048,800,908.78955
110.87592,354,908.799673
96.78983,370,908.835501
-995.9442,162,909.000851
86.90683,411,909.071886
-998.4999,134,909.729909
-998.4538,138,909.808692
-1000.7224,124,909.889612
-1001.76,173,910.009906
103.28788,382,910.160124
99.1412,366,910.412553
-975.86597,235,910.706286
100.49111,365,910.784271
-984.73096,199,911.159893
-976.72626,222,912.348453
105.89008,368,912.435879
72.87935,377,912.621938
88.98078,380,912.801331
21.323488,456,915.945782
100.058044,361,915.985376
70.41329,413,916.542922
-984.8297,177,916.955481
90.12664,438,917.040512
-1003.5089,143,917.404199
94.493286,366,917.771018
79.16304,382,918.005342
-996.14825,143,918.161335
95.80531,390,918.271198
96.978676,369,918.293355
103.82167,372,918.45214
-967.81445,260,918.871745
-994.95447,153,921.309018
-971.8532,274,921.385967
-979.3773,212,921.559182
-990.7665,157,922.251552
94.166595,379,922.300634
-992.69684,151,922.32781
-1074.6322,412,922.731301
88.03073,364,922.823717
-1011.6938,438,923.198134
-999.1545,137,923.303087
-952.1178,402,923.53599
110.17993,360,924.012991
-973.3934,222,926.968149
104.14747,361,927.032603
104.25531,364,927.089298
70.649055,381,927.534075
-982.3073,220,927.645997
88.21514,391,927.68044
100.06381,368,927.955968
71.0389,393,928.378047
-1010.0381,155,928.738842
106.768456,367,929.375659
84.82798,384,929.560066
-948.27734,377,929.568059
91.258766,397,930.498342
-977.8407,430,930.573849
-951.2853,404,930.85796
99.315056,366,930.996002
77.14059,381,931.481689
84.331154,363,932.130864
-951.65533,367,932.36201
93.19635,380,932.453056
103.20932,378,933.256759
90.11178,376,933.569551
-974.8725,214,933.599374
106.30826,379,933.723244
-994.173,461,933.854744
98.90033,355,933.97286
-996.5887,119,938.268475
97.24798,373,938.315108
-947.3298,417,938.595839
-1030.2762,353,938.889997
-980.22644,315,938.957868
101.51211,367,939.454835
37.204155,440,939.605139
-1012.3075,140,939.700826
-981.4802,239,939.849272
77.104774,383,940.296276
-1049.8966,568,940.37773
-1091.7444,568,941.304352
90.08789,399,941.724571
74.96945,380,941.917186
-957.03845,382,942.125784
-972.26953,437,942.176517
92.19815,390,942.834272
91.260056,402,943.017762
-988.0454,197,943.302002
-1338.4847,800,946.439641
105.666374,362,946.499737
-953.6782,390,947.47182
-967.9274,239,947.526874
-1100.532,466,947.549362
74.49804,361,947.8455
-1047.1229,478,947.96172
81.52946,376,948.077009
-1041.4463,335,948.519456
95.463196,373,948.696474
-1000.6161,265,948.993357
96.02935,353,949.680764
-1074.0732,319,949.828534
48.849285,426,950.25509
91.015366,369,950.345877
99.4802,367,951.011087
-996.06116,465,951.136017
102.34114,388,951.33679
-1081.011,368,951.549609
-1078.8093,353,952.60351
-981.5841,465,952.959618
-1041.9255,499,953.062231
-1036.8492,448,956.573139
103.504684,350,956.662106
104.187065,365,956.886204
-957.9127,370,957.091489
106.451,364,958.236727
95.67726,402,959.212821
31.753296,429,959.312473
98.22703,378,959.510084
-948.18866,397,959.510084
103.69438,364,959.831171
-1247.8147,800,959.996991
100.322395,377,960.26642
-977.33325,199,961.170441
-945.49036,378,961.485157
-1003.7482,307,961.819698
-956.9565,283,961.893456
-972.88837,236,961.941696
97.66902,384,962.465594
-993.14404,173,962.795999
85.94553,384,962.855378
-956.5803,389,963.248648
88.51176,358,963.885533
-990.2292,205,968.444217
105.41787,370,968.705301
97.165955,403,968.868001
55.76106,416,968.894048
99.17409,380,969.113727
-1082.4626,377,969.677868
65.70951,447,969.733114
-978.9262,213,969.909237
89.248955,372,970.040169
99.33888,385,970.435886
103.42717,363,970.583947
75.12011,356,970.728242
-953.02795,400,971.542275
-997.58154,150,971.920631
94.424774,380,972.332597
91.89221,381,972.798504
-1061.337,494,973.076252
-991.7238,158,973.50349
-952.55963,393,973.592171
-1054.1611,505,974.221972
103.50675,372,974.28838
-1063.8383,378,974.68661
-987.04285,237,977.605585
-1189.0809,800,977.939227
-975.751,204,978.01817
-963.65186,388,978.109419
-999.3265,180,978.218058
104.56893,356,978.348067
-993.04004,199,979.120723
82.909744,421,979.257997
-965.6409,249,979.513409
-1005.93945,132,979.969684
90.02726,407,980.061923
87.92797,367,980.418084
-1239.15,800,980.485153
102.9545,372,980.566861
101.720375,373,980.71329
-1000.6897,129,980.929473
-995.2667,189,983.785219
91.372215,377,984.091479
26.586744,423,984.128313
38.019745,402,984.709983
95.98668,350,985.134455
98.83625,391,985.27318
-974.60583,240,985.802382
-1140.5857,494,985.88086
-1117.2195,465,989.405972
86.04003,390,989.725347
88.48487,391,990.116849
109.49233,357,990.394639
-1003.47437,170,990.487967
-998.0986,122,990.750057
99.570984,353,990.778203
86.92798,386,990.865267
91.9179,374,991.360268
102.698326,387,991.504878
76.62013,387,992.029191
-971.4248,252,992.299613
96.98267,355,992.638139
90.4771,356,992.988661
42.962025,453,993.180099
105.451126,376,993.245899
96.93061,367,993.740442
101.91512,383,994.033206
100.78783,383,994.689937
-962.7891,402,995.107031
-985.89355,196,995.116568
106.28659,375,995.859614
-1002.27106,476,995.935197
-967.4795,423,999.664797
68.28317,460,999.728062
-969.76184,278,1000.029528
100.484634,376,1000.048594
-997.20215,124,1000.146878
-1032.854,379,1000.854171
94.33525,384,1000.887807
-995.10004,187,1000.989113
-969.31024,255,1001.032742
75.665665,377,1001.460513
-998.5561,153,1001.658928
-952.1585,389,1001.696631
98.447624,365,1002.120006
-981.19714,218,1002.143966
-1005.0986,408,1002.309712
111.34062,366,1003.347166
-960.5961,393,1003.473348
-980.06964,237,1003.945553
-1000.835,338,1004.016992
98.65402,362,1004.131578
-954.7267,411,1004.240864
98.958015,385,1004.728192
65.95407,419,1004.970145
-981.7221,192,1005.285679
-1109.2275,313,1005.565386
-1066.7151,438,1009.102743
-994.9215,151,1009.116802
67.912254,376,1009.268714
56.29505,380,1009.479949
70.97428,380,1009.58479
98.79801,394,1010.100786
-946.79706,386,1010.259293
-976.28357,228,1010.462514
87.63879,393,1010.776026
-965.88605,279,1010.865491
92.87091,391,1011.359636
103.50985,390,1011.706313
93.42519,379,1011.738435
105.685394,386,1012.364976
-1037.4661,371,1012.462632
95.91688,394,1012.866369
104.66597,370,1013.223265
-1068.9023,396,1013.286437
99.89938,380,1013.91457
-1002.09796,131,1014.184262
103.92336,369,1014.237824
-990.369,398,1014.395884
89.17165,380,1014.935563
-949.03906,398,1015.152108
105.06825,357,1019.523008
-948.49347,425,1020.179344
106.74807,363,1020.583212
-972.3567,419,1020.662322
-987.7492,221,1020.710736
98.94185,388,1020.760822
84.913376,415,1021.030401
-948.87756,403,1021.392473
98.952255,385,1021.463772
109.24429,362,1022.210164
36.615406,388,1022.948448
85.68666,376,1023.096593
66.05315,426,1023.399402
-1003.76807,447,1023.492213
51.057915,405,1023.678092
107.06329,364,1023.903216
96.24436,356,1023.952372
102.99089,355,1024.784864
97.462234,393,1025.810954
101.46493,365,1026.067787
99.747215,359,1030.774464
-0.2539462,469,1031.143492
97.74519,369,1031.193928
75.90353,385,1031.297089
-1105.0475,446,1031.424424
103.37827,394,1031.931931
79.37201,376,1032.593676
97.29147,362,1032.766379
84.76021,388,1032.901569
88.287476,364,1033.25842
99.75188,397,1033.425025
82.61182,414,1033.778296
52.052917,417,1033.967966
105.49606,422,1034.687071
-950.4271,384,1035.307124
99.941185,374,1035.442544
107.17593,367,1035.541382
89.44086,396,1036.112632
88.311134,396,1036.283043
108.54097,354,1036.535318
-968.84344,263,1036.618796
-996.5275,224,1036.931828
-1047.1929,475,1037.170789
-972.04297,223,1040.493968
105.74517,368,1040.691598
-998.27527,420,1041.09818
-988.67883,276,1041.126338
100.494835,399,1041.479574
91.403946,368,1041.629898
98.83021,384,1042.013128
75.15689,418,1042.477185
-969.5834,279,1042.879855
-1005.27856,135,1042.956399
-954.372,403,1043.046607
99.77363,379,1043.110416
-972.5294,268,1043.180707
102.338554,403,1043.737789
81.748665,407,1044.373698
-995.1639,203,1044.576699
89.93657,382,1048.461661
-984.6207,166,1048.829433
100.71877,373,1048.93071
103.97176,388,1048.970963
-979.92633,272,1049.008451
-962.7309,400,1049.360542
66.00422,432,1049.45371
-998.8122,135,1049.886168
96.70698,396,1054.868093
109.88638,368,1055.134279
-955.79803,271,1055.305649
85.223595,401,1055.579127
95.853775,403,1055.692511
88.67703,416,1055.743333
103.80531,396,1055.938299
106.13178,384,1056.26404
-994.1296,202,1056.759956
103.567635,387,1056.819161
-976.69336,236,1056.890877
49.43952,411,1057.291717
89.961395,381,1057.307867
-970.91876,255,1057.562085
92.56032,390,1057.597194
89.01754,387,1057.896728
86.522285,383,1058.778344
74.91334,412,1059.00564
98.259056,410,1059.071584
97.55465,378,1059.307884
104.33564,380,1059.338976
97.40324,363,1059.527764
105.91833,379,1059.661352
94.82012,392,1060.082315
100.95951,365,1062.947921
92.510635,374,1063.213529
-957.4876,430,1063.640979
100.07957,387,1063.67064
110.76025,356,1063.686341
-953.87805,413,1063.815645
83.36067,404,1064.130281
43.52313,422,1064.6399
-992.47815,167,1065.102434
96.067444,368,1065.1482
91.99109,375,1065.46965
95.60579,373,1065.892248
88.66438,407,1066.109651
-1095.5604,450,1066.33336
-956.0983,444,1066.446696
74.942894,406,1067.112184
104.17689,379,1067.42991
91.63293,411,1067.576059
95.56041,402,1067.890127
100.05165,363,1068.109602
103.85116,371,1072.779531
105.87713,353,1072.906372
86.34555,381,1073.185736
95.90259,374,1073.729077
105.85635,379,1074.077082
101.54186,394,1074.290217
111.12711,366,1074.445154
104.01843,369,1074.620923
-982.11096,193,1074.789742
87.65101,388,1074.944163
93.97506,393,1075.106522
108.240524,361,1075.188095
-999.1357,150,1075.439965
-993.5344,183,1075.767782
100.89427,392,1076.20088
-1007.75397,139,1076.530583
97.27701,415,1076.538113
94.404594,393,1076.566154
96.95454,395,1077.062884
93.77569,379,1077.123318
83.713196,400,1077.363278
99.070724,368,1077.464018
104.896095,381,1078.419559
99.12508,381,1082.4117
106.28858,377,1082.427813
94.176384,408,1082.583874
112.35812,364,1082.96265
103.7499,369,1083.0715
104.634926,372,1083.331435
-985.2179,208,1083.367821
71.290695,388,1083.497827
-988.9714,216,1084.468199
105.95843,369,1084.514363
-944.80316,374,1084.530551
104.31416,370,1084.652333
106.671715,363,1084.98355
71.10184,405,1085.119017
-964.26074,386,1085.316158
111.706726,369,1085.404515
-997.8208,173,1085.862516
110.99702,353,1086.317178
104.73601,366,1086.366815
110.55903,356,1086.450187
-944.71014,406,1086.521943
65.51092,414,1087.312454
99.57185,379,1087.44284
74.73084,407,1087.525482
101.24425,416,1092.683575
104.22259,384,1093.052809
102.012146,382,1093.126595
46.07406,427,1093.22082
96.6361,418,1093.387937
93.78265,362,1093.779067
-983.77893,237,1093.893381
109.308716,359,1093.903906
91.922134,387,1093.989517
-979.504,212,1094.866656
-977.0988,207,1094.954792
104.12952,377,1094.96594
104.85911,371,1095.012166
104.230484,374,1095.119892
99.02227,384,1095.351534
100.57619,355,1095.816926
106.13613,378,1095.84619
-990.0457,161,1095.946253
106.69844,358,1096.9322
87.38225,389,1097.025966
86.290016,389,1097.174705
-982.66187,419,1097.456172
106.2104,401,1097.722343
98.534645,370,1101.423803
101.03351,394,1101.447873
99.00838,406,1101.483117
105.44386,359,1102.402816
94.31897,402,1102.583761
99.16974,372,1102.604854
103.17106,374,1102.868871
91.82937,378,1103.145284
102.7859,357,1103.513138
105.18657,370,1103.556372
94.05209,390,1103.711614
-954.906,390,1104.509635
109.96547,375,1104.585164
106.66508,381,1104.629887
81.83221,398,1104.926138
94.95064,366,1105.020841
-940.56604,380,1108.17779
101.72512,406,1108.361376
98.89108,395,1108.45928
106.9064,353,1109.122051
96.17947,362,1109.256225
96.09037,371,1109.357724
104.082,373,1112.403874
101.189835,359,1112.419932
-966.2345,313,1112.642528
-953.8196,389,1113.294159
91.2918,395,1113.422716
88.34692,360,1114.035726
101.67914,397,1114.118319
92.57895,358,1114.136403
75.60565,385,1114.624638
-967.22705,391,1114.673443
100.84715,393,1114.904708
-942.5478,412,1115.662702
94.69297,415,1115.82708
88.59603,375,1116.201298
106.658035,367,1116.258532
88.250916,384,1116.3522
103.08661,358,1116.766885
99.00905,384,1116.886316
88.16916,358,1117.052118
-1010.0857,301,1117.762557
104.28843,382,1118.071797
-993.0652,231,1121.848147
-963.42175,254,1122.088042
89.83925,390,1122.226377
-986.15204,406,1122.365396
34.24718,411,1122.466276
-1003.2048,153,1122.711033
109.5033,355,1122.78057
98.82803,400,1123.589355
36.012432,433,1124.052922
106.81409,363,1124.08577
92.32953,379,1124.318822
106.02145,386,1124.586669
78.87874,409,1124.606775
102.19782,374,1124.755675
96.6884,395,1124.932786
56.9936,410,1125.89405
76.84376,366,1126.199344
-966.0317,251,1126.266798
99.99866,387,1126.31103
90.90691,401,1126.694151
82.97142,364,1126.775456
90.02567,381,1126.90284
107.683945,371,1127.252291
-961.5292,262,1127.586606
81.96629,359,1132.524402
91.242256,401,1132.822874
92.05288,403,1132.871702
103.029396,383,1133.098022
97.09044,377,1133.137753
80.99634,372,1133.218053
102.99581,381,1133.545486
104.82465,379,1133.807151
-988.2209,167,1134.402124
101.726944,402,1134.657764
108.31651,378,1134.826825
101.159805,363,1134.956444
85.9725,425,1135.028952
100.70581,371,1135.113387
-957.0598,406,1135.225658
-996.6602,132,1135.723827
98.51517,378,1135.74468
105.28495,369,1136.341678
-961.0366,258,1136.524045
86.74956,379,1136.69821
87.92011,385,1136.937052
104.068634,375,1137.027944
85.70009,366,1137.27592
-954.7018,366,1141.144642
76.59145,377,1141.19328
-994.2531,151,1141.211738
94.85847,386,1141.903224
109.24393,359,1142.09702
106.355606,394,1142.124892
94.649826,396,1142.495542
-968.0494,284,1142.724508
100.196,392,1142.766175
92.41909,367,1143.186693
103.430756,386,1143.299467
99.81846,379,1143.864183
91.56948,372,1144.026139
-951.46405,423,1144.251599
106.58718,364,1144.347957
105.4615,353,1144.628198
106.64709,386,1144.808027
100.30841,400,1145.49002
87.76533,385,1145.534164
101.65203,373,1146.34087
80.56477,456,1150.555604
101.6123,384,1150.60278
105.38313,370,1150.646686
101.46439,371,1150.860511
106.26803,388,1151.031519
100.8677,347,1151.298051
102.9258,366,1151.414054
103.62376,389,1152.095885
103.97934,365,1152.288618
94.06306,381,1152.361805
107.27231,389,1152.375361
77.85907,398,1152.826325
105.34942,356,1152.826325
103.43024,377,1153.444439
101.30425,376,1153.653538
104.54658,367,1154.906548
109.20303,364,1155.158073
97.39197,362,1155.240764
108.788826,360,1155.240764
103.75432,354,1155.732749
102.31376,357,1155.760401
105.31164,356,1156.43374
90.31863,387,1156.474455
95.34835,380,1161.623474
92.43403,374,1161.770905
100.360176,373,1161.804065
101.87369,380,1161.836364
104.988335,349,1161.978293
109.47394,364,1162.048781
97.38671,403,1162.990367
-969.58496,470,1163.428896
96.418785,393,1164.123638
102.14065,373,1164.189951
101.49254,394,1164.435931
100.35787,405,1164.470543
109.145905,365,1164.518986
100.233055,389,1164.60211
106.57802,374,1165.58324
78.48415,402,1166.17299
96.80101,359,1166.555881
98.56352,403,1166.885875
99.48284,385,1171.284765
78.54421,410,1171.434568
104.69477,388,1171.442637
92.88906,414,1171.556883
90.11128,370,1175.991847
102.83702,369,1176.45549
102.71644,380,1176.857049
95.66499,374,1177.047858
111.82834,359,1177.401817
88.78106,399,1177.426832
95.98507,380,1177.445573
99.767685,392,1177.511776
-943.93463,394,1178.325097
105.13313,359,1178.662883
97.94324,374,1179.287859
106.35241,368,1179.446361
106.4667,356,1179.749489
109.36535,368,1179.806514
102.67947,369,1179.943369
93.62454,401,1180.090118
100.29411,360,1180.838536
90.47318,373,1181.295724
103.7364,373,1182.036926
89.24648,400,1182.063943
105.19549,380,1182.454247
103.20343,391,1182.475356
104.67185,369,1182.51311
106.46648,379,1187.141842
108.19524,363,1187.631627
96.56717,382,1188.04571
-968.99927,255,1188.26239
100.714355,377,1188.574299
92.64318,390,1188.621764
91.29966,392,1188.96321
-957.33844,404,1188.985272
92.00328,372,1189.023765
91.90716,383,1189.552897
99.55534,377,1190.135872
83.34566,424,1190.159988
82.94165,398,1190.560383
-957.5553,401,1190.618117
99.4034,368,1190.806401
105.197395,371,1190.843295
105.87839,385,1190.942189
95.612595,410,1191.59235
104.997574,372,1192.030007
95.88123,385,1192.066739
99.03403,356,1195.670133
96.66691,379,1195.867036
107.3927,367,1196.02282
77.11708,390,1196.212459
77.73111,425,1196.536586
105.70102,373,1196.961361
105.39006,374,1197.499905
97.40517,389,1197.537073
-996.67883,133,1197.700079
97.702446,371,1197.796988
102.966995,378,1198.049276
102.70185,390,1198.301805
99.4784,364,1198.343139
105.10985,404,1198.97521
-960.5737,262,1199.202876
106.83176,368,1199.833259
107.50322,358,1200.01671
108.850426,356,1200.114703
106.86149,390,1200.610417
102.487366,385,1200.808219
96.81437,390,1200.864109
86.84576,423,1201.72096
98.464874,391,1201.761625
-974.63403,217,1206.529142
98.790276,380,1206.77302
104.214714,358,1206.869859
97.39503,391,1206.943036
93.55651,363,1207.447812
74.1012,407,1207.645675
107.17055,372,1208.199368
-946.3685,397,1208.350356
92.81044,391,1208.52494
104.695244,378,1208.687961
99.491905,399,1208.90038
102.305626,386,1208.92695
95.08197,390,1209.458941
86.153625,411,1209.783546
98.50241,364,1210.134368
-994.4062,268,1210.162602
99.76545,392,1210.511765
97.48237,422,1210.89276
101.26535,378,1211.11609
84.856705,412,1211.291517
75.49861,440,1216.411577
101.14204,396,1216.482544
97.47215,359,1216.594646
100.58284,394,1216.783269
101.69005,389,1217.034734
97.05013,384,1217.371409
108.43342,354,1217.535088
98.23559,395,1217.59565
99.223114,368,1218.330755
99.23574,358,1218.34235
104.34753,376,1218.530031
107.20015,382,1218.766503
98.36609,389,1219.078873
106.641335,378,1219.373401
108.2994,374,1219.559347
99.00139,392,1219.753895
104.78647,386,1220.620625
102.90262,395,1220.690241
97.19817,374,1220.787875
102.81623,381,1221.098777
104.18027,373,1221.404658
105.175896,370,1221.691808
106.14866,376,1221.904794
104.625854,366,1222.054082
106.00768,385,1226.048064
94.35941,374,1226.09021
104.851006,418,1226.193636
100.45986,384,1226.442596
96.20741,403,1226.826089
91.39449,397,1227.066482
101.84598,383,1227.300369
94.00192,423,1227.43063
105.36581,363,1228.096275
97.97671,385,1228.367808
101.43612,379,1228.631992
75.617516,446,1228.670775
95.036964,391,1229.181626
107.39052,388,1229.420265
101.89037,398,1229.881553
99.38261,423,1229.913316
109.4413,360,1230.418048
99.36565,378,1230.781169
101.88243,390,1234.380592
63.87638,429,1237.77206
99.43403,366,1237.88466
90.02824,395,1238.287928
-943.27203,383,1238.621937
103.01275,394,1238.711828
-962.12506,273,1238.854778
103.773254,389,1239.17136
90.927086,396,1239.834121
89.03299,388,1239.96631
89.510414,395,1240.085687
91.621254,416,1240.510083
100.916405,362,1240.614062
95.43561,393,1240.68641
93.509514,389,1240.865587
96.4788,370,1241.036348
105.81793,363,1241.76131
96.94128,409,1241.863737
95.03795,392,1242.051859
102.2479,381,1242.524447
100.57135,373,1242.701818
103.28285,395,1242.74542
89.14576,384,1243.00507
82.30053,378,1243.168124
105.96629,392,1247.495232
101.73516,372,1247.670031
-977.0119,450,1247.909441
99.59809,362,1248.204218
92.55449,407,1248.254287
99.88643,380,1248.487831
72.9224,438,1248.553969
86.22029,401,1248.790386
97.494606,391,1249.702165
-959.75287,290,1250.016281
87.11582,430,1250.496836
-990.75214,503,1250.700005
98.35626,415,1250.813301
-991.1639,178,1250.928782
101.03931,396,1251.053244
101.288864,392,1251.099507
86.49643,411,1251.477081
90.510284,384,1252.551912
14.498247,410,1256.334671
77.60853,417,1256.570334
102.38586,390,1256.613132
86.733696,420,1256.694686
61.0869,403,1256.840593
100.26179,360,1256.97386
72.58076,431,1257.044784
87.282684,389,1258.08148
91.54964,378,1258.549462
93.89339,368,1258.685058
102.11094,375,1258.752251
100.8097,377,1258.818996
99.329704,381,1258.9541
101.19218,385,1259.16438
92.86611,405,1259.203629
84.277435,397,1260.202837
106.39629,388,1260.702084
103.636765,380,1260.809803
101.556755,379,1261.125546
-951.53986,415,1261.19585
98.00587,367,1261.318929
76.768425,457,1261.403099
99.067345,384,1261.484879
74.80171,396,1265.455627
104.23872,374,1265.82215
99.08472,375,1265.953558
105.76053,380,1266.296882
100.715576,397,1266.544013
107.606186,375,1266.55655
81.26547,422,1266.586979
77.42182,408,1266.661849
103.014,357,1267.565214
99.7952,372,1267.948349
97.39798,391,1268.190274
90.86184,411,1268.701357
96.938065,365,1268.743239
95.62265,391,1268.870662
98.08535,393,1268.902349
86.60474,387,1269.016433
99.2847,384,1269.99052
102.59956,361,1270.645394
101.07104,407,1270.706733
102.13064,363,1271.203702
84.90462,401,1271.405436
80.33115,379,1271.448132
92.59783,392,1275.373136
94.28621,379,1275.429817
85.31986,373,1276.06624
101.01273,383,1276.506484
101.942604,384,1276.559451
108.03493,361,1276.809296
97.355225,361,1276.974144
100.22377,372,1277.064676
104.094955,388,1277.229895
92.55139,404,1277.283829
96.45578,393,1278.06384
105.40081,372,1278.546039
97.93418,397,1278.765261
97.5468,379,1278.975496
105.61548,379,1279.29313
102.74546,366,1279.412191
77.61248,417,1279.432824
101.06527,363,1279.466265
98.84271,377,1280.530408
101.9219,373,1280.997818
106.03456,377,1284.001573
85.362816,427,1284.081866
104.61062,370,1284.232815
107.5845,364,1284.341682
96.803474,395,1284.523347
91.76384,429,1284.801758
80.064316,404,1285.561343
99.44575,391,1285.890504
104.08091,400,1286.337987
99.70635,385,1286.343568
103.975334,368,1286.394799
91.571594,386,1286.571885
106.464386,384,1286.726397
89.34261,383,1286.965598
99.927025,378,1287.788912
94.38892,400,1288.273872
102.58403,367,1288.570781
106.531105,394,1288.790256
96.56984,387,1288.958887
71.87323,450,1289.076441
93.72921,386,1289.109522
98.711525,398,1289.428038
-1000.5481,112,1293.311872
91.203415,395,1293.410792
105.006966,392,1297.068933
98.99415,381,1297.269584
87.65914,415,1297.628743
104.18678,375,1297.65384
101.243866,374,1297.672307
91.55871,406,1297.70694
106.87441,379,1298.613118
85.83759,394,1298.623156
98.46567,383,1299.216085
101.90308,377,1299.446461
101.69776,364,1299.981687
101.927765,397,1300.10537
102.136536,392,1300.113912
89.61803,391,1300.139522
85.926346,413,1301.564518
94.95948,417,1301.589093
105.08031,362,1301.765228
102.651665,377,1302.109688
85.049614,364,1302.635704
92.13303,371,1302.689636
94.28547,391,1302.711841
