policy,class,width,dcpa_m,ct_deg,crossing_side,dcpa_below_floor,crossing_escapable,outcome,collided,collided_target,steps,return,colregs_integral,frames_v_port,frames_v_bow,frames_v_side,frames_v_hold,frames_v_r8,integral_v_port,integral_v_bow,integral_v_side,integral_v_hold,integral_v_r8,mean_speed,max_speed,min_target_range,rms_cte,estops,estop_reasons,estop_then_target_collision,first_engaged_cls,engaged_frames,p_port_sense,ever_port_sense_non_overtaking,r_path_max,set,scenario
model,head_on,4.667290875464451,1.1610102603999974,187.80749831200077,,,,collision:target,True,True,28,-346.8833322959763,-50.216174998017,16,0,3,0,10,8.768455624836644,0.0,0.1847962415546446,0.0,1.36601181899531,0.4860405250851757,0.6309395752708956,1.7729246051656604,0.3595703127147491,0,,False,head_on,25,0.0,False,0.0,development,0
model,head_on,9.256378717080882,0.20474741612103542,180.38068801318752,,,,goal,False,False,64,108.39862439906548,-7.196053997091198,6,0,2,0,4,0.8878965726930983,0.0,0.17662939059939403,0.0,0.4811333680227873,0.6157433453949601,0.7931333701666784,2.3137819972275637,1.4283644324365774,0,,False,head_on,27,0.0,False,0.0,development,1
model,head_on,9.263701505753867,0.897791774817988,172.71295063227146,,,,goal,False,False,68,42.23885937270667,-72.63773151666781,20,0,27,0,15,7.453469917724461,0.0,6.99100704435647,0.0,2.3500955698329857,0.5747708111600743,0.8709074325920306,2.2234027209928313,0.9717586112159583,0,,False,head_on,31,0.0,False,0.0,development,2
model,head_on,8.158253975323385,1.8272577111061343,176.89685849442876,,,,goal,False,False,63,132.59628942504176,-2.35356322694225,5,0,0,0,1,0.4392674603557949,0.0,0.0,0.0,0.03981984404023682,0.6045385011456724,0.7611357068706767,3.0072156829441097,0.749455802246366,0,,False,head_on,26,0.0,False,0.0,development,3
model,head_on,9.79861013596842,0.7870190103627532,171.75048692996666,,,,goal,False,False,62,110.98543536138259,-20.033662182634473,8,0,0,0,8,2.5430127595696703,0.0,0.0,0.0,1.654610893947689,0.6143671197852213,0.794842464792141,1.9489589348909473,0.8611856780685102,0,,False,head_on,19,0.0,False,0.0,development,4
model,head_on,6.794447015498243,0.8224691630005858,186.22450347871333,,,,goal,False,False,57,86.70103509332527,-7.855040374128947,5,0,3,0,3,0.878560025796211,0.0,0.6009735247331902,0.0,0.29836967942182635,0.6867387848649764,0.8690574249354229,1.1616279257828899,1.4289128126843165,0,,False,head_on,22,0.0,False,0.0,development,5
model,head_on,9.352354251818824,0.74419208150055,189.8666552294396,,,,goal,False,False,66,112.56813096690959,-12.392408192880493,6,0,1,0,4,1.8915459429202577,0.0,0.032932699296431195,0.0,0.6468217906573478,0.5971700050781793,0.8188999621510464,2.2767022513257458,0.7815029570550512,0,,False,head_on,25,0.0,False,0.0,development,6
model,head_on,9.226265367820247,0.8555041831564252,181.15020586074925,,,,goal,False,False,60,100.26511424468144,-2.5187813005521598,0,0,0,0,2,0.0,0.0,0.0,0.0,0.5597291779004799,0.660557740740294,0.8433858438625508,1.590479051181589,1.1618637867075963,0,,False,head_on,11,0.0,False,0.0,development,7
model,head_on,6.058594996054423,1.840716953859967,178.36331706632063,,,,goal,False,False,60,114.20378078525006,-2.555936459313477,5,0,0,0,3,0.28550711220882036,0.0,0.0,0.0,0.25392805641773686,0.639893509152843,0.7653799766958105,2.9286529389296665,0.6804167761711607,0,,False,head_on,23,0.0,False,0.0,development,8
model,head_on,9.200193065365328,1.0046474696443757,171.65872531824064,,,,goal,False,False,69,46.719151611829275,-9.82353526116954,5,0,0,0,5,1.3347385089371289,0.0,0.0,0.0,0.7147954759846117,0.5780649919398536,0.8130423409487264,2.610498354443206,1.9877190003401641,0,,False,head_on,25,0.0,False,0.0,development,9
model,head_on,9.33910709037673,1.3293144757328503,188.10570753975367,,,,goal,False,False,61,118.36782293705363,-5.008660644088659,6,1,0,0,3,0.7915964796699465,2.2178749729597894e-06,0.0,0.0,0.24227713138695728,0.6376015704733511,0.9219717723520067,2.5955380352583277,0.8598671488051106,0,,False,crossing,10,0.0,False,0.0,development,10
model,head_on,9.201918994820689,1.3472959214865994,177.51607921353337,,,,goal,False,False,65,126.2891656522125,-1.7252829311757738,4,0,0,0,4,0.03867831073414822,0.0,0.0,0.0,0.3408500651203867,0.5912745856134822,0.7506679568496004,2.5061446602221773,0.8303150854450277,0,,False,head_on,24,0.0,False,0.0,development,11
model,head_on,7.0168699613170915,0.015575077797397752,189.9520951299898,,,,goal,False,False,55,71.22701871372954,-12.587264930335724,9,0,0,0,4,1.902316247354575,0.0,0.0,0.0,0.704622112429017,0.7171514165828494,0.9334579143773905,2.327303221393379,1.3331443908032552,0,,False,head_on,23,0.0,False,0.0,development,12
model,head_on,9.201228208159643,1.773234588430947,186.26632667244348,,,,goal,False,False,64,120.43241767965459,-1.4677057487333303,1,0,0,0,1,0.1350187911457056,0.0,0.0,0.0,0.177636162791575,0.5926357844134589,0.7484119983441132,3.1666165517917544,1.0692814415070884,0,,False,head_on,23,0.0,False,0.0,development,13
model,head_on,9.304144726251463,0.6644683462769254,189.27794679609093,,,,collision:target,True,True,22,-323.70451332255686,-40.491237802565436,5,0,9,0,14,3.7025084464081672,0.0,0.571235155068299,0.0,4.468305429910918,0.5967637123180718,0.6637099768218644,1.9020520055343388,0.2662136424180826,0,,False,head_on,18,0.0,False,0.0,development,14
model,head_on,9.20575260113067,0.849192777252975,173.08181901960162,,,,goal,False,False,74,-14.670986315678917,-40.05384889265998,8,1,9,0,10,1.144555910633977,0.7002194504696285,1.675697513386271,0.0,5.53104440155701,0.5553545272063151,0.8690425969966344,1.1049616217872276,1.8774977429866067,0,,False,crossing,19,0.5263157894736842,True,0.0,development,15
model,head_on,9.426345612222729,1.6398199049458149,185.8333102281301,,,,goal,False,False,69,53.946431590417454,-4.4310089719372066,4,0,0,0,8,0.15084870808099626,0.0,0.0,0.0,0.8187350815413944,0.5817101771417419,0.8407408720169193,1.927195239007397,0.9835001343226116,0,,False,head_on,22,0.0,False,0.0,development,16
model,head_on,9.209226660497963,0.05633275187814779,184.51465458980437,,,,goal,False,False,64,93.99912403208398,-9.086340734458243,7,0,1,0,5,0.8783594121413132,0.0,0.08238706711275284,0.0,0.9870818228339627,0.6096502236593683,0.803139705783103,2.2206269166007204,1.593316864279724,0,,False,head_on,24,0.0,False,0.0,development,17
model,head_on,9.20543525150859,1.0728865077879095,174.193266873849,,,,goal,False,False,59,60.239170272018804,-4.2885551419622265,5,0,1,0,2,0.569688381888025,0.0,0.2022503697101724,0.0,0.16455473792441827,0.6690502832260703,0.9240221131786319,3.086064578040565,2.006539277184598,0,,False,head_on,26,0.0,False,0.0,development,18
model,head_on,4.159052935705747,0.14137351270705856,170.32558044002377,,,,goal,False,False,54,83.48966174625637,-20.13429360339671,6,0,1,0,6,2.3534498634212104,0.0,0.11127953354482771,0.0,1.7964689908222966,0.7113406742996832,0.8590275981220957,1.1849802512723617,0.655130609268016,0,,False,head_on,22,0.0,False,0.0,development,19
model,crossing,9.325072549897683,2.455380360551736,268.8460486216667,starboard,,True,goal,False,False,80,21.62793946401102,-40.62411985872483,22,0,0,0,4,7.749862553596065,0.0,0.0,0.0,0.5027333818720691,0.5236312395166937,0.8796653204759729,2.5272179764152285,1.459870660720561,0,,False,crossing,22,0.0,False,0.0,development,20
model,crossing,9.20032035773287,0.3757033796243289,250.8363733912049,starboard,,True,collision:target,True,True,17,-384.8771635945818,-90.84952923754715,15,12,0,0,15,4.5573470823995414,5.532959695942646,0.0,0.0,9.08944681883407,0.6043330589222762,0.8311450599525947,1.2739719851358935,0.4608294435586322,0,,False,crossing,15,0.0,False,0.0,development,21
model,crossing,9.40498678456392,1.4601377428364724,82.39726623201037,port,,True,goal,False,False,72,60.425855253143325,-10.85107444556749,6,0,0,0,1,1.7920024814589028,0.0,0.0,0.0,0.44014714718798215,0.5351640805591784,0.8409135780710477,2.0087038622030264,0.41142806732329495,0,,False,crossing,14,1.0,True,0.0,development,22
model,crossing,9.201731668071005,0.8128280920360667,70.71932239246014,port,,True,collision:target,True,True,14,-300.88842774909784,0.0,0,0,0,0,0,0.0,0.0,0.0,0.0,0.0,0.7434800113529985,0.8438054180324454,0.9611478234781125,0.1359312374984005,0,,False,never,0,0.0,False,0.0,development,23
model,crossing,4.213321680937903,2.4658059993829493,249.48839528708197,starboard,,True,collision:target,True,True,17,-307.173343094201,0.0,0,0,0,0,0,0.0,0.0,0.0,0.0,0.0,0.6511084233992451,0.7975126072951154,1.3921936346758095,0.4027240116723013,0,,False,never,0,0.0,False,0.0,development,24
model,crossing,9.22607796058857,0.011672841727625172,217.56740935493644,starboard,,True,goal,False,False,58,72.89507388496368,-46.543908392728135,9,13,0,0,13,4.0757852765783165,1.0691571639695174,0.0,0.0,4.683654069336969,0.6606207001858828,0.9653312554639901,1.2319205624781284,0.6414317493723292,0,,False,crossing,13,0.0,False,0.0,development,25
model,crossing,9.200341390483517,2.4529873854013067,93.3183488559975,port,,True,collision:target,True,True,19,-324.72071971161324,-13.325241464904094,0,15,0,0,2,0.0,2.533417441636859,0.0,0.0,0.17440558417814264,0.3698721925261734,0.5450991514776097,1.3181990788281936,0.2331798286287122,0,,False,crossing,17,1.0,True,0.0,development,26
model,crossing,7.422111459538887,0.17000430075675282,79.82436139105627,port,,True,goal,False,False,71,-101.85649539370108,-16.835869494787367,3,4,0,0,4,0.5522445758629837,2.4835069908236753,0.0,0.0,0.4019776088196445,0.5842242737032352,0.9021614341616676,2.583710342123925,1.7838240869148854,0,,False,crossing,24,1.0,True,0.0,development,27
model,crossing,9.256154925577007,0.23622966892240083,151.61089879673176,port,,True,goal,False,False,68,24.125065664148565,-12.153682625561531,2,0,0,0,8,0.05927920747873982,0.0,0.0,0.0,2.6356112330092825,0.6032327074342388,0.8666070737387078,1.2022492995633847,2.118907362323581,0,,False,crossing,15,1.0,True,0.0,development,28
model,crossing,9.217198206135693,1.5379687920128267,257.9345989647785,starboard,,True,goal,False,False,80,-70.74859281248408,-38.843803898542255,21,0,0,0,1,7.628017350489322,0.0,0.0,0.0,0.24113733636002327,0.49063280012636257,0.9147406657868222,2.3137739625490967,1.2756391794584108,0,,False,crossing,21,0.0,False,0.0,development,29
model,crossing,9.202204024537645,2.226126868249491,165.26412353887025,port,,True,goal,False,False,68,57.97910415147393,-9.331855963744788,8,1,0,0,1,1.1076589781298145,0.7479025564351499,0.0,0.0,0.03262808169960294,0.5694385117920806,0.8591823737265176,1.010573820461001,1.5810217735439236,0,,False,crossing,22,1.0,True,0.0,development,30
model,crossing,9.205552454429636,0.23366396928340888,123.49873427544586,port,,True,goal,False,False,67,25.48978333080612,-9.512402478256943,3,3,0,0,4,0.20875226010592313,0.6388549368906056,0.0,0.0,1.1814993006942498,0.5884933997706543,0.90077223984643,1.1695825307752687,1.6555477505576117,0,,False,crossing,15,1.0,True,0.0,development,31
model,crossing,9.200142654891936,1.624241388782099,169.30086923475568,port,,True,goal,False,False,65,115.47725908786542,-16.737945430413554,13,1,0,0,7,2.1133657714337604,0.011297066778595167,0.0,0.0,1.3824143069471984,0.5820432162423775,0.6638181467286848,2.1396312627571916,0.9164556772636866,0,,False,crossing,13,1.0,True,0.0,development,32
model,crossing,9.24656234395405,1.4394070464462696,116.28327931154196,port,,True,goal,False,False,70,-0.770210156036427,-19.572925336934333,6,2,0,0,2,2.768968021584053,0.3589087472149433,0.0,0.0,0.9088745180842901,0.5764374428857005,0.796392208389421,1.7611039433945779,1.2317401794979324,0,,False,crossing,18,1.0,True,0.0,development,33
model,crossing,9.224667440555242,0.9180185044120603,89.27241364287374,port,,True,collision:target,True,True,20,-300.1961909788138,0.0,0,0,0,0,0,0.0,0.0,0.0,0.0,0.0,0.7167866057423868,0.8666301834354648,1.3358621916021636,0.6246370821234504,0,,False,never,0,0.0,False,0.0,development,34
model,crossing,9.224439980944135,1.622891763736585,262.9418030030328,starboard,,True,collision:target,True,True,26,-377.80137085459023,-50.988235356236125,21,1,0,0,9,7.584426349817932,0.38268588675396903,0.0,0.0,2.566895507823382,0.39825513924518496,0.5943348032585613,1.5895928106802184,0.8572538141479173,0,,False,crossing,21,0.0,False,0.0,development,35
model,crossing,9.281407130030928,2.3463067862190936,256.19074597247004,starboard,,True,goal,False,False,76,-37.767712923209004,-32.816204112708384,19,0,0,0,4,6.4304052807988885,0.0,0.0,0.0,0.2190439939453066,0.5499678044859433,0.8868140759025935,2.797321464244801,2.332000996767306,0,,False,crossing,19,0.0,False,0.0,development,36
model,crossing,9.317024449463847,1.0854240390193897,123.51645874137515,port,,True,collision:target,True,True,14,-292.57128926911696,0.0,0,0,0,0,0,0.0,0.0,0.0,0.0,0.0,0.5695321096833903,0.7002056298539683,1.45498227375327,0.40089136087570737,0,,False,never,0,0.0,False,0.0,development,37
model,crossing,9.205202320612555,2.255702132700812,273.95202456626794,starboard,,True,goal,False,False,57,64.50125066786592,-18.03129989659167,6,7,0,0,7,1.0976089948881513,1.0402855318465245,0.0,0.0,1.6552715531677824,0.6762278040772185,0.8351061561179565,2.9887808648532723,0.839074824816503,0,,False,crossing,7,0.0,False,0.0,development,38
model,crossing,9.20752337004363,0.21478633800013247,132.71447147476437,port,,True,goal,False,False,63,61.71509195867529,-5.633440613746257,0,4,0,0,2,0.0,0.3580063448418648,0.0,0.0,0.8580687126175612,0.6483087719182542,0.8805475355305712,1.0232811688258967,2.080329215544796,0,,False,crossing,18,1.0,True,0.0,development,39
model,overtaking,4.667290875464451,1.1610102603999974,7.8074983120007815,,,,goal,False,False,58,39.473222834041515,-56.0295560232084,24,6,37,0,4,2.5557122579844114,0.5491869835764844,11.002317032159702,0.0,0.2337696581571162,0.6557254815309036,0.9340344865174789,2.0357336932810925,0.6242104819693418,0,,False,overtaking,39,0.0,False,0.0,development,40
model,overtaking,9.256378717080882,0.20474741612103542,0.3806880131875161,,,,goal,False,False,69,17.34662002217678,-60.01214089945692,24,7,55,0,0,2.0252866030144485,0.40047289659480684,13.334619826775306,0.0,0.0,0.5687988330258703,0.9145887284589621,2.1775908884989135,1.5510064756421156,0,,False,overtaking,63,0.0,False,0.0,development,41
model,overtaking,9.263701505753867,1.0548264325212529,-7.601947507118378,,,,goal,False,False,64,5.969510737962494,-64.19539282510036,41,12,0,0,17,9.590737658032975,0.7650152373380693,0.0,0.0,2.8743146651141527,0.6295345012431768,0.8801544961981624,2.217897846334074,2.3326428514958146,0,,False,overtaking,50,0.0,False,0.0,development,42
model,overtaking,8.158253975323385,0.6093971338122968,-4.422219858104821,,,,goal,False,False,63,79.76989222011616,-11.88118069053802,21,0,2,0,1,2.0046293490497455,0.0,0.5423458324255588,0.0,0.0012934257799486486,0.6109578518834385,0.8797131646602184,2.9693769434539767,1.5813232781686468,0,,False,overtaking,46,0.0,False,0.0,development,43
model,overtaking,9.79861013596842,1.1063150839145233,0.9651921323560408,,,,goal,False,False,63,56.46930870191101,-48.466905321475366,20,2,45,0,1,1.5198455177621961,0.0069181912346312595,11.36347038249033,0.0,0.00020701888352718135,0.607163068796485,0.9134501837911181,2.7142692837753644,1.0213865446290338,0,,False,overtaking,48,0.0,False,0.0,development,44
model,overtaking,6.794447015498243,0.8224691630005858,6.224503478713331,,,,goal,False,False,82,41.918122584883044,-33.348041220965264,32,0,18,0,0,3.5001224635382266,0.0,4.450676396236397,0.0,0.0,0.47331068260345616,0.8038970345659031,2.846431924750215,0.7632096926078521,0,,False,overtaking,76,0.0,False,0.0,development,45
model,overtaking,9.352354251818824,0.74419208150055,9.86665522943959,,,,goal,False,False,63,34.79924619440173,-66.8989760096019,25,10,42,0,5,2.456672662907239,1.0654737338806974,13.585571477568548,0.0,0.12362089472329339,0.6201956305785105,0.9139956567348118,2.083726310731903,0.8673566555787553,0,,False,overtaking,44,0.0,False,0.0,development,46
model,overtaking,9.226265367820247,1.9884273638462515,8.064555095613034,,,,goal,False,False,66,100.18458805484963,-0.230592376901034,1,0,0,0,0,0.04658431856586545,0.0,0.0,0.0,0.0,0.5885513376773244,0.7811471572257752,4.251545203422809,1.5544792965916783,0,,False,overtaking,46,0.0,False,0.0,development,47
model,overtaking,6.058594996054423,0.8361574141727877,8.499933444466564,,,,goal,False,False,71,60.32724049289684,-22.002626877893384,26,0,4,0,7,3.1557579704357632,0.0,1.1732537298033425,0.0,0.4795358882098493,0.5437347194695986,0.8789979312397268,2.5261258132368245,0.7758689104681019,0,,False,overtaking,49,0.0,False,0.0,development,48
model,overtaking,9.200193065365328,0.5039496003729844,8.56420453082676,,,,goal,False,False,72,-5.105593948092917,-40.7860172791428,24,0,0,0,19,5.421910142068767,0.0,0.0,0.0,3.099458239089422,0.5436876434221062,0.8380427345552842,1.9232479245091925,1.6299373850288792,0,,False,overtaking,54,0.0,False,0.0,development,49
model,overtaking,9.33910709037673,1.3293144757328503,8.105707539753652,,,,goal,False,False,66,86.21057606806203,-1.8465246511744686,14,0,0,0,1,0.3588905066215806,0.0,0.0,0.0,0.015559254088365355,0.5996385875431657,0.7887319834699114,3.684946257560995,1.5530674969176828,0,,False,overtaking,36,0.0,False,0.0,development,50
model,overtaking,9.201918994820689,1.3472959214865994,-2.4839207864666353,,,,goal,False,False,62,67.30344282538647,-43.44308487177704,17,0,39,0,5,1.2122967662692106,0.0,10.133444536787135,0.0,0.21373678806905577,0.6151836992519087,0.8148408300822901,2.755838980893957,0.9291334731434903,0,,False,overtaking,40,0.0,False,0.0,development,51
model,overtaking,7.0168699613170915,0.7654242004525413,6.942858355735275,,,,goal,False,False,65,20.22954815030876,-62.75858380960037,36,7,44,0,5,3.857238340829993,0.2820039528187299,11.693371964351602,0.0,0.038487863194092316,0.5933803295342768,0.9089681071706842,2.2377672058046643,1.143280545278203,0,,False,overtaking,46,0.0,False,0.0,development,52
model,overtaking,9.201228208159643,1.773234588430947,6.26632667244348,,,,goal,False,False,57,68.81069111631862,-3.393655447639502,7,0,11,0,0,0.16711921750576014,0.0,0.7128931447183303,0.0,0.0,0.6862193056369789,0.9011485494317335,3.8367561463605546,1.8340745422965117,0,,False,overtaking,16,0.0,False,0.0,development,53
model,overtaking,9.304144726251463,0.9269361996223227,-3.600802256608846,,,,goal,False,False,65,83.01375901063119,-11.854939285579604,16,1,0,0,2,2.33875085652653,0.0010839462290038238,0.0,0.0,0.0606126693199357,0.5962957849765511,0.8487329076302038,2.877971908397431,1.2957772985686824,0,,False,overtaking,43,0.0,False,0.0,development,54
model,overtaking,9.20575260113067,1.2596828955515242,4.671958493469026,,,,goal,False,False,66,79.7908168306103,-13.293978701878599,23,0,0,0,0,2.6856522630057773,0.0,0.0,0.0,0.0,0.587895583407762,0.7654860817081454,3.1547144641348024,1.5792533606592316,0,,False,overtaking,57,0.0,False,0.0,development,55
model,overtaking,9.426345612222729,1.8290081990792668,1.3548002648429112,,,,goal,False,False,68,101.02808852722721,-0.5348981909284649,4,0,0,0,0,0.10806024059160908,0.0,0.0,0.0,0.0,0.5853000673781845,0.7719910892807694,3.901897488923721,1.4066520989181022,0,,False,overtaking,39,0.0,False,0.0,development,56
model,overtaking,9.209226660497963,1.6459025506454428,7.272235265341909,,,,goal,False,False,64,74.2766197392593,-13.66170713791224,24,0,0,0,0,2.7599408359418667,0.0,0.0,0.0,0.0,0.5985182078155906,0.8550344483668926,2.992112656877582,0.9680862648493015,0,,False,overtaking,47,0.0,False,0.0,development,57
model,overtaking,9.20543525150859,1.0728865077879095,-5.8067331261509985,,,,goal,False,False,63,65.84445961310215,-20.277157373122023,15,0,30,0,1,0.8131843205666967,0.0,4.5040651743482165,0.0,0.008280079702954125,0.6169004577362306,0.9375074760156776,3.310575321526508,1.39320468364241,0,,False,overtaking,33,0.0,False,0.0,development,58
model,overtaking,4.159052935705747,0.14137351270705856,-9.674419559976226,,,,goal,False,False,61,-274.66021394677557,-93.28685254430795,37,9,0,0,8,15.628402217450434,1.7564045826527488,0.0,0.0,1.6071241963993792,0.6259329944122393,0.8742249671269624,1.336501411955539,0.9688380642149848,0,,False,overtaking,44,0.0,False,0.0,development,59
model,being_overtaken,9.29164488754975,1.7522968062198747,-9.403247400071162,,False,,goal,False,False,40,82.79595704824936,-26.765762694467437,0,0,0,10,0,0.0,0.0,0.0,6.608830294930231,0.0,0.6305035790234512,0.9715551221180647,2.1083517061370167,0.5876877805542255,0,,False,being_overtaken,20,0.0,False,0.0,development,60
model,being_overtaken,9.256378717080882,2.045196520946249,-9.01402256065518,,False,,goal,False,False,41,96.97954011725986,-19.539420386079893,0,0,0,12,0,0.0,0.0,0.0,4.824548243476516,0.0,0.5888012030105002,0.8231618718765351,2.276749752970772,0.6547430094834871,0,,False,being_overtaken,20,0.0,False,0.0,development,61
model,being_overtaken,9.263701505753867,1.7168351782568199,-7.287049367728528,,False,,goal,False,False,40,68.12283529613657,-46.86924026137916,0,0,0,15,0,0.0,0.0,0.0,11.572651916389916,0.0,0.6089739971912114,0.9319225910845461,2.0116090076843016,0.32736969083989215,0,,False,being_overtaken,25,0.0,False,0.0,development,62
model,being_overtaken,9.201657506973971,1.3384111803369196,0.9603339048021038,,False,,collision:target,True,True,16,-303.9227403637719,-6.129659877206334,0,0,0,2,0,0.0,0.0,0.0,1.5134962659768725,0.0,0.4637043500576201,0.5443730049830013,0.7543555779554589,0.36576108073176006,0,,False,being_overtaken,15,0.0,False,0.0,development,63
model,being_overtaken,9.419592259148496,1.3554472627926804,-3.5826469593876826,,False,,goal,False,False,43,93.26120745572055,-26.072805503223027,0,0,0,11,0,0.0,0.0,0.0,6.437729753882227,0.0,0.5841103818525735,0.7088343083592785,1.8633422038357819,0.8284834004176184,0,,False,being_overtaken,18,0.0,False,0.0,development,64
model,being_overtaken,9.201353859109185,1.26594027665971,3.0836699396428067,,False,,goal,False,False,39,101.18479130040174,-11.495240378851973,0,0,0,8,0,0.0,0.0,0.0,2.838330957741228,0.0,0.6183415769680146,0.8588083827484589,2.0182586346954934,0.7081408489935137,0,,False,being_overtaken,21,0.0,False,0.0,development,65
model,being_overtaken,9.352354251818824,1.8649907102640115,-9.542742054762993,,False,,goal,False,False,38,89.97328383694895,-15.024953324306704,0,0,0,8,0,0.0,0.0,0.0,3.7098650183473345,0.0,0.6418344022207415,0.9330468336833513,2.0138433639653766,0.3831659889796238,0,,False,being_overtaken,16,0.0,False,0.0,development,66
model,being_overtaken,9.226265367820247,1.1780699883974688,-1.698023690478136,,False,,goal,False,False,39,54.86118762172567,-52.23482290450099,0,0,0,17,0,0.0,0.0,0.0,13.2347961116359,0.0,0.6203710825315008,0.9049032852876758,2.0489030997134043,0.636822294151617,0,,False,being_overtaken,26,0.0,False,0.0,development,67
model,being_overtaken,9.228035830753342,1.1978143228060183,-2.6363731345039128,,False,,collision:boundary,True,False,56,-398.0182218150644,-22.298074258085574,0,0,0,8,0,0.0,0.0,0.0,5.505697347675451,0.0,0.5405001603792674,0.7377841272271848,1.8349258554875671,1.442608346038392,0,,False,being_overtaken,19,0.0,False,0.0,development,68
model,being_overtaken,9.200193065365328,0.19086248924666288,1.2060094728909476,,True,,collision:target,True,True,15,-315.28980155292464,-27.672044323278815,0,0,0,11,0,0.0,0.0,0.0,6.832603536612052,0.0,0.5730333144164595,0.6429491392463474,1.8371795602700105,0.20071633291128832,0,,False,being_overtaken,14,0.0,False,0.0,development,69
model,being_overtaken,9.33910709037673,1.4967787552906244,8.105707539753652,,False,,goal,False,False,43,106.97954173306978,-11.314747505952568,0,0,0,7,0,0.0,0.0,0.0,2.7937648162845843,0.0,0.580166813307574,0.7094497669175398,1.7740225472283075,0.9939176850557078,0,,False,being_overtaken,16,0.0,False,0.0,development,70
model,being_overtaken,9.201918994820689,1.403376455442556,-3.9325578846514597,,False,,goal,False,False,40,100.92132848637958,-20.867112607672613,0,0,0,13,0,0.0,0.0,0.0,5.152373483375954,0.0,0.6093382173017876,0.7327150723920175,1.9508797804071327,0.6380848961665835,0,,False,being_overtaken,24,0.0,False,0.0,development,71
model,being_overtaken,9.223101176511955,0.3248875190088812,-1.2414561694514799,,True,,goal,False,False,39,80.32726789246868,-32.168189856230185,0,0,0,11,0,0.0,0.0,0.0,7.942762927464242,0.0,0.6294209086892213,0.8690831154640036,1.2338821514520153,0.866472794543261,0,,False,being_overtaken,23,0.0,False,0.0,development,72
model,being_overtaken,9.201228208159643,0.0815323362712651,-2.0152702000891143,,True,,collision:target,True,True,21,-316.15025488596956,-34.060461295274976,0,0,0,16,0,0.0,0.0,0.0,8.409990443277772,0.0,0.5614215626807595,0.5978590597090955,1.850063349925274,0.1562844761990634,0,,False,being_overtaken,20,0.0,False,0.0,development,73
model,being_overtaken,9.304144726251463,1.9081779744704535,-9.662034232505992,,False,,goal,False,False,39,96.50777125273429,-23.68477310156733,0,0,0,13,0,0.0,0.0,0.0,5.848092123843785,0.0,0.6268601708004302,0.7654330308206433,2.388707376001817,0.6382723127295026,0,,False,being_overtaken,25,0.0,False,0.0,development,74
model,being_overtaken,9.20575260113067,1.7811026599624644,-6.918180980398385,,False,,goal,False,False,36,88.60421102262082,-7.335173394098988,0,0,0,6,0,0.0,0.0,0.0,1.811153924468886,0.0,0.6697139095216972,0.9567370042767631,2.1523873009512866,0.6403957778325015,0,,False,being_overtaken,14,0.0,False,0.0,development,75
model,being_overtaken,9.426345612222729,1.581172144619873,-4.164408656641687,,False,,goal,False,False,41,44.191588234554715,-61.10889344541831,0,0,0,17,0,0.0,0.0,0.0,15.76482833226504,0.0,0.6267569879443287,0.9907988875558957,1.9902460245172133,0.4075438607912984,0,,False,being_overtaken,29,0.0,False,0.0,development,76
model,being_overtaken,9.209226660497963,1.7425760355788675,-9.106683087764988,,False,,collision:boundary,True,False,53,-408.9115837438559,-30.558000560711776,0,0,0,13,0,0.0,0.0,0.0,7.545185323632538,0.0,0.5748866324220423,0.7972642802784226,1.9228687620744798,1.2832406297967802,0,,False,being_overtaken,22,0.0,False,0.0,development,77
model,being_overtaken,9.20543525150859,1.4588206169932798,-2.068812098109092,,False,,goal,False,False,38,88.10806123998711,-23.921649834791037,0,0,0,8,0,0.0,0.0,0.0,5.906580206121243,0.0,0.6362524159890188,0.7434553172622271,1.911035486803977,0.7068642824713706,0,,False,being_overtaken,18,0.0,False,0.0,development,78
model,being_overtaken,9.3403387698431,1.8722641319819475,-9.242295739749904,,False,,goal,False,False,60,44.725199136547374,-4.573510200327412,0,0,0,3,0,0.0,0.0,0.0,1.1292617778586203,0.0,0.4119909862440811,0.5815847266154631,2.204294158595333,0.17233945611922774,0,,False,being_overtaken,15,0.0,False,0.0,development,79
model,null,9.29164488754975,5.7565381948550165,-7.26621989820476,,,,goal,False,False,63,55.51042643317546,-3.5916364048604983,4,0,4,0,0,0.23425694018393353,0.0,0.6755734863750076,0.0,0.0,0.6376337578085602,0.7870758383988642,7.218841681857977,2.1730371627251954,0,,False,overtaking,9,0.0,False,0.0,development,80
model,null,9.256378717080882,8.660246858655393,-3.5806942248362805,,,,goal,False,False,62,147.45819267811808,0.0,0,0,0,0,0,0.0,0.0,0.0,0.0,0.0,0.6123436919796355,0.6841523267578281,8.933379503811667,0.29492358542175096,0,,False,never,0,0.0,False,0.0,development,81
model,null,9.263701505753867,2.9058296402531263,-3.3861293635073135,,,,goal,False,False,62,42.81900715193109,0.0,0,0,0,0,0,0.0,0.0,0.0,0.0,0.0,0.655780001767241,0.8868991530618621,10.084918862961825,2.385197871379307,0,,False,never,0,0.0,False,0.0,development,82
model,null,9.201657506973971,8.143947688279297,3.3248882279343874,,,,goal,False,False,67,21.562467077997738,-10.707724559195317,6,0,2,0,0,1.7535035565603205,0.0,0.5633005428393688,0.0,0.0,0.6105661740787811,0.8142572200621022,6.817644852022326,2.355239641386847,0,,False,overtaking,6,0.0,False,0.0,development,83
model,null,9.419592259148496,0.8989021005760739,1.9791000954530311,,,,goal,False,False,61,74.0364868646617,0.0,0,0,0,0,0,0.0,0.0,0.0,0.0,0.0,0.6884494272474341,0.9058906420192575,6.701160148259009,1.7716770547873142,0,,False,never,0,0.0,False,0.0,development,84
model,null,9.201353859109185,9.596358425588159,-3.940947096756009,,,,goal,False,False,59,83.86388246621314,0.0,0,0,0,0,0,0.0,0.0,0.0,0.0,0.0,0.6577524830732382,0.8888581266724127,6.018395585361029,1.4633125088598642,0,,False,overtaking,7,0.0,False,0.0,development,85
model,null,9.352354251818824,9.217626232300592,-7.325192492627119,,,,goal,False,False,67,100.79049707252378,0.0,0,0,0,0,0,0.0,0.0,0.0,0.0,0.0,0.5849726345196352,0.753480002305385,6.804146680988154,0.8109607531333127,0,,False,never,0,0.0,False,0.0,development,86
model,null,9.226265367820247,4.9984986763695405,0.34200399564410944,,,,goal,False,False,59,100.21191555324197,0.0,0,0,0,0,0,0.0,0.0,0.0,0.0,0.0,0.6497607957337197,0.8774247206410891,6.266166780899265,0.42674187661655183,0,,False,never,0,0.0,False,0.0,development,87
model,null,9.228035830753342,5.436292650056777,1.8420587943308853,,,,collision:boundary,True,False,37,-370.90371693294526,0.0,0,0,0,0,0,0.0,0.0,0.0,0.0,0.0,0.6135453902389749,0.7701926257508611,9.040141915527203,1.9371750251349475,0,,False,never,0,0.0,False,0.0,development,88
model,null,9.200193065365328,4.182962212678782,0.707371184174006,,,,goal,False,False,61,43.960081075453324,0.0,0,0,0,0,0,0.0,0.0,0.0,0.0,0.0,0.6540728981451921,0.9196707364806126,7.3179636939222625,2.4791605875980784,0,,False,overtaking,1,0.0,False,0.0,development,89
model,null,9.33910709037673,6.3303559794884015,5.301646114803592,,,,goal,False,False,71,47.842770358592986,0.0,0,0,0,0,0,0.0,0.0,0.0,0.0,0.0,0.5491477688204386,0.7144596590756807,9.092977588119917,0.574708088270062,0,,False,never,0,0.0,False,0.0,development,90
model,null,9.201918994820689,7.850375180327398,-4.240355286117015,,,,goal,False,False,67,81.306107953328,-2.159001179734984,0,0,2,0,0,0.0,0.0,0.5997225499263845,0.0,0.0,0.5729302260781657,0.7061330809916531,6.1332391458809825,0.6050764627481755,0,,False,overtaking,2,0.0,False,0.0,development,91
model,null,9.223101176511955,2.426367287678526,-4.406193619774143,,,,goal,False,False,66,43.820034798764055,-17.139574048190163,8,1,3,0,0,2.5165808670003624,0.4173395738958816,0.7268521849315992,0.0,0.0,0.5862906145882989,0.8344724388172944,5.500474679482928,1.455860564552856,0,,False,overtaking,15,0.0,False,0.0,development,92
model,null,9.201228208159643,12.74439094363986,-7.642869955867406,,,,goal,False,False,57,83.43859198385934,0.0,0,0,0,0,0,0.0,0.0,0.0,0.0,0.0,0.6888504621574316,0.973020524219303,10.873662317148568,1.2959395665476452,0,,False,never,0,0.0,False,0.0,development,93
model,null,9.304144726251463,9.73287446806672,-9.768626274288362,,,,goal,False,False,62,69.28281181271146,-17.250728843948153,6,4,5,0,0,1.6544338270033345,0.9245294666770429,1.245794594508411,0.0,0.0,0.6201923571280753,0.9041471797075407,7.814317160833286,1.4116296503349324,0,,False,overtaking,13,0.0,False,0.0,development,94
model,null,9.20575260113067,1.1831978387371584,2.36274754534422,,,,goal,False,False,69,138.51727748071067,-3.0858115672409894,0,0,4,0,0,0.0,0.0,0.8571698797891638,0.0,0.0,0.547863812233197,0.7099376209539362,5.92772770712164,0.6241574486014206,0,,False,overtaking,5,0.0,False,0.0,development,95
model,null,9.426345612222729,3.467065822731633,5.354901108046203,,,,goal,False,False,71,143.92932809801567,0.0,0,0,0,0,0,0.0,0.0,0.0,0.0,0.0,0.5525337172912279,0.6359276947654856,7.968358956038135,0.36848446422658404,0,,False,never,0,0.0,False,0.0,development,96
model,null,9.209226660497963,5.1253584658237346,-4.2541746716578395,,,,goal,False,False,66,145.52348471918094,0.0,0,0,0,0,0,0.0,0.0,0.0,0.0,0.0,0.5777636606242755,0.6517083358407516,7.147189206610206,0.21675260183128667,0,,False,never,0,0.0,False,0.0,development,97
model,null,9.20543525150859,0.6036155968067713,1.882951477733263,,,,goal,False,False,63,61.1949744869943,0.0,0,0,0,0,0,0.0,0.0,0.0,0.0,0.0,0.67140808194828,0.8504249404114255,7.9948116814211145,2.630981026318911,0,,False,overtaking,5,0.0,False,0.0,development,98
model,null,9.3403387698431,10.5546043822309,3.035376746400507,,,,goal,False,False,67,148.63710793157307,0.0,0,0,0,0,0,0.0,0.0,0.0,0.0,0.0,0.5776918155317925,0.6634530837505632,9.636275125939674,0.47876933221589624,0,,False,never,0,0.0,False,0.0,development,99
model,no_target,9.29164488754975,0.0,0.0,,,,goal,False,False,61,88.50673836965086,0.0,0,0,0,0,0,0.0,0.0,0.0,0.0,0.0,0.6456017766670327,0.8757187867635163,inf,1.3854576534667984,0,,False,never,0,0.0,False,0.0,development,100
model,no_target,9.256378717080882,0.0,0.0,,,,goal,False,False,64,101.91278309861079,0.0,0,0,0,0,0,0.0,0.0,0.0,0.0,0.0,0.6099879591019637,0.8737612048689585,inf,1.0524079338764265,0,,False,never,0,0.0,False,0.0,development,101
model,no_target,9.263701505753867,0.0,0.0,,,,goal,False,False,62,142.26970615512982,0.0,0,0,0,0,0,0.0,0.0,0.0,0.0,0.0,0.6177630692070333,0.688180424178289,inf,0.420587369954907,0,,False,never,0,0.0,False,0.0,development,102
model,no_target,9.201657506973971,0.0,0.0,,,,goal,False,False,63,-6.835626981789233,0.0,0,0,0,0,0,0.0,0.0,0.0,0.0,0.0,0.6562001114294012,0.8947529229221417,inf,1.791266818725187,0,,False,never,0,0.0,False,0.0,development,103
model,no_target,9.419592259148496,0.0,0.0,,,,goal,False,False,61,60.12834220671217,0.0,0,0,0,0,0,0.0,0.0,0.0,0.0,0.0,0.6861313114978822,0.8666578206143508,inf,1.707890717258356,0,,False,never,0,0.0,False,0.0,development,104
model,no_target,9.201353859109185,0.0,0.0,,,,goal,False,False,61,48.19775880283511,0.0,0,0,0,0,0,0.0,0.0,0.0,0.0,0.0,0.6543981306466912,0.8924006901179304,inf,1.9943835849713338,0,,False,never,0,0.0,False,0.0,development,105
model,no_target,9.352354251818824,0.0,0.0,,,,goal,False,False,59,78.46905935056297,0.0,0,0,0,0,0,0.0,0.0,0.0,0.0,0.0,0.6774071875723701,0.9334673560561281,inf,1.722001665592212,0,,False,never,0,0.0,False,0.0,development,106
model,no_target,9.226265367820247,0.0,0.0,,,,goal,False,False,71,23.190331794347628,0.0,0,0,0,0,0,0.0,0.0,0.0,0.0,0.0,0.5828572269949138,0.9210085711923781,inf,2.049038200604646,0,,False,never,0,0.0,False,0.0,development,107
model,no_target,9.228035830753342,0.0,0.0,,,,goal,False,False,62,105.64179950491426,0.0,0,0,0,0,0,0.0,0.0,0.0,0.0,0.0,0.6330118533710949,0.8704107943033204,inf,0.9646679390480103,0,,False,never,0,0.0,False,0.0,development,108
model,no_target,9.200193065365328,0.0,0.0,,,,goal,False,False,78,-1.276380868635556,0.0,0,0,0,0,0,0.0,0.0,0.0,0.0,0.0,0.5424986963929452,0.8529081170604534,inf,1.7543693603557835,0,,False,never,0,0.0,False,0.0,development,109
model,no_target,9.33910709037673,0.0,0.0,,,,goal,False,False,70,45.88500993920489,0.0,0,0,0,0,0,0.0,0.0,0.0,0.0,0.0,0.5873121434675175,0.8758837630628797,inf,1.9880736521923401,0,,False,never,0,0.0,False,0.0,development,110
model,no_target,9.201918994820689,0.0,0.0,,,,goal,False,False,60,86.73282924293116,0.0,0,0,0,0,0,0.0,0.0,0.0,0.0,0.0,0.6583150227480806,0.8871164297590861,inf,1.3294586991594175,0,,False,never,0,0.0,False,0.0,development,111
model,no_target,9.223101176511955,0.0,0.0,,,,goal,False,False,59,140.0694212947857,0.0,0,0,0,0,0,0.0,0.0,0.0,0.0,0.0,0.6463066963964231,0.6951951669552076,inf,0.1820751033192774,0,,False,never,0,0.0,False,0.0,development,112
model,no_target,9.201228208159643,0.0,0.0,,,,goal,False,False,61,145.98901485719375,0.0,0,0,0,0,0,0.0,0.0,0.0,0.0,0.0,0.6163827865802587,0.6860141654441653,inf,0.08628584298002143,0,,False,never,0,0.0,False,0.0,development,113
model,no_target,9.304144726251463,0.0,0.0,,,,goal,False,False,60,55.19064333193408,0.0,0,0,0,0,0,0.0,0.0,0.0,0.0,0.0,0.6756759131269862,0.966440391775317,inf,2.098492689181427,0,,False,never,0,0.0,False,0.0,development,114
model,no_target,9.20575260113067,0.0,0.0,,,,goal,False,False,59,142.85768722676158,0.0,0,0,0,0,0,0.0,0.0,0.0,0.0,0.0,0.6430106395459715,0.6904989384153564,inf,0.06446492461389598,0,,False,never,0,0.0,False,0.0,development,115
model,no_target,9.426345612222729,0.0,0.0,,,,goal,False,False,65,152.33164268236072,0.0,0,0,0,0,0,0.0,0.0,0.0,0.0,0.0,0.5987164794011075,0.6784188546633391,inf,0.340311081978878,0,,False,never,0,0.0,False,0.0,development,116
model,no_target,9.209226660497963,0.0,0.0,,,,goal,False,False,62,52.31720518151642,0.0,0,0,0,0,0,0.0,0.0,0.0,0.0,0.0,0.6256269144356534,0.9523352707457187,inf,0.9448543095293995,0,,False,never,0,0.0,False,0.0,development,117
model,no_target,9.20543525150859,0.0,0.0,,,,goal,False,False,69,88.44911990894374,0.0,0,0,0,0,0,0.0,0.0,0.0,0.0,0.0,0.5640489147617112,0.8811337253291591,inf,1.320669097047828,0,,False,never,0,0.0,False,0.0,development,118
model,no_target,9.3403387698431,0.0,0.0,,,,goal,False,False,60,109.87295878688352,0.0,0,0,0,0,0,0.0,0.0,0.0,0.0,0.0,0.6466308662009678,0.9184642238544937,inf,0.8919732510464446,0,,False,never,0,0.0,False,0.0,development,119
model,head_on,4.945698180779832,0.7589141160070894,188.5960326544994,,,,collision:target,True,True,27,-315.0198116992356,-29.256326883317488,5,0,19,0,10,2.217091634809755,0.0,2.6454139063571582,0.0,1.946274050694095,0.6312172750273122,0.7172029341352907,1.855627663854287,0.3242707040621602,0,,False,head_on,24,0.0,False,0.0,head_on_width,0
model,head_on,4.999999999999999,1.2248627607666025,177.49061558127943,,,,goal,False,False,55,107.81165508017448,-2.5473959515141087,7,0,0,0,2,0.3101757824757867,0.0,0.0,0.0,0.22489462850199204,0.6947449248340372,0.8667073703653874,2.326208489417638,0.6203861125676036,0,,False,head_on,22,0.0,False,0.0,head_on_width,1
model,head_on,5.0,0.8488119099963607,179.77841623459886,,,,goal,False,False,58,51.449705640985044,-72.66745994849471,18,0,24,0,16,6.676052468668729,0.0,7.439932572683352,0.0,2.8527206593165406,0.6566449845717607,0.8620139920257811,1.9190904300702019,0.529573329929332,0,,False,head_on,26,0.0,False,0.0,head_on_width,2
model,head_on,4.999999999999999,0.5577780141895179,181.73638987831518,,,,collision:target,True,True,28,-349.3839750495286,-67.66340624082957,11,0,20,0,16,5.045471718084887,0.0,3.679368698495484,0.0,6.542798649272363,0.6237172381238004,0.7433360856681652,0.8699010427917775,0.05484035779999416,0,,False,head_on,22,0.0,False,0.0,head_on_width,3
model,head_on,4.4593091952467665,0.23241010159911024,174.96382864421315,,,,goal,False,False,53,-86.15429199555916,-21.676428624689684,8,0,1,0,9,2.9683745511887554,0.0,0.12908025409946464,0.0,1.4485079292327265,0.7306629481001222,0.9398155631021387,1.6864100675996319,0.6794151532229639,0,,False,head_on,24,0.0,False,0.0,head_on_width,4
model,head_on,4.8197108149586025,1.2005729403251244,185.37459793469242,,,,goal,False,False,56,60.431923869326134,-60.935055127960695,16,0,24,0,12,4.938996607269949,0.0,7.442894036985667,0.0,2.1539118641835633,0.6793428500948914,0.8887171564839808,2.0196805938878017,0.37813688305751164,0,,False,head_on,24,0.0,False,0.0,head_on_width,5
model,head_on,4.869448784480107,0.4570427385228544,170.45725794523702,,,,goal,False,False,55,-60.60161469734278,-19.17539212016816,5,0,5,0,8,1.4235108553481126,0.0,0.7365913480791214,0.0,2.106063229580037,0.6961408559233021,0.891843448474319,1.0686062742345546,0.8192184576634238,0,,False,head_on,21,0.0,False,0.0,head_on_width,6
model,head_on,4.904119360050153,1.9112000156973665,175.31745985542278,,,,goal,False,False,57,114.16206917744694,-1.5268222752867928,4,0,0,0,1,0.2267459923180401,0.0,0.0,0.0,0.08987324740277651,0.6708356434860092,0.7772527951734197,2.927171552314479,0.6077687304910189,0,,False,crossing,12,1.0,True,0.0,head_on_width,7
model,head_on,4.857233716719348,0.5951515892589716,176.60787727619308,,,,goal,False,False,55,-77.87746848343431,-16.420451417102885,7,0,1,0,7,1.7469134518431393,0.0,0.11512348747675835,0.0,1.6352856167917806,0.7047070198291421,0.8927203636361225,1.9824608007678928,0.7948882363263252,0,,False,head_on,23,0.0,False,0.0,head_on_width,8
model,head_on,5.0,0.7429086685850401,175.34012998128836,,,,goal,False,False,54,92.73157366029807,-9.388231410690402,7,0,0,0,3,1.3386820201153053,0.0,0.0,0.0,0.613723424693253,0.7046098227089087,0.8958457693450742,1.9894400967614851,0.718295545177081,0,,False,head_on,22,0.0,False,0.0,head_on_width,9
model,head_on,5.022024725454443,1.7056406923796066,175.83686086831378,,,,goal,False,False,61,75.57493650257005,-48.19621566596315,18,0,25,0,2,3.4545902797162156,0.0,8.3867726094425,0.0,0.20080275274997433,0.6270124024620094,0.7910955633671037,2.6980137213037994,0.590929997382216,0,,False,head_on,26,0.0,False,0.0,head_on_width,10
model,head_on,5.0,0.5220743990799206,173.00682712496027,,,,collision:target,True,True,24,-308.4582167639244,-16.86062319719796,3,0,15,0,6,0.8334697756214227,0.0,1.6485567912850883,0.0,1.5111429687212434,0.5701172529653818,0.6927218070077168,1.834730266682141,0.09222079075421674,0,,False,head_on,18,0.0,False,0.0,head_on_width,11
model,head_on,4.571947971441031,0.015575077797397752,189.9520951299898,,,,goal,False,False,55,-165.12734486908607,-23.526986943708863,6,0,2,0,11,2.44120282754071,0.0,0.4489639617991307,0.0,2.1837250410901063,0.6996172959754707,0.9136904040868197,1.2724646590382716,0.7563647554478747,0,,False,head_on,29,0.0,False,0.0,head_on_width,12
model,head_on,5.1750288030381615,1.611600490742285,187.4718115037299,,,,goal,False,False,56,104.25270215005591,-2.8414849786421525,4,0,0,0,2,0.3950011671219684,0.0,0.0,0.0,0.1969398225307574,0.6827131319557047,0.8448300285896282,2.6809153448540908,0.7072409859362329,0,,False,head_on,20,0.0,False,0.0,head_on_width,13
model,head_on,5.045624518855969,1.4530951074163598,170.337965767494,,,,goal,False,False,61,57.63990929950207,-54.5062946098981,19,0,23,0,11,4.264660173190673,0.0,7.694302955567864,0.0,1.2659413583466588,0.6282503549407152,0.8903715002551765,2.5507915678435933,0.6305784305994264,0,,False,head_on,23,0.0,False,0.0,head_on_width,14
model,head_on,4.960755548585612,1.4671958493469026,183.96019323639712,,,,goal,False,False,55,107.21513740380718,-4.5203373907663345,8,0,0,0,1,0.6110199089914886,0.0,0.0,0.0,0.33239752027965896,0.6923176122583641,0.8366687130479659,2.490331530810874,0.6494595182666716,0,,False,head_on,18,0.0,False,0.0,head_on_width,15
model,head_on,5.0,0.3400603298527174,181.04111298916908,,,,collision:boundary,True,False,25,-337.07576060350357,-16.15134820698003,5,0,7,0,8,1.1252557094677516,0.0,0.9746163517948588,0.0,1.5717141285895913,0.6327411468124925,0.7113244012194233,1.2709176763281327,0.6061783568593759,0,,False,head_on,23,0.0,False,0.0,head_on_width,16
model,head_on,5.011466406701184,1.47502256148603,173.8525041139263,,,,goal,False,False,58,65.62947788868092,-51.88415137684197,21,0,26,0,12,3.208002432511987,0.0,8.895379753932831,0.0,0.8847049381665406,0.6604862654942193,0.903362400051795,2.5467252010054544,0.6452722649030858,0,,False,head_on,26,0.0,False,0.0,head_on_width,17
model,head_on,5.030927178597801,1.4300146119796155,188.9556404236401,,,,goal,False,False,55,2.2456028073848984,-8.296982097708629,9,0,0,0,8,0.8846844848384666,0.0,0.0,0.0,0.8706208661684932,0.6877007246989358,0.8380583072429846,2.4417197386593785,0.60621598138271,0,,False,head_on,22,0.0,False,0.0,head_on_width,18
model,head_on,5.0,0.5956007947889601,171.4137351270706,,,,collision:boundary,True,False,29,-339.7843571474999,-11.571376539029693,6,0,0,0,4,1.7410908487606052,0.0,0.0,0.0,0.6562170750365992,0.6990950850637292,0.8268741335818328,1.9243447238927993,0.5270275626621806,0,,False,head_on,21,0.0,False,0.0,head_on_width,19
model,head_on,5.934837816935798,0.7589141160070894,188.5960326544994,,,,goal,False,False,58,42.86144997539961,-81.09801929919938,13,0,17,0,18,7.023393278269751,0.0,3.289688479166429,0.0,7.664298677058884,0.6641882134604141,0.8241796405000026,1.2976664379483487,0.4424117762317148,0,,False,head_on,21,0.0,False,0.0,head_on_width,20
model,head_on,6.0,1.2248627607666025,177.49061558127943,,,,goal,False,False,57,112.3292280625091,-6.0767405997880894,6,0,0,0,2,0.9336683060256281,0.0,0.0,0.0,0.32335166332471776,0.6697958583278585,0.8481581243822438,2.370568196651331,0.7093957460039051,0,,False,head_on,21,0.0,False,0.0,head_on_width,21
model,head_on,5.999999999999999,0.8488119099963607,179.77841623459886,,,,collision:target,True,True,29,-313.0731859296079,-27.423401393777525,6,0,7,0,9,3.1654290623515093,0.0,1.434433149523574,0.0,1.4645707104117085,0.6100824906676212,0.7307147651836184,1.721529431393931,0.6344568303359376,0,,False,head_on,26,0.0,False,0.0,head_on_width,22
model,head_on,5.999999999999999,0.5577780141895179,181.73638987831518,,,,collision:target,True,True,28,-292.8451208153659,-7.722887397611254,0,0,6,0,3,0.0,0.0,1.4061044078650904,0.0,0.591313673177095,0.6064915424478994,0.7071034221849555,0.9491094887425728,0.4348872995641504,0,,False,head_on,23,0.0,False,0.0,head_on_width,23
model,head_on,5.35117103429612,0.23241010159911024,174.96382864421315,,,,goal,False,False,53,49.99475875561152,-14.916583853142068,9,0,4,0,7,1.7083949974213757,0.0,0.8017428808858786,0.0,0.7941676099371326,0.7199817315644524,0.9195528202745745,1.7675503971961544,0.7426922902226233,0,,False,head_on,26,0.0,False,0.0,head_on_width,24
model,head_on,5.7836529779503225,1.2005729403251244,185.37459793469242,,,,goal,False,False,56,60.23426911184711,-60.51958261493182,16,0,23,0,10,5.607104612663005,0.0,7.385439364425794,0.0,1.3726295711815741,0.6796498319115789,0.8883182286409085,2.0870553930495626,0.4372964216404353,0,,False,head_on,24,0.0,False,0.0,head_on_width,25
model,head_on,5.843338541376127,0.4570427385228544,170.45725794523702,,,,goal,False,False,57,80.4929894786158,-37.61869308654755,8,0,5,0,8,4.807727222409357,0.0,0.6608524971048116,0.0,2.542527632454202,0.6750175668950574,0.7951809638658761,1.0618397591153568,0.6993541711275879,0,,False,head_on,21,0.0,False,0.0,head_on_width,26
model,head_on,5.884943232060184,1.9112000156973665,175.31745985542278,,,,goal,False,False,59,128.45214739781176,-1.9855839594926568,8,0,0,0,2,0.21630132227931143,0.0,0.0,0.0,0.20330942538001442,0.638512118192278,0.7509551306489846,2.85435942992992,0.5655198203692815,0,,False,head_on,26,0.0,False,0.0,head_on_width,27
model,head_on,5.828680460063218,0.5951515892589716,176.60787727619308,,,,goal,False,False,58,100.84205191048557,-10.71461255428855,9,0,0,0,7,1.261807245369937,0.0,0.0,0.0,0.993037042157191,0.6575893491452263,0.8394414000080708,2.019712920481825,0.8088379919860261,0,,False,head_on,24,0.0,False,0.0,head_on_width,28
model,head_on,6.0,0.7429086685850401,175.34012998128836,,,,goal,False,False,59,86.26591828855247,-25.366863828074976,9,0,0,0,7,3.1526305663953362,0.0,0.0,0.0,2.1691872276484583,0.6454403784063434,0.8371467722786008,1.9675298924891564,0.7525472080366408,0,,False,head_on,22,0.0,False,0.0,head_on_width,29
model,head_on,6.026429670545331,1.7056406923796066,175.83686086831378,,,,goal,False,False,59,75.96806018028022,-46.17777402847588,16,0,25,0,9,2.817820505020108,0.0,8.18386030875918,0.0,0.6150367593540665,0.6455807181757468,0.8496088879718596,2.785855352331406,0.6188068274119087,0,,False,head_on,25,0.0,False,0.0,head_on_width,30
model,head_on,6.0,0.5220743990799206,173.00682712496027,,,,goal,False,False,59,69.82142787172657,-39.23249389120839,8,0,8,0,9,4.541084432290544,0.0,1.1772811347811367,0.0,2.781314192479579,0.655202444042537,0.7586203345831587,0.9820869960859911,0.846504078091367,0,,False,head_on,26,0.0,False,0.0,head_on_width,31
model,head_on,5.486337565729238,0.015575077797397752,189.9520951299898,,,,goal,False,False,54,-197.71901243268098,-17.92196313295251,5,0,4,0,4,2.4778133320843714,0.0,0.7664140156839705,0.0,0.6439325961494609,0.7158895435963556,0.976047442681994,1.3474189942832673,1.185653567942577,0,,False,head_on,26,0.0,False,0.0,head_on_width,32
model,head_on,6.210034563645794,1.611600490742285,187.4718115037299,,,,goal,False,False,57,106.34515098892594,-1.8130900396464662,1,0,0,0,4,0.06819973672948103,0.0,0.0,0.0,0.32788918729678557,0.6752559060971182,0.8408955127618888,2.8526877886679394,0.8948640402911522,0,,False,head_on,20,0.0,False,0.0,head_on_width,33
model,head_on,6.054749422627163,1.4530951074163598,170.337965767494,,,,goal,False,False,63,66.5928262310429,-49.21787725524213,19,0,25,0,2,4.2651072039896984,0.0,7.6316717153273395,0.0,0.14035076006993133,0.6071363819417567,0.868960882343748,2.6264237604182012,0.6406832997020563,0,,False,head_on,25,0.0,False,0.0,head_on_width,34
model,head_on,5.952906658302735,1.4671958493469026,183.96019323639712,,,,goal,False,False,58,114.46013864104586,-3.9419733375931165,7,0,0,0,3,0.5092149828398095,0.0,0.0,0.0,0.31585759389690193,0.6549250924407461,0.828551897176236,2.7191091715922604,0.8211903623604507,0,,False,head_on,22,0.0,False,0.0,head_on_width,35
model,head_on,5.999999999999998,0.3400603298527174,181.04111298916908,,,,goal,False,False,58,44.79784091198032,-14.210453998098156,4,0,10,0,4,1.1730711294453504,0.0,1.472054318272547,0.0,0.6898569692361112,0.6662162321276878,0.8462507700922408,1.0784445283716482,0.9014537141518986,0,,False,head_on,24,0.0,False,0.0,head_on_width,36
model,head_on,6.01375968804142,1.47502256148603,173.8525041139263,,,,goal,False,False,62,75.61894212712363,-55.45842473003618,15,0,28,0,5,4.43953415712441,0.0,8.634389368599006,0.0,0.5330953167364306,0.623822180257564,0.8231940785679577,2.769783068559491,0.5894179417806233,0,,False,head_on,28,0.0,False,0.0,head_on_width,37
model,head_on,6.037112614317362,1.4300146119796155,188.9556404236401,,,,goal,False,False,57,117.07274045147035,-4.8691387945479665,7,0,0,0,4,0.5487177760351,0.0,0.0,0.0,0.47844128959427146,0.6664877133599219,0.8152720799516594,2.3794072044848016,0.6451022046441957,0,,False,head_on,23,0.0,False,0.0,head_on_width,38
model,head_on,5.999999999999999,0.5956007947889601,171.4137351270706,,,,goal,False,False,54,95.36059292850325,-17.262499033257612,7,0,3,0,10,2.1092167325056685,0.0,0.4452103305982703,0.0,1.159804226044617,0.7037883173962372,0.8877573940903541,1.7238973435093103,0.5950520458657979,0,,False,head_on,23,0.0,False,0.0,head_on_width,39
model,head_on,6.923977453091764,0.7589141160070894,188.5960326544994,,,,goal,False,False,59,61.31725972473235,-65.94946759702589,16,0,20,0,10,7.305792437493084,0.0,4.638487517978452,0.0,2.908275548158376,0.6529128911212089,0.8714089298304838,1.7760957030110816,0.5470099581328572,0,,False,head_on,22,0.0,False,0.0,head_on_width,40
model,head_on,6.999999999999999,1.2248627607666025,177.49061558127943,,,,goal,False,False,61,120.20239129089941,-5.496474659210943,8,0,0,0,3,0.5555821966588753,0.0,0.0,0.0,0.6102983968332244,0.6213856299095382,0.7599342047710126,2.3519880973655045,0.7679641263653458,0,,False,head_on,26,0.0,False,0.0,head_on_width,41
model,head_on,6.999999999999999,0.8488119099963607,179.77841623459886,,,,goal,False,False,65,50.35977335046752,-73.75584100339569,17,0,29,0,22,6.185958561325036,0.0,8.975308894292363,0.0,2.4053853567520567,0.5992075685370852,0.846917547353801,2.342653573532141,0.6709974266537486,0,,False,head_on,30,0.0,False,0.0,head_on_width,42
model,head_on,6.999999999999999,0.5577780141895179,181.73638987831518,,,,goal,False,False,58,84.69958186340276,-12.128284317692813,5,0,5,0,7,0.8422085752782729,0.0,1.004111533896554,0.0,0.965455632897282,0.6744468386828446,0.8751053005401459,1.0812526940821785,1.1284015217092955,0,,False,head_on,24,0.0,False,0.0,head_on_width,43
model,head_on,6.243032873345474,0.23241010159911024,174.96382864421315,,,,goal,False,False,56,91.53613143417498,-9.373758439269753,9,0,3,0,6,0.855057263916325,0.0,0.5750803834166065,0.0,0.6824301339075916,0.6802919260071416,0.9035061389756431,1.8627302310688068,0.854789474818111,0,,False,head_on,28,0.0,False,0.0,head_on_width,44
model,head_on,6.747595140942042,1.2005729403251244,185.37459793469242,,,,goal,False,False,60,68.30531906231099,-61.442966063418204,14,0,26,0,4,6.203060972314155,0.0,7.728272415558569,0.0,0.648007456544952,0.637710040833966,0.8757056383328614,2.2426852960001753,0.4942357837471216,0,,False,head_on,26,0.0,False,0.0,head_on_width,45
model,head_on,6.817228298272148,0.4570427385228544,170.45725794523702,,,,goal,False,False,59,93.05673099779321,-21.060636465890617,5,0,9,0,7,2.4699750435777945,0.0,1.3434228667407562,0.0,0.8884305955364018,0.6508129532448427,0.8367935265586858,1.1365521857220149,0.8395387238624406,0,,False,head_on,23,0.0,False,0.0,head_on_width,46
model,head_on,6.865767104070214,1.9112000156973665,175.31745985542278,,,,goal,False,False,61,123.82552792218354,-3.6516986210949387,7,0,0,0,1,0.7190112139077576,0.0,0.0,0.0,0.020576247167008514,0.616597904876111,0.7168381979568755,2.8663054608933245,0.7110204725890228,0,,False,crossing,16,1.0,True,0.0,head_on_width,47
model,head_on,6.800127203407088,1.840716953859967,178.36331706632063,,,,goal,False,False,61,74.46942214708662,-45.189416752766824,16,0,23,0,8,3.275209677953954,0.0,7.3649777399256084,0.0,0.5473797740361208,0.6282189542984143,0.8377474887645566,2.8234621062350187,0.6570170081431834,0,,False,head_on,23,0.0,False,0.0,head_on_width,48
model,head_on,7.0,0.7429086685850401,175.34012998128836,,,,goal,False,False,59,109.09454670753406,-4.3554173400267455,5,0,0,0,2,0.5208525095221925,0.0,0.0,0.0,0.3949327595315317,0.6485588734376031,0.8356708263166742,2.3392517910288553,1.0514826061564262,0,,False,head_on,23,0.0,False,0.0,head_on_width,49
model,head_on,7.030834615636222,1.7056406923796066,175.83686086831378,,,,goal,False,False,61,85.69777702437284,-40.03365034963995,14,0,24,0,4,2.6045837519016546,0.0,7.135198470704454,0.0,0.3231658407090501,0.6241007285637427,0.8426247024211735,2.8153449161783968,0.6616979321585088,0,,False,head_on,24,0.0,False,0.0,head_on_width,50
model,head_on,6.999999999999998,0.5220743990799206,173.00682712496027,,,,goal,False,False,58,93.57724065090854,-21.943936028465174,8,0,3,0,5,2.9947131830563265,0.0,0.4327934016395383,0.0,1.236011005874227,0.6616860063802876,0.817643237146588,1.2387324229914494,0.9455409720451936,0,,False,head_on,23,0.0,False,0.0,head_on_width,51
model,head_on,6.400727160017443,0.015575077797397752,189.9520951299898,,,,goal,False,False,55,-106.36167451688617,-12.300854003103604,5,0,0,0,8,0.8416050240919437,0.0,0.0,0.0,1.807757585299663,0.7084072559639875,0.9137147886350455,1.651910028882678,1.118356411734318,0,,False,head_on,20,0.0,False,0.0,head_on_width,52
model,head_on,7.245040324253426,1.611600490742285,187.4718115037299,,,,goal,False,False,64,124.05583089880918,-5.682328049094906,5,0,0,0,5,0.7375998850082599,0.0,0.0,0.0,0.45137969295644864,0.6050333305836881,0.8571793181414732,3.1364991122278836,0.7351508753426459,0,,False,head_on,22,0.0,False,0.0,head_on_width,53
model,head_on,7.063874326398356,1.4530951074163598,170.337965767494,,,,goal,False,False,62,67.25350041043419,-57.494805913551716,20,0,25,0,19,4.27903018309867,0.0,8.02669075350023,0.0,1.6483377321361037,0.6141287951738508,0.892293810476563,2.594924192065793,0.6613944717536503,0,,False,head_on,26,0.0,False,0.0,head_on_width,54
model,head_on,6.945057768019857,1.4671958493469026,183.96019323639712,,,,goal,False,False,61,119.20375650622893,-3.443064900894333,4,0,0,0,3,0.2598806252753569,0.0,0.0,0.0,0.47925684572918137,0.623391687344673,0.7765040650566374,2.7310483029904526,0.8838231352372125,0,,False,head_on,24,0.0,False,0.0,head_on_width,55
model,head_on,6.999999999999999,0.3400603298527174,181.04111298916908,,,,goal,False,False,58,46.29684509776732,-16.3969699417164,4,0,4,0,9,1.4290081794656104,0.0,0.8314180463732328,0.0,1.4067276636484423,0.6730054815099524,0.8844136072914844,1.4933501081395133,1.1663308679415145,0,,False,head_on,24,0.0,False,0.0,head_on_width,56
model,head_on,7.016052969381656,1.47502256148603,173.8525041139263,,,,goal,False,False,62,74.19285420536166,-52.19876816677676,21,0,27,0,11,3.997744457489022,0.0,8.422461705326427,0.0,0.4642379917846601,0.6130129788422927,0.8677784262825735,2.6916009013297053,0.7583890334388339,0,,False,head_on,27,0.0,False,0.0,head_on_width,57
model,head_on,7.043298050036922,1.4300146119796155,188.9556404236401,,,,goal,False,False,59,123.8489733529917,-5.043854214430883,8,0,0,0,2,0.759313941395261,0.0,0.0,0.0,0.28561115656096464,0.6515189403237513,0.8486844497823413,2.608708748476248,0.68923833797472,0,,False,head_on,19,0.0,False,0.0,head_on_width,58
model,head_on,6.999999999999999,0.5956007947889601,171.4137351270706,,,,goal,False,False,58,103.00974393131709,-19.49998889425894,7,0,0,0,11,2.20596393258543,0.0,0.0,0.0,1.9067705395469035,0.6573528530225924,0.847856020934862,1.676750589258174,0.6413888446077984,0,,False,head_on,26,0.0,False,0.0,head_on_width,59
model,head_on,7.91311708924773,0.7589141160070894,188.5960326544994,,,,goal,False,False,58,51.50484681530152,-10.659574727174814,6,0,4,0,8,0.6368015754106513,0.0,0.7499299391358508,0.0,1.068368699556228,0.6795452171553472,0.9400660544818039,1.450451130975269,1.5132977903676061,0,,False,head_on,26,0.0,False,0.0,head_on_width,60
model,head_on,7.999999999999999,1.2248627607666025,177.49061558127943,,,,goal,False,False,62,124.79603580036786,-4.777750572691225,2,0,1,0,4,0.339366355489225,0.0,0.16999490538150328,0.0,0.5524234341435887,0.6129175126301172,0.8109526656082982,2.5323110224399397,0.8093098938923398,0,,False,head_on,25,0.0,False,0.0,head_on_width,61
model,head_on,7.999999999999999,0.8488119099963607,179.77841623459886,,,,goal,False,False,71,44.870722799635594,-72.72083753916517,15,0,24,0,19,6.298129564607182,0.0,5.5760155420592525,0.0,4.771431165099181,0.5554424652423096,0.7393892000602792,1.8349215538313868,0.7863774209058757,0,,False,head_on,28,0.0,False,0.0,head_on_width,62
model,head_on,7.999999999999998,0.5577780141895179,181.73638987831518,,,,collision:target,True,True,28,-299.8629683704894,-10.646201217640574,0,0,16,0,5,0.0,0.0,2.054859001663084,0.0,0.7219352914785496,0.5215821967850707,0.6392805389303042,1.9108075389473882,0.21030127595728518,0,,False,head_on,22,0.0,False,0.0,head_on_width,63
model,head_on,7.134894712394826,0.23241010159911024,174.96382864421315,,,,goal,False,False,58,90.43855510290939,-24.36101344810042,11,0,1,0,7,3.5966776607236763,0.0,0.3232604337880388,0.0,1.1986047701958398,0.6619670800377647,0.8217398703957476,1.9978411094723074,0.8654857871097678,0,,False,head_on,29,0.0,False,0.0,head_on_width,64
model,head_on,7.711537303933762,1.2005729403251244,185.37459793469242,,,,goal,False,False,59,51.9606997167314,-68.97870191957973,17,0,23,0,14,6.160604978794811,0.0,7.219916129581148,0.0,2.7760020462340624,0.6425847858431402,0.8841586718647907,2.1501018173161492,0.5601235461304214,0,,False,head_on,23,0.0,False,0.0,head_on_width,65
model,head_on,7.7911180551681705,0.4570427385228544,170.45725794523702,,,,goal,False,False,59,88.4915569350618,-20.095010292017516,5,0,6,0,5,2.805797437342728,0.0,0.8242622960532386,0.0,0.7197708247509678,0.6584296425435309,0.8746349665388464,1.3952536522072516,1.0319619063491534,0,,False,head_on,23,0.0,False,0.0,head_on_width,66
model,head_on,7.846590976080244,1.9112000156973665,175.31745985542278,,,,goal,False,False,61,129.63735593968545,0.0,0,0,0,0,0,0.0,0.0,0.0,0.0,0.0,0.6204203008090247,0.7614469112465406,3.1552061846581085,0.8466175256072468,0,,False,never,0,0.0,False,0.0,head_on_width,67
model,head_on,7.771573946750956,1.840716953859967,178.36331706632063,,,,goal,False,False,61,72.73457399438381,-46.943083017467124,17,0,23,0,9,3.5401636068088753,0.0,7.646238439776635,0.0,0.420625506792735,0.6241229792586978,0.8359051872880044,2.8155142558009465,0.7514890175103894,0,,False,head_on,23,0.0,False,0.0,head_on_width,68
model,head_on,8.0,0.7429086685850401,175.34012998128836,,,,goal,False,False,62,109.32901658875313,-7.849406999654492,9,0,0,0,2,1.330167299204577,0.0,0.0,0.0,0.2811286374648521,0.6166055031992064,0.803028296923503,2.2037384931900204,0.9700764067430712,0,,False,head_on,22,0.0,False,0.0,head_on_width,69
model,head_on,8.03523956072711,1.7056406923796066,175.83686086831378,,,,goal,False,False,62,80.43058851756558,-44.10388152810121,17,0,23,0,6,2.968081663885148,0.0,7.257079832304976,0.0,0.730308865682623,0.6206765537710796,0.8570709462076254,2.8819060322126453,0.7951156096606661,0,,False,head_on,23,0.0,False,0.0,head_on_width,70
model,head_on,7.999999999999998,0.5220743990799206,173.00682712496027,,,,goal,False,False,61,85.77965566851195,-26.227618642514802,5,0,8,0,6,3.3055057806686294,0.0,1.3847461241383905,0.0,1.0845064402904168,0.6300080764579009,0.8412972088782551,1.1530785180337635,1.0148766219781724,0,,False,head_on,25,0.0,False,0.0,head_on_width,71
model,head_on,7.315116754305651,0.015575077797397752,189.9520951299898,,,,goal,False,False,56,-101.49069471686074,-13.53888959682614,7,0,3,0,7,1.4210630493622642,0.0,0.9803850896766046,0.0,0.661164706588256,0.6933420736311718,0.9075926347923965,1.6151076280620136,1.2973271617398208,0,,False,head_on,28,0.0,False,0.0,head_on_width,72
model,head_on,8.28004608486106,1.611600490742285,187.4718115037299,,,,goal,False,False,64,110.48573813949932,-5.00410704833056,5,0,0,0,5,0.3046283776628714,0.0,0.0,0.0,0.7769325730887437,0.6030935825547303,0.774233292383453,3.268086912676899,1.1918092913018075,0,,False,head_on,23,0.0,False,0.0,head_on_width,73
model,head_on,8.07299923016955,1.4530951074163598,170.337965767494,,,,goal,False,False,65,72.18777387520367,-50.28130427082865,19,0,23,0,9,4.402851924019885,0.0,7.023613433339742,0.0,0.7115953082015869,0.5922104144055854,0.8468890219375694,2.6929783717733056,0.7973608049516919,0,,False,head_on,23,0.0,False,0.0,head_on_width,74
model,head_on,7.937208877736978,1.4671958493469026,183.96019323639712,,,,goal,False,False,63,121.94932072713353,-4.922778481292025,7,0,0,0,3,0.6619097899691706,0.0,0.0,0.0,0.3658500046543621,0.6034394620453677,0.7706106865560746,2.77128367205025,0.9637552149567569,0,,False,head_on,23,0.0,False,0.0,head_on_width,75
model,head_on,7.999999999999998,0.3400603298527174,181.04111298916908,,,,goal,False,False,61,107.39226527539748,-23.580110324957953,7,0,6,0,5,3.4309931158997746,0.0,0.6259725280742428,0.0,0.9651540667081759,0.6257955405251148,0.8162427802136601,1.2752093075954074,0.8528258908070826,0,,False,head_on,25,0.0,False,0.0,head_on_width,76
model,head_on,8.018346250721892,1.47502256148603,173.8525041139263,,,,goal,False,False,64,76.02088770034798,-52.064502951557266,19,0,26,0,11,3.929833424274915,0.0,8.167102949109436,0.0,0.7133904188005453,0.5961366730149302,0.8607258726021468,2.7454713921387843,0.8186628943650703,0,,False,head_on,27,0.0,False,0.0,head_on_width,77
model,head_on,8.049483485756483,1.4300146119796155,188.9556404236401,,,,goal,False,False,62,123.46939851963623,-9.69790136639754,10,0,0,0,5,1.562272618191943,0.0,0.0,0.0,0.4365893125216491,0.6180493341536685,0.8523982652227922,2.6397977857151598,0.6667880953201558,0,,False,head_on,25,0.0,False,0.0,head_on_width,78
model,head_on,7.999999999999998,0.5956007947889601,171.4137351270706,,,,goal,False,False,62,103.36869673079941,-23.094170204808094,7,0,2,0,10,2.6242108490153186,0.0,0.0825986231955772,0.0,2.1793269908173754,0.6173848316671112,0.7657907026126232,1.7783001972947998,0.9367345465233649,0,,False,head_on,25,0.0,False,0.0,head_on_width,79
model,head_on,9.891396361559664,0.7589141160070894,188.5960326544994,,,,goal,False,False,64,90.97550523973885,-16.58955146626511,3,0,9,0,10,1.0852763988642034,0.0,1.706824687610271,0.0,1.127303203664518,0.6117747124007373,0.8566554333912764,1.2952876092499819,1.4606929643076605,0,,False,head_on,28,0.0,False,0.0,head_on_width,80
model,head_on,9.999999999999998,1.2248627607666025,177.49061558127943,,,,goal,False,False,67,119.0026123543864,-3.251298304204127,8,0,0,0,3,0.4109512354203656,0.0,0.0,0.0,0.2704643753051816,0.568190361865518,0.7256890003314209,2.6802711113978313,1.0989085374334748,0,,False,head_on,26,0.0,False,0.0,head_on_width,81
model,head_on,10.0,0.8488119099963607,179.77841623459886,,,,goal,False,False,65,55.82475059786355,-70.12383686301122,19,0,26,0,11,7.23071969289303,0.0,6.560705519977197,0.0,2.3807187802828462,0.5884227158347329,0.8574325762358798,1.932621733006112,0.7909914617223894,0,,False,head_on,28,0.0,False,0.0,head_on_width,82
model,head_on,9.999999999999998,0.5577780141895179,181.73638987831518,,,,goal,False,False,65,94.12047792176844,-23.144996234407195,6,0,7,0,5,3.0685147303821676,0.0,1.5019965527510077,0.0,0.5663690509137413,0.5929532165997967,0.7518416199577432,1.2532805300784222,1.2211410300899939,0,,False,head_on,26,0.0,False,0.0,head_on_width,83
model,head_on,8.918618390493533,0.23241010159911024,174.96382864421315,,,,goal,False,False,61,93.64490701624808,-14.761000397068548,6,0,3,0,8,1.9722285446785692,0.0,0.6552596368109298,0.0,0.5865632018645073,0.6326710746579757,0.8989243759510953,1.8749547534460613,0.9956349428575277,0,,False,head_on,29,0.0,False,0.0,head_on_width,84
model,head_on,9.639421629917205,1.2005729403251244,185.37459793469242,,,,goal,False,False,67,69.55423017208045,-66.91309038375586,12,0,23,0,9,6.831259481139764,0.0,5.562748736921376,0.0,2.9049912220437935,0.5735602303555676,0.7933948252503198,1.724425344267731,0.5344870905952535,0,,False,head_on,25,0.0,False,0.0,head_on_width,85
model,head_on,9.738897568960214,0.4570427385228544,170.45725794523702,,,,goal,False,False,65,97.40769004687625,-19.97835111275687,4,0,9,0,6,2.181057585733639,0.0,1.628054585987132,0.0,0.7380265675159293,0.5877039789853972,0.8087507968896025,1.142583104248327,1.1737819729440435,0,,False,head_on,25,0.0,False,0.0,head_on_width,86
model,head_on,9.808238720100306,1.9112000156973665,175.31745985542278,,,,goal,False,False,65,131.7589463810924,0.0,0,0,0,0,0,0.0,0.0,0.0,0.0,0.0,0.5907659209565772,0.7472652243535892,3.244177904590027,1.0219807649694177,0,,False,never,0,0.0,False,0.0,head_on_width,87
model,head_on,9.714467433438696,1.840716953859967,178.36331706632063,,,,goal,False,False,65,78.62257734506487,-49.244541357194656,18,0,24,0,7,3.6238231383488784,0.0,7.878834505076513,0.0,0.6539583564649445,0.5833807918001015,0.7750918120943098,2.7952130647079794,0.8262244259094018,0,,False,head_on,24,0.0,False,0.0,head_on_width,88
model,head_on,10.0,0.7429086685850401,175.34012998128836,,,,goal,False,False,67,108.61083725584906,-17.852245056952853,9,0,1,0,5,2.6365097139825235,0.0,0.0491476494781443,0.0,1.0276867632484536,0.5712036319668397,0.786776091321898,2.2438735432850874,1.018720529686701,0,,False,head_on,23,0.0,False,0.0,head_on_width,89
model,head_on,10.044049450908886,1.7056406923796066,175.83686086831378,,,,goal,False,False,65,89.52472664146481,-44.43078003427944,16,0,23,0,2,3.33210973466719,0.0,7.514798300998022,0.0,0.19634732535199398,0.5821943712376819,0.7927167388337514,2.9035031871329027,0.7645660552963011,0,,False,head_on,23,0.0,False,0.0,head_on_width,90
model,head_on,10.0,0.5220743990799206,173.00682712496027,,,,collision:target,True,True,28,-306.8259459897144,-12.970558234382219,0,0,14,0,7,0.0,0.0,2.7393998481170763,0.0,0.6908263958134986,0.4780080067713027,0.6033823883356001,1.2109939747649026,0.34672927252267155,0,,False,head_on,24,0.0,False,0.0,head_on_width,91
model,head_on,9.143895942882063,0.015575077797397752,189.9520951299898,,,,goal,False,False,60,58.16642159841495,-14.91821798148206,9,0,2,0,7,2.1452144438029657,0.0,0.4081610637501668,0.0,0.6288948122570623,0.6504646686770327,0.9160775668496951,1.8935223695372803,1.4253684008790712,0,,False,head_on,28,0.0,False,0.0,head_on_width,92
model,head_on,10.350057606076323,1.611600490742285,187.4718115037299,,,,goal,False,False,65,118.08661726221324,-6.131884862301324,5,0,0,0,4,0.5223295679452278,0.0,0.0,0.0,0.7880785557716545,0.5885028999410166,0.7951883372109154,2.9528190206246068,1.2023503136062326,0,,False,head_on,19,0.0,False,0.0,head_on_width,93
model,head_on,10.091249037711938,1.4530951074163598,170.337965767494,,,,goal,False,False,68,63.28836935391452,-58.06782266292688,22,0,27,0,14,4.857633261450151,0.0,8.181380130882944,0.0,1.015459899460008,0.5654646575567567,0.8214124778345727,2.8443116172307925,0.9520213340250461,0,,False,head_on,27,0.0,False,0.0,head_on_width,94
model,head_on,9.921511097171225,1.4671958493469026,183.96019323639712,,,,goal,False,False,67,130.63033145129856,-2.1012391599189333,1,0,0,0,3,0.14635166313497444,0.0,0.0,0.0,0.3059552060890688,0.5714259774508841,0.712630351945637,2.7482154079933503,1.0513837842700877,0,,False,head_on,23,0.0,False,0.0,head_on_width,95
model,head_on,10.0,0.3400603298527174,181.04111298916908,,,,goal,False,False,66,93.8221037630457,-28.364158961168698,7,0,5,0,13,3.2586740957143823,0.0,0.808372165451611,0.0,2.0719071981681565,0.5898017306782748,0.8312858502917971,1.4642004498746508,1.1213920899999053,0,,False,head_on,26,0.0,False,0.0,head_on_width,96
model,head_on,10.022932813402369,1.47502256148603,173.8525041139263,,,,goal,False,False,66,59.86532440672182,-55.08702504850533,19,0,27,0,14,3.7526503390346706,0.0,8.07552248171886,0.0,1.6532277635768509,0.5768645217676982,0.846424087663353,2.8457859138387107,0.9478788597225474,0,,False,head_on,27,0.0,False,0.0,head_on_width,97
model,head_on,10.061854357195601,1.4300146119796155,188.9556404236401,,,,goal,False,False,66,127.55185664405599,-7.152731881307135,10,0,0,0,5,0.9339869485251368,0.0,0.0,0.0,0.5621103302461571,0.5792673239029967,0.7830510182379965,2.6512340192583705,0.8149367055836134,0,,False,head_on,23,0.0,False,0.0,head_on_width,98
model,head_on,10.0,0.5956007947889601,171.4137351270706,,,,goal,False,False,63,116.51431328469779,-19.338493663335132,7,0,0,0,5,2.788581856898319,0.0,0.0,0.0,1.230002993708545,0.6115317478687643,0.8486112949138965,2.081249616828647,0.8005746896108459,0,,False,head_on,19,0.0,False,0.0,head_on_width,99
