#{"t_start": 1787470889.5843549, "env_id": "None"}
r,l,t
-984.88,85,16.837077
-980.7437,96,19.043046
-977.2436,104,20.965233
-976.19824,110,22.544549
-978.8854,112,23.079447
-971.5522,117,24.442284
-974.69763,137,29.99201
-988.1107,78,36.781957
-989.6764,80,45.717816
-978.55865,210,49.122242
-970.80414,121,50.907269
-990.16846,72,55.641667
-976.6264,105,57.685382
-971.01685,166,71.74218
-991.88324,68,75.098995
92.19982,187,80.359736
-962.34393,213,89.816711
-989.7694,122,90.856461
-982.46936,136,114.014924
-970.6516,119,125.456076
-981.11316,163,129.348722
-981.7942,201,131.965114
-979.9369,97,133.302944
-987.7738,111,140.679315
-984.73834,145,146.1638
-997.187,183,157.673998
-986.7342,83,166.742409
-976.3297,106,173.162077
-982.7978,120,185.525881
-988.2632,187,197.35018
-994.8779,140,202.916049
-976.9944,104,203.782076
-988.12,162,205.57056
-981.0601,138,207.5387
-981.44934,94,208.522229
-991.78674,68,229.314904
-1004.2926,125,230.232598
-990.23346,72,237.778057
-991.0069,70,238.732341
-980.04926,120,241.153645
-1001.26404,107,252.71853
-1003.51483,135,266.201372
-976.1563,159,273.982678
-981.6138,96,274.202971
-970.21545,132,280.75742
-983.9385,117,281.143856
-988.11194,181,296.679732
-992.5092,186,306.511614
-987.9006,113,312.333977
-990.0567,140,312.695523
-1002.61084,102,315.814985
-991.05695,203,324.044547
-1007.70514,146,336.423084
-1001.88306,183,344.833592
-991.9208,69,347.941167
-990.9595,119,358.641269
-992.7948,103,359.102747
-991.28906,102,359.102747
-983.51013,91,388.047941
-986.22943,118,388.555734
90.904884,222,390.998441
-1010.4691,190,409.93626
-984.98254,128,415.971355
-991.75146,73,421.044679
-995.48376,142,422.357884
-1007.6454,188,428.613734
-989.2166,102,436.178337
-1018.04553,189,442.501165
-998.9455,134,447.933664
-988.67706,80,462.135536
-981.74457,132,469.516107
-979.76483,151,471.031958
-1006.0474,128,471.979518
-987.23975,106,476.538174
-981.9443,99,479.355072
-972.8332,163,484.967133
-979.54755,154,501.835193
-989.9566,77,505.032297
-999.3781,122,510.686958
-988.8303,77,511.085666
-995.5689,156,516.092643
-1001.42523,138,528.115493
-994.4146,154,529.53514
-989.1421,78,539.268281
-1005.7033,182,540.649421
-977.8464,108,548.544924
-980.4413,115,559.428519
-989.39044,104,564.719147
-975.6734,160,567.015902
-993.3816,107,569.560574
88.53582,193,575.317686
-966.6099,170,575.783581
-993.09564,104,578.920199
-981.48193,141,579.484486
-988.8193,171,581.398425
-972.98456,158,593.961519
-987.0819,80,594.131773
-974.03217,114,597.049181
-971.2723,118,598.088969
-990.453,125,601.59506
100.503784,184,603.825526
-963.1447,209,606.731182
-992.94946,66,611.392036
-957.10394,198,619.204437
-968.49115,134,620.033731
-966.2551,133,622.184606
-975.1338,115,624.380419
-966.20935,165,625.78638
-968.685,127,628.575484
-993.42084,64,632.98819
-974.4086,139,638.848102
-987.1086,80,639.136968
-978.5284,101,639.441533
-985.6446,83,641.521167
100.51034,183,643.008367
-983.67444,95,648.883471
-992.8361,66,655.220597
-995.7786,117,656.430752
-978.93164,105,660.020137
-977.0835,108,660.827091
-968.04034,126,663.900589
-972.44226,210,667.983486
-985.0867,132,674.635829
-976.93555,105,677.170813
97.16323,183,679.318836
-987.04913,150,684.471502
-984.2553,127,684.863942
-976.3319,106,685.197618
-982.6512,133,687.074628
-989.5918,106,689.442121
-982.42316,91,695.679883
-983.80585,112,697.392768
-993.78674,63,702.473213
-993.62415,100,705.224505
-984.30365,97,705.469829
-985.4761,110,709.436147
-987.98395,120,709.436147
-984.91406,85,714.301687
-992.03424,98,715.08481
-992.3339,70,715.622442
-978.00214,186,716.612804
-1000.15594,100,724.620326
-987.1214,80,724.849015
-986.4377,107,725.472177
-978.0135,102,733.89695
-982.70465,91,734.52104
-999.33386,101,734.729891
-965.76416,132,734.921954
-967.5573,155,746.038989
-985.5299,131,751.163491
-996.43994,96,752.904131
-997.7319,106,754.235061
-977.30914,106,755.047346
-985.75244,166,756.856233
-980.88794,180,759.739198
-970.0116,160,765.918453
-976.4976,107,767.281598
-982.0725,92,772.019933
-993.2235,76,772.762854
-986.3353,117,775.070495
-982.1138,99,775.843073
-977.2932,104,775.843073
-988.14246,78,783.109128
-996.15027,147,788.820944
-998.6219,110,792.622113
-986.32684,143,793.579092
-978.3862,131,797.277585
-981.5674,94,800.429593
-991.79987,68,805.758349
-978.9615,166,806.137555
96.36676,190,810.495304
-982.2227,195,812.246664
-996.68823,109,813.652931
-990.23193,145,815.810786
-978.6833,101,816.562962
-997.9894,91,817.76449
-984.45795,87,824.134766
-993.25,64,826.631993
-993.42255,121,830.507326
-996.51025,107,833.475442
-978.2936,103,837.956832
-959.53,154,840.74678
-999.2229,92,843.927643
-988.55743,76,845.131704
-994.8923,158,847.157599
-975.8883,162,848.481929
-989.8365,79,848.804923
-990.3595,75,853.409431
-980.9046,179,858.253347
-1005.6322,92,862.523812
-987.9367,78,862.756547
-988.4178,76,863.6338
-990.98193,70,866.91582
-976.6643,105,870.143507
-975.7409,139,873.447096
-979.72437,177,876.01263
-991.70026,97,878.049448
-999.0297,112,884.831845
-1002.08453,96,888.952504
-966.65106,131,889.48601
-989.7132,76,892.542373
-977.99255,140,893.979112
-988.3951,113,894.997345
-962.20984,208,903.448867
-978.6898,150,905.520196
-989.5533,74,909.149215
-991.7812,70,909.289263
-978.97797,104,910.197593
-992.7163,93,911.640473
-992.9917,65,916.861395
-979.57196,166,921.367055
-981.5964,196,923.056005
-996.0252,91,923.056005
-984.05927,93,926.873218
-978.7125,101,929.60254
-979.7405,98,930.225353
-976.59467,106,938.819272
-988.6162,76,939.867987
-998.74854,168,944.519306
-977.5051,115,952.939015
-991.2617,100,953.207346
-973.5154,175,959.600941
-974.86127,118,963.899152
-992.78204,66,965.756272
-969.5458,210,967.222178
-1000.21826,179,967.894706
-973.9413,168,973.051367
-972.6215,116,975.359556
-988.86743,124,981.917457
-961.42664,207,983.900939
-988.5924,120,988.901585
-979.7081,135,990.513057
-966.5583,130,991.644737
-971.7821,117,994.074015
-977.6288,169,994.770527
-976.0064,121,996.389641
-995.46466,100,1002.763188
-966.3054,136,1008.058471
-990.86206,72,1017.459229
-979.4194,135,1018.316114
-967.4778,134,1021.09475
-972.01715,119,1021.303086
-983.42664,132,1022.043627
-977.10254,162,1022.892163
-972.41595,213,1031.400535
-987.1125,115,1040.322946
-991.2992,70,1043.637673
-973.4486,141,1044.041725
-975.80566,195,1045.378614
-966.852,131,1045.601705
-973.8732,141,1047.268652
-966.55896,143,1048.507044
-991.3395,70,1058.003571
-990.03534,101,1060.120537
-975.91345,205,1061.617339
-980.293,98,1063.345299
-982.63745,121,1068.829531
-982.29865,109,1070.018237
-963.3032,140,1073.087665
-986.79517,80,1073.315925
-989.12067,80,1075.055481
-981.54285,96,1080.45704
-984.5322,90,1080.851458
-961.25226,177,1081.71713
-982.5764,94,1086.280074
-974.2726,155,1097.928648
-987.5923,113,1099.845475
-970.33887,121,1101.863159
-972.4381,130,1104.004228
-973.94995,189,1106.470506
-975.3649,197,1110.550678
-975.7694,210,1110.692895
-985.74585,83,1113.09673
-982.7036,92,1119.029794
-960.29224,205,1124.536713
-977.9938,132,1125.683041
-990.10297,76,1125.959068
-991.29175,72,1127.66803
-981.72577,137,1134.448332
-980.56854,129,1136.404983
-987.19147,81,1143.323472
88.44207,200,1143.725683
-972.8084,149,1149.074206
-987.57794,80,1149.754711
-963.97974,141,1152.665804
-980.0282,98,1155.659408
-980.6695,160,1157.564323
-991.26215,70,1157.739289
99.02046,189,1163.608529
-993.8406,64,1168.913448
-982.54474,95,1169.034922
-984.5853,90,1170.267227
-979.5693,103,1182.956133
-965.0866,134,1183.535977
-961.16235,206,1184.252983
-978.6667,144,1184.993021
-980.49005,96,1188.225719
-977.6463,106,1188.458516
-970.39777,205,1188.667275
-992.842,66,1200.240571
99.50452,188,1203.050968
-974.8873,135,1210.119889
-987.8637,78,1214.647435
103.76686,184,1218.152858
-972.7198,189,1218.328293
98.49142,193,1218.328293
-965.73474,180,1221.502114
98.33549,182,1221.886536
-974.03723,126,1233.557928
-981.67255,94,1236.292051
-992.01404,80,1237.005909
-977.8084,105,1238.263893
-994.11273,215,1244.653716
-993.19836,65,1246.151885
98.49852,195,1251.716192
103.807785,190,1253.744565
-977.65564,107,1256.522455
-981.5094,96,1256.522455
-993.02954,65,1256.522455
106.22079,182,1257.104089
97.847374,193,1273.74943
-980.0805,99,1275.234383
98.47978,182,1281.385277
-965.5888,133,1282.334342
100.92493,189,1291.430255
-977.6907,207,1292.17307
98.553215,182,1292.17307
-974.232,205,1296.390875
-976.831,105,1296.542996
-972.2537,116,1302.98069
-986.98694,80,1311.083838
-969.6509,157,1311.618744
-962.4595,205,1312.790156
-972.33496,117,1313.713736
-970.5579,124,1319.783247
93.29858,184,1326.801835
97.7221,182,1327.512338
-981.03314,95,1335.409404
-971.3831,118,1338.6718
-970.48254,130,1340.662591
-978.1135,130,1342.220938
102.58398,183,1342.453164
-983.3805,99,1342.905887
-992.59106,66,1348.717283
-988.8799,76,1354.77666
-973.8347,112,1364.142167
98.64229,182,1364.536405
105.38624,182,1364.900428
-981.65594,93,1365.778245
-963.26135,139,1367.895198
90.36037,203,1377.649721
105.58358,185,1377.649721
-967.6982,138,1381.732035
-977.5925,103,1384.622149
-980.07214,97,1386.135988
-968.8768,125,1390.165394
-972.3303,116,1392.299488
-963.0601,139,1392.571281
-996.0592,76,1393.307005
-978.48474,101,1398.050942
-983.4638,89,1402.882225
-981.00433,97,1403.08827
-992.08563,71,1403.502723
-969.6214,127,1406.564071
-989.82605,74,1407.064972
-982.6467,91,1408.631692
-991.01526,70,1410.755207
-966.6646,136,1417.106655
-978.91876,100,1422.219548
-978.38464,101,1428.39909
-993.05676,66,1430.051794
-966.27167,131,1431.49923
99.48137,182,1438.530506
100.356384,190,1440.559706
106.09938,183,1443.222898
-977.5185,104,1444.433496
-985.4398,84,1445.975022
-985.9229,83,1449.4251
105.72297,195,1449.873789
-992.11255,114,1453.606948
-985.30524,84,1459.480964
-966.3895,134,1466.119869
-978.71716,101,1473.945552
-966.31024,134,1475.514604
99.64537,182,1475.802479
-978.33484,102,1479.073619
99.33309,182,1479.486358
102.38991,182,1481.800129
97.4632,187,1486.699147
-987.63654,78,1491.101772
-993.5714,64,1494.308586
104.93285,188,1529.818146
-993.5334,65,1531.201775
-970.8803,131,1531.920954
-977.74786,145,1535.193684
-972.1408,119,1537.562675
91.737885,186,1537.562675
-971.9898,122,1545.719463
98.84085,235,1549.974408
-972.9703,120,1552.880509
-974.3439,117,1553.936388
-978.84766,101,1555.014431
-982.57556,92,1555.208633
-966.5848,140,1559.075921
-972.5049,120,1560.012357
-993.74713,64,1561.626231
-981.96857,93,1563.848378
-989.9539,73,1567.646816
-978.83685,101,1574.140951
-977.65283,103,1575.662628
-984.64557,86,1580.366463
-973.75604,114,1582.502448
-966.773,133,1585.072663
-980.40826,96,1585.542482
101.15704,185,1591.396391
-980.8432,97,1592.716453
-987.65515,79,1595.746287
96.04883,184,1597.963317
-969.1606,129,1599.507246
-986.28375,83,1600.680107
-981.487,94,1603.814239
-964.87744,137,1608.570003
-983.84015,89,1608.848381
-981.8203,95,1614.577058
-988.4319,76,1617.533318
-976.35547,110,1619.911507
-989.2299,76,1622.603266
103.253006,184,1625.19667
98.92373,182,1629.041662
-989.4618,74,1634.145509
100.209435,182,1634.894922
-976.39465,106,1634.894922
97.250305,182,1642.712113
-981.7448,93,1647.655376
-991.0556,70,1648.784221
-985.05444,86,1650.198142
98.370346,191,1654.23587
100.07507,182,1660.345314
-988.10297,79,1662.954832
-984.46,88,1665.219533
101.64878,184,1670.693564
-981.5212,95,1672.652215
-974.47815,117,1673.590968
-966.33923,266,1674.609593
-978.4181,102,1680.778892
106.81986,192,1680.778892
-992.7385,66,1684.073178
-988.66486,76,1689.857617
-990.7299,76,1698.683291
-966.9947,132,1698.684304
-980.6018,98,1699.775519
105.123184,181,1701.602694
-976.5922,107,1701.809873
103.74232,182,1708.116556
-985.1281,86,1716.690804
-979.9811,98,1717.388783
101.075836,183,1722.911708
-979.3165,101,1727.415047
-992.6269,66,1730.593258
-983.9532,357,1731.342303
101.614525,184,1733.115355
106.108345,190,1733.866418
103.060646,187,1736.126294
106.17501,182,1751.828568
-968.169,129,1754.853745
-968.2882,128,1757.89239
106.0591,187,1759.741651
102.043655,185,1762.280254
104.30931,194,1768.011302
-981.3811,97,1769.894603
105.234764,209,1773.790422
-978.0837,106,1774.53823
-991.2082,70,1775.640795
106.645966,225,1778.426167
-981.9941,93,1787.44981
105.8715,182,1791.441405
-980.76184,96,1792.678119
-966.1007,136,1793.255525
104.051865,184,1793.807677
-990.4812,72,1807.2979
-979.93854,104,1811.182727
106.17837,181,1821.865888
96.523796,227,1822.10682
-971.3987,263,1823.964791
-969.2499,269,1826.329894
-986.31726,82,1826.528895
107.5486,192,1830.157781
-968.8731,128,1831.060414
-979.45026,104,1840.516361
-961.26324,290,1846.785162
-972.67365,132,1851.604974
105.84052,182,1858.317434
105.907234,213,1862.521584
105.74214,187,1862.659725
-975.17896,122,1864.862055
105.48008,181,1866.28979
-984.47034,199,1868.856212
107.25061,211,1888.69761
-1007.734,141,1889.799351
-986.67,130,1893.469548
-989.73334,220,1893.872421
103.937805,202,1896.583552
-957.3409,165,1897.174696
107.27048,196,1899.629499
-987.64355,80,1908.87201
-1012.01013,135,1914.826427
95.20007,267,1915.254423
-994.4521,186,1922.519636
105.14119,183,1932.766622
98.63918,217,1932.767637
109.78352,204,1933.859422
106.435486,201,1934.047711
-1006.14856,140,1934.047711
-988.758,187,1949.893713
-965.3603,145,1950.294876
-1013.1665,188,1950.519786
-965.3843,135,1960.892325
106.7051,182,1968.354511
104.49954,182,1968.355478
105.31014,181,1968.939267
105.81988,182,1969.213796
-978.47174,113,1971.512145
-990.1131,72,1983.172305
106.95206,215,1990.307227
-977.9759,110,1991.905875
107.73575,232,1992.892699
105.13823,182,2003.113291
104.99744,182,2003.641527
-976.5184,198,2005.999381
106.06107,182,2018.814592
-981.0471,101,2025.34406
104.889175,182,2026.228618
-989.5304,178,2026.914046
-980.8094,120,2026.914046
-980.1697,351,2027.785993
107.484566,187,2030.582793
-982.70526,110,2046.814785
-985.7157,116,2049.352083
100.044525,290,2058.780937
107.062614,186,2065.544252
-981.23987,199,2065.688159
-1027.1469,204,2065.824916
-991.04205,136,2074.755203
-994.61456,65,2077.711227
96.70818,283,2079.968457
-1046.0132,177,2079.968457
-980.236,126,2082.484063
-987.1467,93,2083.296408
-993.193,405,2095.512115
-962.7083,141,2105.615112
-991.0751,141,2107.936004
-1017.60785,180,2116.890119
-994.8812,177,2116.891203
119.37999,247,2122.818946
-1070.4686,235,2125.44081
107.920456,188,2131.006853
-984.80945,190,2144.210407
-1023.0761,409,2144.405566
-982.6286,99,2144.850915
-992.38824,136,2148.583189
-1050.3021,184,2152.833933
89.75927,284,2159.972239
-979.48975,109,2164.714199
-1049.7136,185,2167.382214
-963.94,149,2173.793923
90.229645,293,2174.27793
-975.87775,134,2174.991179
-992.5612,161,2175.509478
-983.8895,96,2178.322245
-983.1814,109,2188.156554
-973.2618,122,2188.366934
-984.93005,89,2204.322347
-973.2045,145,2205.262333
-972.30493,162,2205.262333
106.534454,182,2207.428987
-986.8269,189,2209.335954
-982.1037,120,2210.916967
-990.69586,266,2224.023299
-1015.24866,415,2230.867551
-984.6127,114,2231.55422
-986.68427,145,2236.255442
105.760864,182,2239.662208
109.98913,202,2242.362423
108.3054,190,2242.973184
-989.2064,235,2249.874204
-975.3545,119,2253.76833
-988.7785,81,2258.658765
-1000.01465,117,2265.036292
-963.0916,165,2268.102084
-984.53076,95,2268.332545
-984.4945,168,2273.093064
89.09119,306,2282.727607
-970.132,130,2283.420506
-969.4607,126,2289.771355
107.824394,189,2290.370903
-982.002,98,2291.268347
-993.3522,68,2296.404271
-989.6943,77,2299.146017
105.950806,183,2303.894341
45.70621,386,2307.240931
-968.8279,202,2308.55341
-967.54047,133,2317.224754
-981.67834,125,2320.812664
-975.2435,177,2325.426024
-988.7461,78,2331.073565
106.83356,182,2341.375129
-963.1856,219,2345.947504
83.91798,304,2347.568645
105.29041,265,2349.386151
116.76553,227,2350.779383
-980.1933,171,2353.19715
-972.36694,173,2363.860859
108.32934,206,2364.529293
-985.2944,163,2381.775466
-982.81885,106,2384.058164
106.259705,181,2386.835774
112.09403,236,2389.877014
-955.40295,163,2394.836172
68.13268,338,2405.683811
63.911835,355,2415.816256
-962.3458,146,2418.36175
105.823715,181,2419.157544
-977.43134,171,2419.840244
111.599976,214,2422.96172
-997.05884,400,2425.560906
-969.89026,146,2435.108111
107.61031,235,2440.524508
-978.7847,109,2447.51178
-974.8268,177,2453.180318
-952.2552,194,2453.50859
-960.4421,176,2454.048391
105.831276,198,2457.264477
112.80413,210,2463.368044
-957.5887,163,2465.919797
106.271385,181,2476.051698
-970.5163,134,2479.868901
-975.7859,130,2482.67177
106.40389,181,2488.542809
111.844025,227,2491.690326
107.93103,207,2493.47495
105.437,187,2500.712544
-972.2871,160,2508.080851
-976.59375,129,2509.822521
110.53615,240,2513.597591
-967.8563,146,2518.826027
-965.8336,146,2523.667934
-966.7048,156,2524.124293
-984.74884,91,2527.986283
106.801056,241,2529.354914
-962.44574,166,2534.844426
105.58239,181,2549.892199
-972.74194,134,2549.892199
106.437744,212,2550.145406
107.28551,201,2558.745163
106.16442,181,2559.93262
-968.598,150,2564.094263
108.33782,223,2572.097792
110.58316,220,2573.119304
-989.25397,100,2583.357974
105.58797,181,2584.974009
107.6849,227,2593.516919
109.31651,228,2593.708112
-976.31433,137,2598.652043
109.77306,226,2603.241811
-976.02423,122,2606.452693
106.19882,183,2606.577924
89.02293,280,2612.355452
-977.17523,145,2621.177261
105.88834,194,2622.348812
-975.0908,115,2628.653787
103.65256,186,2629.439934
-980.6305,102,2631.966269
106.9106,189,2634.645118
105.59507,181,2641.51445
106.4459,211,2642.822781
-978.68604,107,2651.884929
106.237114,183,2656.487163
106.34258,181,2656.910065
106.00969,181,2663.507589
-961.2469,166,2665.542447
-990.3443,74,2670.338037
105.81786,182,2675.272107
89.68315,259,2677.0943
103.81356,186,2677.677069
105.7448,181,2690.971949
104.855125,181,2698.406459
100.57623,199,2704.434954
-975.53937,144,2705.187002
85.734146,283,2705.610965
107.335144,192,2707.208861
105.57533,206,2713.897262
104.28816,214,2719.230155
102.326454,202,2769.851068
-971.338,139,2771.622978
104.36574,211,2778.902933
102.69865,200,2784.251975
-963.1711,163,2786.327645
102.92823,205,2786.856751
95.93781,233,2790.104061
102.60516,184,2794.666526
-971.6868,158,2808.863553
98.18792,229,2814.300242
92.838394,243,2815.293252
105.560524,181,2818.232857
105.0643,181,2821.012937
105.30874,183,2824.480458
100.56654,235,2829.921607
96.56779,233,2837.597451
-972.15186,124,2838.070786
104.37475,182,2848.455951
-979.31354,172,2850.532123
86.137634,267,2859.02403
101.694305,197,2861.566187
103.90809,182,2865.599254
-978.07074,140,2866.013806
93.79119,252,2869.116859
-963.9165,164,2869.774126
-975.44763,139,2878.469842
-976.1302,124,2894.386231
103.46706,184,2895.469278
93.33144,249,2897.57934
103.26642,182,2897.819363
-974.44543,146,2905.26386
103.770195,224,2908.648345
95.657295,243,2912.230314
85.51727,253,2917.540435
103.67817,182,2930.933176
101.45204,196,2931.825079
-970.6792,146,2933.222751
-978.86145,127,2935.750916
97.107796,243,2939.940079
100.92412,232,2940.713091
90.79487,253,2956.413461
101.078186,216,2958.381516
-970.3906,154,2966.006125
103.76384,182,2967.815933
104.680016,182,2969.516613
93.33195,212,2973.378349
98.15929,218,2982.966809
98.847595,219,2984.052996
-983.9928,165,2990.169507
98.33129,206,2999.912619
101.54805,189,3003.886154
-969.8585,160,3004.445833
103.39469,182,3005.028289
101.66996,215,3010.096432
104.24203,185,3019.880678
102.154015,240,3029.118791
94.594864,210,3029.910673
101.69929,188,3039.188007
104.8475,188,3039.737435
102.87002,223,3041.631053
96.69352,220,3045.456314
99.503136,210,3049.831189
99.51677,202,3058.379986
-974.24615,140,3067.460811
97.352425,205,3069.214375
98.37074,241,3075.676849
103.55303,191,3076.983996
92.70972,200,3081.342999
100.655136,197,3083.127263
-971.05054,147,3087.109226
99.237305,203,3088.514943
105.14417,184,3103.236603
-975.56946,194,3107.297417
100.2293,203,3115.690306
105.49704,182,3116.603703
98.69944,223,3119.784009
105.63624,182,3122.728333
103.99502,183,3124.389754
101.14435,213,3124.625998
-973.28156,139,3141.768959
100.638405,210,3144.011794
103.76609,182,3151.861513
90.34761,231,3152.325892
105.31243,185,3156.380236
102.861534,195,3163.442049
100.096924,209,3164.48367
101.01197,208,3167.017232
99.43431,191,3181.113324
-979.995,143,3181.993693
104.5084,186,3182.394115
-977.7171,136,3190.469823
101.00901,196,3191.102025
99.64856,198,3195.864255
94.46774,197,3202.805594
92.795105,217,3208.73465
106.49918,182,3216.457666
99.7152,196,3220.086422
97.003235,217,3224.623534
96.25128,197,3229.502347
103.6781,182,3231.731936
94.22027,219,3234.989313
-967.8307,178,3244.267583
90.32986,255,3254.776333
95.08109,208,3263.992294
104.1226,191,3264.922883
91.11378,253,3269.305856
99.67209,192,3275.977061
100.51748,219,3278.852815
91.99294,255,3283.450803
106.380226,182,3294.275584
94.58476,242,3296.871222
101.201996,197,3305.945275
-979.32715,141,3306.099741
102.658356,194,3310.815656
105.52349,240,3315.804843
105.51791,183,3317.014552
100.14689,195,3324.664862
103.41998,192,3335.41006
83.34242,225,3338.777418
-966.7876,139,3342.199561
103.04766,200,3344.189815
85.81095,236,3350.912398
94.85204,212,3350.912398
98.50321,211,3357.390681
103.60154,206,3363.129061
100.36603,193,3375.461209
103.79028,220,3376.955741
92.128555,198,3378.742908
99.59259,194,3380.396325
99.53503,195,3388.146341
105.557556,236,3395.94259
93.545975,205,3396.462858
96.478905,227,3407.867782
-980.9338,143,3411.069668
-969.1397,134,3417.02579
92.40969,204,3418.013437
89.88586,213,3421.919621
97.33795,233,3429.855112
100.179306,186,3437.487211
96.797775,189,3437.720467
106.129616,181,3448.865555
102.46096,195,3449.009722
106.25658,181,3454.303336
106.12747,206,3458.075564
98.222786,219,3464.426897
-975.0702,169,3469.025738
101.98206,217,3470.508395
90.08166,238,3482.752068
101.15505,183,3483.511932
99.950096,197,3486.7406
101.69137,201,3493.40757
105.74407,181,3493.554285
105.104515,181,3499.596337
106.207466,181,3506.269758
100.678665,195,3507.819222
-984.4653,123,3517.045575
105.6892,203,3523.74995
93.38465,211,3526.051974
-961.6871,169,3527.680098
94.32017,218,3530.636226
107.07771,194,3538.650105
95.70316,188,3544.395669
106.42833,182,3544.597825
100.02815,182,3559.684578
94.64266,217,3560.719318
100.644554,183,3563.240531
104.25776,194,3563.908427
104.34998,181,3565.511333
99.92062,182,3574.292409
106.499725,182,3579.01716
103.53327,211,3583.830092
97.13255,186,3594.386542
103.6883,184,3595.229429
103.342705,181,3597.098839
104.06347,195,3602.187543
91.360176,210,3603.441308
101.22557,229,3617.863282
99.40041,233,3624.440274
105.64884,182,3631.608193
92.41675,248,3633.128249
96.48401,216,3639.679692
100.65147,192,3639.802112
-1012.89886,256,3644.446704
104.732864,189,3654.255207
78.58997,298,3661.698611
105.111015,203,3663.003112
103.16236,204,3671.173532
92.06091,199,3677.48997
97.846275,207,3678.999515
82.58404,276,3683.568157
102.95656,210,3683.960179
99.38695,195,3691.208289
105.233086,198,3700.212795
105.691956,211,3701.372203
-981.36743,187,3706.341075
102.76997,182,3713.098433
104.9537,208,3716.414674
101.60166,182,3717.569208
95.32032,201,3721.412429
102.03405,200,3729.059379
88.71467,212,3741.350641
-963.83435,155,3743.864574
99.69,202,3745.743127
96.63497,236,3746.697764
-978.5164,146,3751.175632
101.20707,182,3753.72473
100.30693,197,3755.467941
104.38255,197,3768.358503
-970.8105,122,3771.065587
102.2361,190,3778.612157
100.32205,185,3779.978283
95.4964,201,3784.681067
-978.3136,177,3790.204939
104.357285,210,3792.408342
101.511765,214,3795.93643
101.605515,190,3806.948408
102.16342,209,3808.082718
96.40433,191,3814.723619
101.61906,182,3819.099757
76.67748,213,3819.542
103.82557,182,3824.512919
104.78929,209,3831.277371
105.24455,182,3841.802167
82.685135,260,3843.76905
94.32853,217,3847.687058
99.787735,196,3851.524672
103.962326,182,3859.186765
92.31981,209,3859.428732
106.786575,207,3859.570744
74.920296,217,3872.182873
-963.899,150,3876.170866
100.22568,202,3880.006613
101.81163,195,3880.535268
99.387825,196,3888.967783
102.628586,182,3892.803497
105.52346,190,3894.165513
99.614784,211,3898.043889
99.80066,215,3912.859892
104.009995,183,3916.357794
98.93693,196,3918.411853
101.57817,227,3920.395458
104.256645,189,3925.505549
105.80968,214,3934.143101
93.09726,204,3934.366181
94.001526,193,3936.422083
-977.02985,111,3941.128816
96.226875,202,3952.157364
100.15458,183,3953.143773
104.11828,204,3955.200588
99.79141,215,3968.074743
100.776405,182,3970.744548
99.44959,190,3974.72371
98.31825,202,3975.059789
101.65962,190,4025.160717
-979.78503,172,4036.11683
96.114006,192,4038.242227
100.5854,202,4038.844187
106.51589,182,4054.960459
92.626335,205,4055.867917
101.43159,197,4057.972529
103.32326,240,4060.205062
98.63574,205,4064.518048
-965.3783,156,4067.755802
100.98511,182,4070.017499
98.344284,198,4075.363577
98.65413,195,4090.969314
91.10642,206,4094.166209
102.81162,194,4095.74501
94.74626,192,4100.618638
86.283485,229,4101.816856
101.53506,182,4103.023886
-971.29224,159,4105.51676
100.35282,212,4111.202915
104.42068,183,4126.744809
101.54408,183,4130.189263
101.932274,183,4135.084182
106.05231,197,4139.621764
83.54571,233,4140.299726
96.49487,217,4141.834726
98.38456,199,4142.459673
94.55965,209,4150.352754
106.75218,207,4168.288573
103.63398,198,4169.366853
101.79714,183,4171.658245
-975.54297,116,4174.213238
100.95595,209,4182.642622
101.38211,222,4183.956015
97.027374,206,4184.276803
98.673584,209,4184.276803
-980.3932,112,4196.617895
104.34044,184,4203.198889
101.03688,195,4206.154526
93.79704,223,4214.192191
101.59288,185,4217.243278
95.49906,186,4218.802002
94.32878,190,4219.03225
96.62214,201,4221.540195
100.5157,204,4245.706987
-971.6271,147,4247.443873
97.65492,247,4249.19049
74.86934,290,4250.345982
108.203896,209,4254.590641
105.181725,185,4257.817305
99.61324,220,4261.821656
97.00462,263,4267.874703
101.22669,194,4287.188829
95.593765,199,4291.141476
96.99523,233,4292.704737
87.57907,251,4294.235266
102.630844,202,4295.114512
104.743095,184,4296.103963
80.48171,279,4297.533404
92.58122,199,4305.398458
-979.2127,164,4319.706161
-965.8752,138,4322.023902
99.79909,194,4329.037715
95.72392,197,4331.806387
101.03145,183,4333.453097
101.0219,198,4334.432647
91.01642,227,4337.514164
91.32764,208,4344.545158
100.18034,183,4357.026326
96.50833,234,4362.442349
97.42048,200,4366.582479
104.12591,183,4368.427396
100.21507,205,4369.611903
99.87958,183,4373.373316
101.65795,232,4376.596708
109.79691,226,4387.671376
99.23122,182,4391.598503
99.75008,193,4399.194122
98.70248,183,4401.253286
99.162834,198,4405.899802
102.60645,185,4407.38941
105.873695,229,4413.125032
103.05583,194,4413.125032
105.55917,190,4423.312094
104.125694,182,4432.692802
78.32477,254,4438.195456
100.74269,183,4439.335372
100.44019,183,4441.015259
100.40883,220,4441.487663
94.69543,189,4448.103963
101.835266,218,4454.008013
105.149826,182,4457.175677
104.049774,184,4474.503145
105.35377,181,4476.806705
-971.6552,129,4479.167095
100.52623,207,4480.540428
-974.1748,121,4481.214975
88.634735,266,4484.609559
100.41571,233,4487.394571
94.87772,201,4487.641929
107.326645,196,4512.942064
97.15234,194,4517.762125
96.67585,214,4518.83444
104.29204,205,4520.879336
101.42903,196,4522.553806
99.889366,183,4523.171351
103.529305,191,4524.638165
74.25645,270,4534.085837
102.77346,189,4549.17368
98.34157,183,4552.321076
104.40264,183,4558.606966
101.69308,188,4559.038247
105.00655,182,4559.884655
104.09627,204,4560.524148
94.83158,231,4563.030489
105.704735,199,4570.342021
102.65726,219,4590.668046
98.07609,205,4591.484915
97.647804,183,4594.669132
104.21251,200,4596.900338
99.75796,199,4598.070508
99.486275,193,4600.145555
93.78978,189,4607.760577
79.59054,277,4612.916397
99.39485,184,4627.272751
93.14826,200,4628.95564
102.70739,204,4634.238245
97.919785,196,4634.238245
102.02281,207,4639.289036
105.73983,206,4646.928674
86.63747,267,4648.886034
100.47978,216,4653.290543
-974.2013,138,4662.069324
99.04477,184,4664.951961
80.77403,248,4675.482932
77.787094,228,4678.792275
94.77998,210,4680.250284
101.062195,189,4685.521175
107.03677,222,4690.323619
99.35251,197,4692.220205
102.08472,202,4700.806126
89.866806,198,4704.051822
-977.3273,116,4707.865534
102.85784,182,4715.818735
93.9511,194,4716.201287
99.463875,213,4716.201287
-978.8243,109,4721.589062
92.165344,206,4730.540822
100.86012,203,4731.925845
-966.3823,145,4732.155592
-969.5547,124,4740.929066
102.76575,182,4751.405111
103.51097,185,4751.621274
-987.4184,121,4755.020586
82.17795,245,4756.257145
95.57315,209,4761.760308
-992.2121,160,4770.609763
-987.97546,105,4770.990513
108.96237,223,4771.842188
97.78889,217,4771.842188
-967.44257,144,4788.302079
98.8066,192,4790.177639
-976.42633,110,4791.462857
96.73453,199,4792.26779
106.413956,222,4792.53086
99.54969,196,4808.608207
98.332596,197,4808.832581
105.79644,181,4821.348481
96.03391,200,4827.19229
70.862305,315,4828.519133
97.565544,201,4830.33247
78.655075,231,4835.151122
79.87596,251,4838.025198
103.74804,199,4846.643033
95.844574,201,4847.170294
-963.72546,165,4853.733117
-975.6117,137,4855.886394
95.792534,197,4869.028554
-971.70245,121,4870.488187
97.33197,224,4871.261539
95.61751,187,4872.130241
102.48966,214,4879.531142
104.37023,182,4882.270011
105.92786,181,4890.581809
90.50734,220,4896.433357
105.56633,182,4903.015601
99.34167,188,4907.926353
98.100914,206,4909.447366
99.38266,210,4911.042546
95.50447,196,4917.025218
102.60363,198,4919.612733
90.50282,224,4932.623407
96.65444,212,4935.713921
-972.48505,150,4947.522267
91.50592,207,4947.706972
95.56797,208,4949.185299
106.48832,229,4950.296155
103.15487,183,4951.050703
72.281906,326,4963.477858
94.62712,197,4969.682366
-973.31934,117,4972.650449
94.04442,197,4973.858725
94.73401,206,4989.297627
104.536766,188,4989.4819
94.61671,211,4993.644258
99.604225,184,5002.939649
90.68476,279,5004.737676
96.338036,199,5011.753085
93.6068,213,5016.560701
91.489456,213,5017.415455
101.12564,192,5026.996025
96.41238,201,5028.230026
99.16675,192,5031.348181
95.958176,197,5040.445972
100.173035,196,5041.173913
100.44091,186,5052.232725
94.55024,221,5053.209214
95.48207,206,5055.220081
101.63909,184,5062.136949
101.14923,188,5064.852239
97.807755,208,5071.221253
-969.17505,128,5077.821068
103.39009,206,5081.186687
91.68499,209,5082.552491
93.83567,193,5092.24263
105.02912,184,5098.970756
87.298676,234,5101.839933
-994.051,133,5104.154329
103.42108,235,5111.075936
72.13814,230,5116.019642
104.82936,187,5119.236875
91.41472,204,5120.744699
-975.42834,116,5124.419021
108.43227,196,5129.289423
105.83701,182,5139.564133
87.44888,232,5144.723234
98.739,192,5148.731947
95.29551,188,5153.521796
-963.5828,141,5157.026169
92.30798,197,5159.475784
97.171005,192,5161.873484
-974.2349,120,5171.32652
-973.5957,116,5178.329407
104.54489,208,5178.581833
75.92958,314,5179.226413
103.54426,202,5182.242115
99.583626,184,5195.879255
98.36382,203,5196.81027
75.58654,272,5204.512819
-969.1207,127,5207.04895
94.88993,209,5211.183414
91.84922,198,5217.780122
92.78485,213,5221.381605
77.3511,277,5279.879545
103.67451,187,5280.073382
100.51208,186,5281.377064
103.547066,203,5291.074124
98.325935,193,5291.21053
104.68787,182,5293.194346
104.661674,183,5299.55045
100.51903,214,5307.72957
97.68919,201,5318.246938
81.20348,239,5323.512162
100.26351,184,5324.601313
104.3194,186,5325.227316
75.06406,279,5331.072906
92.003,202,5335.993315
71.774765,251,5339.732788
98.13727,202,5346.097116
-965.49506,139,5350.817586
97.477585,205,5358.17839
105.037224,182,5361.015329
96.49313,192,5362.105788
101.22443,206,5371.907538
98.6044,212,5377.934
96.16173,200,5379.057568
85.90682,210,5387.416856
100.617455,201,5389.240648
91.18516,204,5395.653013
101.854614,190,5396.145349
105.68377,184,5396.378031
100.11752,195,5408.256375
99.46059,190,5413.219933
95.21026,204,5416.827311
-968.36194,132,5422.117852
92.93446,211,5426.25272
92.52722,201,5426.767117
97.926414,213,5437.670274
104.442505,224,5438.926073
90.84031,224,5450.710351
100.050156,201,5455.035634
97.648636,221,5455.035634
95.967926,201,5459.576096
105.08818,183,5460.98014
99.519165,196,5464.674368
101.86928,188,5474.251075
90.47358,223,5479.696602
103.38015,219,5491.740584
106.23604,205,5494.052356
100.39887,189,5495.200705
100.78847,184,5495.419386
97.85605,195,5500.400753
89.38249,252,5502.115324
96.67527,200,5511.679439
99.336975,237,5523.440062
95.679184,185,5526.054247
101.86295,183,5527.665109
102.3311,190,5531.3864
-983.92474,223,5539.736036
99.99201,195,5539.736036
97.2263,202,5541.871121
-977.285,117,5550.227577
89.71614,212,5553.541179
102.65096,184,5560.231962
104.227196,185,5564.469766
104.01483,185,5567.649707
103.86723,183,5574.027298
97.26291,188,5577.595282
110.158,219,5579.814727
96.32116,213,5590.306326
100.26068,207,5592.188605
96.28039,186,5595.403068
94.92866,200,5604.149302
-963.2296,157,5605.126477
-965.7935,150,5607.903042
102.59518,226,5612.774875
100.3762,192,5619.121106
98.87099,202,5632.269708
91.63053,226,5639.327844
103.09633,186,5642.354623
103.70441,231,5643.112407
99.11394,198,5645.698699
105.560875,187,5646.68447
94.37064,211,5656.481443
97.551956,199,5660.599887
100.96307,185,5671.63266
-969.5022,126,5681.735352
104.31256,182,5682.985184
99.38186,204,5685.004597
106.894295,218,5686.765856
95.2243,204,5687.91358
85.11656,254,5689.987257
100.982414,204,5701.006042
90.833534,212,5712.39546
103.02157,184,5717.056836
103.30439,197,5722.459979
106.58556,192,5723.255852
95.546585,189,5723.75246
96.17992,220,5724.385409
98.24303,200,5728.876976
100.85614,203,5739.246318
98.46587,185,5746.647479
92.949615,201,5755.009008
103.39995,184,5757.989851
97.91227,186,5758.986877
94.81126,200,5759.959748
101.18826,189,5764.451199
-975.59863,142,5773.757093
96.9696,185,5774.672408
79.37236,264,5775.058738
97.00658,198,5793.040573
93.14556,199,5796.211685
92.73752,203,5798.023387
100.14162,197,5798.243936
96.77828,221,5806.644932
102.19315,184,5808.366487
99.40006,207,5813.39028
95.58697,214,5814.748195
98.66889,186,5830.556094
97.03899,203,5836.198618
99.18034,235,5841.878444
85.176056,267,5842.699379
100.677055,184,5842.819358
95.27218,206,5845.031827
103.87656,183,5848.292665
99.41535,186,5850.154149
103.31905,184,5870.632604
99.70361,232,5874.581403
99.447174,187,5879.778057
100.07545,202,5880.204272
104.04522,219,5882.471415
96.05531,214,5882.471415
99.24241,193,5884.169982
95.511475,195,5886.324127
99.71012,186,5906.313105
96.11144,207,5913.535455
99.18456,195,5916.496076
89.51769,201,5918.632473
88.65,204,5921.319924
94.54466,201,5921.789191
98.01032,203,5924.613366
-974.7058,112,5926.315017
96.98174,233,5926.541996
-995.2554,69,5929.282375
96.88007,206,5951.553896
100.891106,187,5953.454008
99.29031,191,5957.329079
-966.9545,155,5959.171783
103.29666,184,5959.845977
103.18634,209,5961.607888
98.34318,192,5962.778083
100.54717,214,5967.815585
-976.86395,124,5985.752661
96.03073,211,5991.748715
97.47756,207,5992.798777
101.65257,182,5995.356155
103.85064,196,5996.029989
93.223724,200,5996.185293
97.97564,233,6000.552233
88.3789,208,6006.172376
97.90051,196,6023.455709
95.15813,187,6026.301721
88.8626,201,6030.084574
94.96977,188,6031.801311
100.49146,195,6031.923149
97.404854,191,6032.047262
99.29831,190,6036.493393
99.78412,209,6046.05848
-991.79266,115,6054.944495
-979.75305,129,6055.782959
98.45556,206,6063.050795
101.38074,193,6069.461078
-988.184,140,6072.408222
101.27748,214,6078.005347
83.45097,286,6081.896738
64.05561,304,6090.088751
99.93565,201,6094.090566
-980.2399,134,6094.843415
92.02614,238,6099.692454
95.53369,253,6110.814285
95.50355,213,6113.721834
98.10133,215,6119.990382
92.690186,201,6121.34479
93.43857,190,6128.440744
103.95288,183,6130.762448
99.74087,201,6139.656385
94.59982,189,6148.579831
87.66639,277,6149.437848
103.60439,185,6150.299915
102.877205,203,6160.287423
93.80302,206,6169.216647
82.25658,232,6172.434497
66.28034,275,6174.433755
95.24978,210,6181.161309
-997.25665,120,6182.784649
104.60475,182,6183.257176
90.64916,200,6187.051843
95.968735,213,6190.831325
102.09199,184,6205.625218
99.240944,190,6211.541227
94.676056,213,6213.698526
103.63366,219,6222.471147
102.99797,183,6223.195936
94.2182,217,6224.657552
80.117386,249,6231.392935
84.96614,254,6239.588534
100.474396,185,6240.341581
104.07361,182,6245.805889
94.61027,201,6252.020555
102.82951,184,6257.852751
102.878456,184,6266.961106
88.08138,227,6268.196688
-980.4016,123,6270.171241
87.178734,252,6271.964339
-964.1926,171,6274.274062
97.35735,199,6279.343797
106.76482,211,6292.52985
91.086044,211,6298.069284
-969.52734,183,6301.736608
-967.72156,152,6307.98413
103.718155,183,6309.200229
95.25855,215,6309.491882
100.41584,220,6314.386016
77.34223,261,6320.985868
93.656815,195,6331.663761
103.05088,183,6338.911153
97.23445,204,6339.904613
93.432686,195,6348.829427
98.50721,223,6356.075083
83.30185,239,6357.148906
91.16679,212,6358.494624
100.23743,194,6361.249687
93.85124,218,6376.620268
91.38747,193,6378.324566
96.86529,217,6382.157294
98.53169,186,6385.880739
94.86709,198,6394.680943
-973.53723,116,6398.376287
93.597885,231,6405.633319
82.90103,256,6407.189337
74.44842,318,6416.084925
100.65738,209,6418.036576
90.125374,230,6425.244448
103.21513,213,6425.377808
96.66544,205,6433.329134
96.81732,192,6433.828591
103.84937,181,6438.213399
103.08024,183,6441.500497
95.25812,201,6456.025433
97.529,196,6463.009436
81.43636,254,6464.14015
95.63917,185,6468.247702
91.84796,242,6518.627681
97.92178,185,6521.500484
91.82617,212,6521.75538
-971.5935,142,6529.931808
-976.1698,112,6531.188693
93.16826,255,6537.07524
91.24415,194,6547.414926
99.968475,192,6551.039023
96.56097,200,6555.242599
95.619484,200,6557.05497
91.93601,205,6558.665188
95.83692,214,6572.55698
103.64594,220,6572.55698
97.45223,224,6581.08865
95.90255,187,6585.514808
101.27376,190,6596.294991
97.89033,186,6596.975062
100.87019,207,6597.241932
81.96592,234,6597.642239
100.84931,213,6612.947395
98.786415,219,6613.794769
-974.0305,113,6618.088637
104.13281,183,6619.141178
106.473526,217,6621.131225
-970.698,127,6621.131225
101.39227,199,6634.170907
99.69804,204,6636.093007
-975.096,124,6638.803802
-968.587,129,6644.885042
101.08962,185,6649.126049
88.67872,197,6657.213057
94.031075,202,6661.13963
99.47313,206,6662.003329
94.04416,210,6675.279697
101.24571,216,6677.412015
94.8242,216,6680.08299
100.01091,192,6681.740935
103.53703,218,6690.804453
94.15951,207,6696.463084
100.069466,195,6698.504184
-979.0579,131,6700.604836
91.84193,227,6705.611881
103.89345,183,6716.312572
94.31367,208,6716.77165
74.64457,228,6722.870347
97.01491,187,6725.801322
96.33846,205,6734.063854
90.58131,192,6735.085107
96.82702,213,6737.947604
93.820145,206,6743.994548
98.774536,203,6754.614527
-977.53076,110,6759.170633
95.41988,227,6759.817307
95.189156,212,6763.633175
100.838234,213,6766.945062
87.527954,228,6780.004376
100.33769,197,6781.930754
92.035065,248,6782.559844
105.23976,182,6790.66118
-979.6714,197,6797.450965
93.61019,208,6799.13318
96.126396,204,6806.395067
72.64505,270,6816.418179
100.67454,185,6818.727551
103.132904,204,6820.608681
99.575836,211,6825.718102
95.096115,223,6836.28049
101.63564,205,6840.970661
100.226006,198,6841.100501
102.44623,214,6850.965465
94.03343,190,6857.454743
100.78824,213,6859.089993
100.14133,196,6859.322799
97.88558,199,6864.602119
97.287,206,6875.76092
99.39464,184,6876.719944
94.58357,225,6886.224711
96.20593,207,6894.205098
104.26137,181,6895.750535
103.89608,181,6898.092651
91.64136,210,6904.459728
96.41633,203,6908.964701
103.7001,205,6921.376477
96.10642,220,6925.065929
96.550644,191,6926.838048
-959.3474,169,6933.558304
92.26207,205,6936.758119
98.017944,200,6937.305097
102.767166,186,6943.413167
96.63023,207,6952.28017
105.74563,183,6958.948772
-989.9723,116,6960.385504
89.31794,206,6966.301888
94.301285,210,6968.404731
91.83484,189,6971.180973
-982.6508,208,6982.786231
89.405136,241,6983.60605
-969.74097,125,6989.582682
-962.49115,157,6989.582682
99.49565,185,6993.315465
97.50951,233,6995.376244
104.470184,182,7005.148949
101.384285,201,7006.784273
104.90865,182,7017.363278
-997.9603,129,7020.002793
87.99337,205,7023.334211
98.2446,202,7028.27772
100.78046,185,7028.507047
88.75521,228,7033.312258
104.9777,183,7044.880902
103.62738,211,7050.853421
-972.29694,120,7056.055705
-974.6229,156,7058.589424
90.573166,193,7061.103516
99.77959,196,7064.048208
104.63629,184,7070.846342
96.648186,197,7081.000448
105.93815,200,7094.547572
94.73005,200,7099.312283
87.20524,254,7100.249035
96.655945,205,7102.517096
99.01193,193,7104.363652
98.80889,198,7111.906885
87.11419,245,7112.309137
99.76183,199,7118.244137
-971.83435,119,7120.931208
101.78932,201,7132.613598
107.24699,207,7139.808669
100.05958,200,7140.407304
101.09479,201,7142.490985
99.03284,187,7147.242929
103.82257,218,7152.648534
-967.10376,204,7156.900101
-979.25916,102,7159.197492
101.864075,210,7161.82496
94.67934,201,7171.627896
95.82389,199,7178.229381
101.603325,210,7184.180607
100.5044,232,7192.512896
95.405075,212,7194.655413
100.102325,192,7195.813765
103.91675,185,7197.032787
-969.9478,132,7197.815974
94.47478,191,7200.518001
-973.4343,118,7202.71295
-977.44196,135,7219.141377
104.91895,198,7222.49731
105.31274,191,7233.439727
99.385605,208,7235.317639
-985.05334,93,7235.746336
103.977646,201,7239.589492
94.44817,217,7240.732852
95.78988,269,7246.680958
65.03921,293,7250.07469
100.32445,215,7262.20822
-978.9908,155,7264.741819
95.120804,203,7271.461022
98.06515,195,7272.733752
97.4102,203,7278.113195
105.18706,181,7284.206077
95.867935,204,7285.008435
90.82957,271,7292.577943
-997.01984,98,7297.595753
99.83169,199,7300.747684
96.000084,195,7302.999026
-995.047,106,7305.699859
101.580666,208,7314.188641
85.06765,272,7324.863552
98.29288,209,7326.36816
98.7767,198,7330.653945
102.81719,194,7337.982809
92.71653,219,7339.380639
96.51819,194,7342.423799
104.63249,224,7344.948403
97.5404,210,7352.85236
105.10717,182,7358.296702
96.30294,203,7363.874291
95.26509,188,7365.474177
-981.9827,173,7372.263139
100.16634,186,7378.195942
105.49652,182,7380.436717
88.08229,257,7386.762521
92.75479,229,7396.192641
90.65716,202,7396.675211
102.93024,205,7402.454711
97.32811,199,7403.638821
92.54861,190,7407.907269
91.56974,200,7417.271539
102.853,227,7419.813454
98.56337,191,7422.090934
91.55565,186,7431.178123
95.115234,189,7438.722144
101.96838,185,7442.8688
88.20162,232,7446.094824
104.9826,191,7452.550174
72.40473,309,7454.357335
92.400276,191,7455.473755
101.949486,184,7456.815427
-975.89087,152,7459.886551
-963.79785,172,7472.254158
96.58686,193,7481.762566
84.27382,221,7483.308565
99.25877,202,7491.356418
96.66981,191,7491.771927
104.55078,182,7493.80454
92.15404,203,7494.459939
99.14717,231,7498.349897
106.585014,183,7507.610872
-982.07837,129,7517.288891
104.95922,182,7518.15936
105.83019,182,7519.163763
104.73794,183,7530.663705
90.00067,203,7530.663705
101.25499,188,7542.369901
87.52236,254,7543.232411
84.69014,251,7546.838129
105.52958,182,7551.189565
99.644615,203,7558.021651
95.0407,232,7562.006357
-974.50635,130,7568.307397
100.52014,201,7569.016459
100.6696,226,7574.728767
93.38608,197,7580.85958
97.28872,190,7583.692558
-974.3646,116,7584.769269
99.87081,225,7595.959882
99.3317,211,7598.757227
98.26963,196,7606.565344
103.13144,183,7609.564478
93.223465,189,7616.745304
64.93438,261,7620.033382
100.06769,194,7621.71028
94.912285,203,7624.8283
91.441284,204,7635.380908
101.139046,196,7637.525485
-992.29364,85,7638.530064
-973.9107,119,7642.734353
99.08403,199,7644.941069
98.574036,204,7649.135573
102.49767,197,7654.875616
-970.4949,122,7657.381805
95.329445,189,7659.786119
-981.5391,100,7661.052559
91.64579,192,7673.694884
-973.2041,123,7677.524125
90.652596,245,7682.963904
97.54357,220,7686.137129
-979.86145,133,7686.962997
102.90839,252,7697.163129
104.67072,203,7699.353374
87.525604,269,7709.171513
100.77329,186,7709.438935
90.311516,209,7717.300063
94.50737,190,7718.994223
98.50985,197,7724.056188
101.11821,185,7731.44347
96.00476,250,7733.417624
99.63493,188,7790.069419
99.336426,215,7794.875438
86.77836,278,7796.407097
86.5009,204,7801.421511
83.57696,230,7807.249658
100.7599,198,7814.215744
95.647385,203,7817.198396
76.1956,256,7817.633641
104.571976,183,7824.544486
95.16575,193,7831.170785
96.50545,189,7831.686408
-988.42316,146,7834.754716
96.87856,196,7838.464908
96.54841,196,7851.924963
96.54038,189,7853.734635
96.23141,203,7857.029043
104.71248,191,7869.294825
97.88998,202,7870.147006
77.41728,296,7881.646948
92.009285,243,7882.508766
90.60117,259,7888.685663
98.7814,193,7888.908254
100.19576,187,7889.587022
99.42951,188,7892.524132
97.841156,215,7909.311202
98.39773,211,7909.923799
101.69412,184,7915.62374
104.62398,182,7915.89166
102.33682,184,7923.198287
101.35463,185,7924.046683
93.92626,194,7924.703692
79.10834,268,7942.962776
94.81105,206,7948.035003
94.58789,205,7948.435605
104.25792,183,7951.264537
91.696434,206,7954.776899
104.09408,181,7957.801969
104.69357,183,7959.025815
100.71193,208,7964.865202
-995.14215,145,7971.045858
-992.53516,86,7981.554137
101.196014,190,7985.167516
91.41324,187,7987.499565
100.24811,200,7987.610204
106.35884,194,7992.952037
101.148254,187,7995.205259
97.83947,218,7999.936547
96.27978,192,8008.12787
100.70571,186,8016.851609
101.030464,186,8020.307684
104.085915,182,8022.092005
99.5689,201,8025.015455
92.24588,198,8032.545591
101.77837,199,8038.104992
87.28675,259,8041.575742
99.857895,189,8043.711881
98.41257,202,8053.611223
102.99948,184,8053.856148
97.754395,201,8059.39921
104.435974,184,8059.580813
94.71014,192,8068.276185
100.81779,185,8072.741418
94.91943,194,8078.168641
102.12724,197,8080.915933
-1001.0802,111,8081.147328
96.85443,188,8095.557088
91.5721,231,8098.696751
-976.2756,110,8101.761712
95.862175,186,8103.598176
92.18914,271,8106.647936
100.31688,186,8108.121152
92.59746,201,8118.50898
102.15866,247,8125.924383
105.67682,181,8130.141102
93.24598,200,8139.845042
98.49192,193,8140.668472
90.51816,228,8142.074471
96.773834,202,8144.843395
87.31215,239,8154.111145
99.05999,206,8158.716308
101.61018,208,8165.337152
77.017044,247,8178.021464
97.363106,203,8179.02131
99.88502,206,8180.088024
96.10969,200,8180.849302
82.20407,255,8193.99083
90.594376,232,8202.803846
72.42273,277,8206.877369
100.38729,218,8207.343822
105.744675,181,8214.000451
105.42476,181,8214.98624
99.50874,188,8216.474413
103.481674,223,8220.532227
-975.6649,109,8227.846662
99.20586,225,8236.041107
105.368805,182,8236.689094
96.992,200,8243.26005
-973.9717,139,8245.496029
101.10237,184,8249.303813
95.93128,195,8250.172221
105.22452,182,8250.758796
100.874146,187,8263.461776
-972.17346,145,8264.549403
99.929054,192,8273.957682
-977.14136,136,8275.639447
-971.01575,145,8279.509746
99.42403,185,8279.919264
94.3055,192,8283.793653
92.51237,212,8291.481936
104.135956,205,8302.998905
93.41615,202,8303.289865
-974.3986,144,8308.016445
100.000114,186,8311.084746
105.79054,191,8314.497627
105.16012,193,8317.778708
97.389366,195,8322.290492
102.948524,184,8328.688051
-966.0423,135,8330.580019
-978.32043,134,8334.192431
-966.297,163,8342.417418
96.93055,215,8345.345185
96.70309,199,8351.619094
102.60793,183,8352.866163
105.99296,203,8360.085388
-980.2542,107,8362.13513
95.10018,201,8365.287605
98.921005,198,8371.68735
104.24707,244,8376.562298
-976.8832,106,8381.158222
96.03353,199,8383.830462
104.42374,203,8390.826959
95.37034,198,8391.036169
99.34686,191,8398.758248
100.24814,208,8405.77204
94.3119,201,8408.660114
99.971535,184,8410.351449
-975.76514,141,8417.524849
94.6526,189,8419.066541
94.184265,221,8422.126004
97.62093,186,8425.100914
88.351105,210,8438.681443
106.03557,181,8443.926269
93.66626,216,8446.612158
97.62286,198,8448.365671
-993.514,81,8454.134295
97.63998,200,8455.596733
102.383286,197,8460.676484
90.78336,221,8461.216099
96.05608,199,8463.589701
-976.2043,145,8475.047646
98.96517,194,8481.759436
-973.52277,125,8485.857038
90.502785,227,8492.866724
104.67272,203,8495.292554
102.41792,186,8496.511184
71.0641,233,8499.859145
92.201996,202,8503.991848
-978.9432,110,8508.31596
94.7719,190,8512.357509
-980.5282,126,8517.934653
104.52984,216,8524.097925
101.00115,191,8533.934862
-977.48834,156,8536.850139
96.66846,196,8537.092514
102.27462,228,8538.508846
99.75383,220,8545.624943
91.5098,193,8548.857614
91.33017,194,8553.57632
96.0049,191,8560.07592
97.68156,204,8572.8816
90.01792,203,8576.248296
97.080666,201,8577.457157
84.016716,238,8582.294039
101.82643,202,8584.286896
99.32931,206,8588.353782
94.759995,200,8593.100877
98.78471,198,8598.093715
98.30922,197,8615.407145
79.06143,262,8624.155812
89.50865,238,8624.326432
95.50242,212,8625.977368
96.86718,232,8628.67185
99.705246,184,8629.764741
99.40553,220,8631.338617
104.35076,183,8633.580126
105.85066,181,8651.487332
-975.24713,125,8657.58461
105.79529,181,8661.297391
93.73962,197,8665.135226
103.37514,184,8665.933619
98.77264,199,8668.118502
105.19292,185,8672.035052
106.06647,182,8694.490164
98.40169,212,8694.678958
-973.61945,143,8695.631198
-995.36176,373,8699.479175
95.68668,198,8700.576679
95.32397,203,8706.589267
96.5419,193,8710.651817
107.89323,217,8711.554282
92.3091,192,8730.643168
90.59163,200,8732.758025
98.85583,197,8733.392583
99.53243,198,8737.381989
93.655174,195,8737.856166
100.11971,188,8747.171523
-995.31104,84,8754.202806
98.42739,229,8755.371925
90.74351,257,8755.371925
-968.66644,148,8761.12608
98.649055,184,8766.377356
105.29768,194,8770.263324
99.055115,186,8772.878902
-973.41705,122,8778.627806
-978.856,142,8780.559938
89.554115,206,8785.019011
87.88033,221,8798.263696
91.28652,226,8804.65548
90.47022,202,8805.394828
96.50465,199,8809.142121
89.538475,207,8812.92181
99.53605,185,8814.500411
92.82304,206,8820.594258
95.81675,200,8823.851235
100.29318,192,8834.617468
104.5046,203,8842.740853
96.76997,204,8843.575605
93.4525,198,8846.27126
105.86106,181,8848.794032
92.46805,220,8854.402558
96.1962,203,8862.089767
102.47911,241,8866.170208
99.34678,185,8878.146452
92.74622,194,8883.425153
101.41038,186,8884.035599
103.41628,216,8884.390635
79.36603,288,8889.004687
98.58895,185,8889.355165
94.519226,195,8898.693825
102.645874,184,8900.124734
102.35776,195,8919.485383
98.59126,195,8920.86271
101.0725,205,8922.056278
98.367905,185,8923.571102
101.51723,189,8925.258128
89.15499,266,8927.813655
100.18747,189,8934.792124
84.123116,235,8945.020869
-962.1481,145,8952.737715
98.47029,185,8955.84211
100.262276,204,8957.594595
98.67779,206,8962.349872
96.16538,217,8963.096316
102.46591,201,8965.329578
101.20911,198,8972.786146
-962.189,148,9034.034232
93.83405,217,9036.44252
101.25954,201,9036.988089
90.16503,205,9040.445248
95.006065,189,9043.199919
74.37141,286,9043.199919
-973.60284,146,9043.868064
96.01119,185,9044.791084
99.466064,184,9072.218778
-970.95935,155,9072.495093
97.24513,186,9073.043636
103.30208,184,9075.509292
91.774895,224,9077.195599
101.29898,188,9079.049016
105.453735,186,9080.34201
102.1603,194,9080.984962
-987.63196,88,9089.301168
-978.4906,138,9106.020502
100.46292,197,9112.163923
87.45489,211,9114.113275
-966.9851,135,9116.047365
86.80452,200,9116.440892
96.38431,186,9116.694578
97.8173,223,9118.861104
97.13404,243,9127.88259
88.82643,194,9147.652934
98.02159,186,9148.130657
105.89006,181,9149.953814
95.76409,192,9151.999674
95.22736,201,9152.887031
98.532326,200,9156.901606
80.688484,296,9160.80699
100.69343,201,9164.871958
-970.45526,127,9172.782498
-975.7331,144,9179.972928
104.98375,210,9187.959133
96.3189,204,9188.370717
101.06976,200,9189.676224
99.37756,192,9192.337532
-970.0572,134,9197.023559
93.398636,195,9198.316332
97.79538,194,9202.033334
-977.90485,116,9210.815914
100.86182,184,9223.754489
-970.773,144,9225.12426
93.55693,243,9226.76506
102.06497,198,9230.811993
88.13424,229,9233.944438
105.52802,197,9235.582865
102.784454,195,9239.058312
96.24417,208,9249.432443
95.70041,187,9260.298535
96.85108,186,9262.004264
93.23106,207,9262.71136
90.44139,192,9269.883398
92.836235,197,9273.031073
100.29727,194,9275.814163
88.69321,264,9280.120775
-966.60596,135,9287.212613
86.863205,237,9293.750228
102.2058,192,9296.463798
95.668274,199,9300.602612
106.01102,181,9308.013709
91.974144,201,9308.685379
102.84561,201,9313.881797
106.346725,190,9316.562768
94.56689,210,9327.877795
96.615364,194,9333.804859
89.054695,206,9333.937107
98.8022,197,9338.447624
96.28163,186,9343.953148
107.63808,227,9350.759369
96.874725,199,9351.819656
99.651825,199,9354.275676
94.942085,194,9365.163613
-993.84985,78,9367.40255
95.50192,195,9370.995853
94.06202,191,9374.589476
97.095,236,9379.866834
97.091156,195,9381.947396
99.6334,192,9387.575785
102.567894,207,9394.383104
102.88519,184,9401.708535
92.41589,218,9406.101449
105.657326,181,9409.146125
100.38808,218,9412.401486
103.883705,208,9418.048498
103.16956,198,9418.456744
100.965836,183,9422.730034
99.048195,183,9429.488888
94.22827,195,9443.634059
88.866714,198,9446.878349
95.32895,251,9450.219089
94.60132,210,9452.656825
97.47226,194,9455.845119
95.72178,197,9459.669521
98.24166,198,9466.404567
-979.3399,155,9476.447972
98.993256,184,9478.636988
70.34606,321,9480.16829
97.86253,192,9487.009834
106.081795,181,9489.822585
93.35105,208,9492.560937
106.20981,181,9501.083343
91.081436,222,9502.444438
104.04605,183,9511.187882
99.83927,183,9513.072646
100.18835,199,9517.301537
-963.8262,154,9518.843788
96.73477,190,9521.983061
96.54251,202,9530.105356
99.67751,183,9535.213992
103.4395,215,9542.282152
-965.32556,153,9546.158984
99.759384,197,9549.843094
-963.5173,151,9550.804983
100.32622,215,9551.426643
95.057686,199,9556.905613
-976.16785,122,9559.553661
97.120094,198,9568.881687
-991.06354,70,9581.676117
91.90512,204,9582.113992
95.84596,194,9583.38977
105.87331,181,9584.852858
97.66377,206,9591.23726
104.68781,197,9595.607992
100.448135,187,9596.042114
108.82526,235,9598.462179
-987.5482,90,9613.82688
93.12264,202,9622.207625
99.514786,197,9622.829137
99.77807,201,9624.401992
98.9878,221,9624.963725
95.36358,224,9635.767648
92.05357,207,9636.188379
100.20266,202,9637.370598
98.759224,193,9651.421555
-992.899,80,9651.814183
97.7119,183,9658.509053
-979.64136,131,9662.499977
98.24026,209,9662.702563
98.98895,202,9664.170403
88.081375,205,9665.183984
-971.3483,120,9674.332392
93.88437,201,9674.332392
-972.2166,143,9679.823589
100.025986,190,9695.495586
106.252205,181,9697.755409
97.28093,191,9700.079624
100.103,190,9702.079631
101.45331,204,9704.008175
-972.2223,140,9707.416904
98.3776,198,9714.582942
99.17724,207,9715.800063
-967.0455,135,9734.221623
93.817245,193,9734.561667
99.46944,185,9735.444679
92.326775,204,9741.211937
92.15785,197,9742.304355
102.73795,206,9744.971663
98.0081,183,9749.239705
89.52782,193,9752.981737
106.083755,181,9769.839226
99.77889,190,9772.030801
-975.93933,111,9775.533118
91.45516,226,9777.628954
96.18204,187,9777.996595
103.34453,204,9780.460963
98.199486,217,9786.720161
86.882256,245,9796.865139
-963.46674,155,9805.009823
90.11278,207,9809.334439
95.69439,218,9813.544304
96.050896,193,9814.447602
102.38311,208,9816.950134
102.17613,195,9817.182292
89.90166,197,9824.542099
103.01321,203,9842.077705
98.95884,198,9845.337315
98.9426,183,9848.688029
103.61345,185,9851.561095
97.65774,211,9852.663392
81.29904,301,9852.987395
96.22304,217,9857.640578
92.29673,193,9860.155767
-974.91693,122,9866.200454
101.631996,197,9886.937305
106.13219,184,9887.620413
103.707115,185,9889.548563
101.05073,190,9890.315581
98.90649,229,9890.800057
96.580414,183,9896.913064
100.09467,212,9899.733687
90.38833,228,9911.200472
-975.8896,108,9911.983206
-966.05756,135,9914.494848
-974.7983,125,9914.784403
95.022285,201,9928.37476
-972.7665,151,9930.127533
99.162224,183,9932.658059
84.84589,232,9936.512461
-976.7254,130,9936.512461
100.42889,182,9947.130503
94.79807,195,9953.07271
95.29844,202,9954.238732
105.20111,181,9968.066632
98.377075,209,9968.396151
93.32124,212,9970.737757
96.86883,191,9973.240096
-972.9378,139,9981.399774
96.24133,186,9983.667094
89.25344,195,9990.32362
-984.0839,116,9990.608811
-981.19714,101,9993.181983
-961.4055,164,10000.033889
-996.7222,358,10005.13377
94.21738,192,10007.303128
105.49637,181,10016.158486
94.58338,196,10021.37371
96.21568,187,10026.227198
97.37993,199,10028.179064
90.94519,188,10028.827323
98.73547,191,10036.268168
-968.99225,163,10038.518755
97.21526,207,10044.89667
101.44268,197,10053.367554
100.56593,190,10057.465147
92.84289,199,10065.514573
-973.6465,147,10066.286987
108.84306,231,10069.693912
99.81463,190,10072.38288
84.8227,235,10073.270325
97.748505,185,10079.658098
-990.60034,82,10081.22693
100.171875,194,10089.95575
100.51419,198,10094.775516
92.54765,192,10102.935451
107.15372,185,10105.180182
101.78814,195,10109.56248
88.02431,200,10111.312235
93.29142,209,10120.76208
96.46171,192,10125.915931
100.940315,248,10126.872751
97.60711,199,10132.130705
100.99011,199,10140.849796
-975.53094,133,10146.596317
94.69596,221,10147.499174
91.16587,203,10148.577324
97.39085,195,10149.006573
104.94015,200,10165.724019
90.734406,192,10171.196559
93.16711,222,10171.623258
-973.3027,141,10177.479258
94.34319,194,10180.100533
91.60686,186,10185.499717
93.32487,203,10187.873389
99.27637,220,10193.41419
95.11935,206,10207.005239
100.511925,197,10210.211063
92.52222,203,10210.628818
94.86409,192,10214.223496
101.25259,204,10219.701612
95.13231,191,10221.950055
98.30684,198,10268.981201
98.28737,194,10273.519362
99.92213,197,10291.12905
103.308105,216,10291.274508
94.33158,196,10291.413688
102.062935,194,10295.295254
91.60834,196,10300.498478
92.78512,193,10302.573171
99.310326,186,10304.896486
99.95693,211,10313.651923
-974.5906,143,10318.066937
-982.3008,118,10322.278334
106.277954,181,10325.406543
97.361046,196,10327.52554
102.04575,201,10332.934183
100.52409,206,10341.146062
96.25918,200,10342.543668
93.8997,194,10359.353623
101.37461,204,10367.935881
97.855545,240,10372.575111
98.80606,194,10380.484532
-995.74414,353,10383.536251
95.70606,203,10383.767064
95.868195,253,10383.767064
-972.3988,127,10386.35779
-973.0361,142,10400.706453
97.00414,194,10405.192171
106.306915,181,10417.059027
94.20854,197,10417.194788
93.90239,193,10419.459018
95.36556,194,10419.722703
98.297646,185,10420.823522
-972.8359,131,10430.891788
100.7701,200,10438.079109
-1071.5211,667,10446.359274
98.53468,184,10452.485469
105.94264,181,10454.482179
93.16152,195,10454.713138
104.95845,187,10455.664855
91.86943,202,10460.556543
96.528076,218,10476.718987
97.79083,200,10480.539583
90.22537,198,10489.193923
-975.1581,134,10489.654822
98.68528,192,10496.910347
96.39003,198,10497.185112
99.69213,197,10497.185112
96.00583,240,10504.905291
91.14881,192,10516.430895
92.54041,188,10520.41486
95.5459,203,10532.590102
102.45314,205,10533.734039
99.35907,185,10538.02279
90.33923,202,10541.280557
93.232544,207,10542.286947
102.877625,196,10546.831404
-966.31903,164,10552.413999
94.654205,196,10562.687148
-965.4798,156,10567.680876
-984.04425,123,10568.122224
100.37629,183,10573.028833
99.805916,202,10580.547404
100.69887,202,10584.405298
91.940346,194,10587.437341
-990.95154,99,10587.659129
100.537636,197,10593.646429
100.30199,187,10601.263253
104.626915,181,10604.230065
97.14745,185,10608.952492
96.611115,185,10616.155558
-975.7285,162,10618.753658
93.74101,192,10624.536838
99.29858,186,10627.379149
96.57171,186,10637.924656
-960.378,146,10644.820392
-971.38715,144,10653.848692
90.01704,206,10661.958001
-994.6466,75,10668.737633
92.605354,195,10693.360733
96.85635,197,10699.01261
100.83944,200,10706.273128
91.57996,198,10708.146014
98.34392,199,10727.174357
96.6344,206,10738.753071
97.29576,193,10747.068377
100.114426,241,10759.294653
90.417915,198,10771.498213
96.01262,186,10772.312515
99.423546,186,10776.327694
100.44178,194,10778.887354
-986.0813,106,10788.791919
99.01726,197,10790.634505
101.01733,182,10797.331694
-974.4779,119,10797.548317
78.87868,223,10800.165993
-975.0889,132,10803.431478
104.18936,207,10814.359184
102.88967,199,10819.484373
93.39924,193,10827.193588
98.90983,195,10830.786172
95.297104,186,10840.019998
100.547646,198,10842.791647
104.75701,181,10843.318656
-990.65924,79,10858.785934
102.72532,247,10862.472062
102.37642,196,10863.339302
89.315025,191,10869.05302
95.11858,189,10877.727355
106.15078,181,10878.015238
-973.10175,143,10879.204562
104.401245,217,10899.139567
-986.7706,88,10902.127858
-967.89105,152,10904.322329
-966.015,151,10909.301343
96.133934,195,10910.759573
98.61255,200,10915.641494
96.78324,198,10930.302954
98.67098,194,10930.60263
105.14091,187,10944.351859
98.65744,184,10947.978278
99.36119,194,10948.41677
99.93591,183,10950.979485
89.715096,193,10953.694863
-972.0827,140,10958.695085
93.39504,197,10958.695085
97.19886,188,10967.151878
-971.23846,142,10983.532566
93.37293,198,10983.532566
86.88607,206,10984.161115
99.00529,194,10985.113609
104.203514,181,10985.611519
83.24555,238,10986.451228
99.85402,183,10990.13969
-990.2707,78,10996.347575
96.1116,196,10999.755384
95.633835,190,11018.046568
93.37604,195,11021.375627
99.67111,192,11023.435743
99.0132,196,11023.805949
98.52002,197,11026.422171
96.74667,194,11031.296427
95.81636,189,11040.026825
94.302574,191,11046.653837
-978.15546,131,11064.288068
97.91039,183,11068.691554
97.476,210,11073.10238
93.47713,197,11074.623289
99.582886,189,11074.847641
97.63812,211,11077.945869
98.95233,191,11094.850841
103.09085,245,11102.516997
101.83476,200,11116.971205
91.62869,204,11123.291305
92.88292,196,11125.426437
93.99287,193,11126.510069
96.57966,197,11127.286474
96.918724,193,11129.683476
105.3056,192,11144.221554
92.75173,211,11153.002746
94.67667,210,11162.428113
-985.70135,111,11165.062423
99.04132,203,11166.134495
90.49051,192,11166.388477
96.982155,186,11167.846213
91.92479,202,11167.846213
97.83715,198,11168.647258
-984.28687,108,11190.067332
-972.1118,139,11204.439095
-972.8447,147,11206.909424
96.40898,228,11210.043802
106.404945,181,11219.155681
96.0178,201,11221.725351
100.33628,200,11225.210538
89.86051,198,11225.446416
87.79704,225,11256.532828
99.90187,183,11257.613581
-979.3407,128,11258.138028
97.69147,191,11261.994895
98.23588,197,11267.051555
93.14958,225,11283.677536
88.66647,217,11287.127028
87.67589,227,11290.38819
93.60183,192,11309.165115
97.45297,192,11310.269079
91.594345,202,11313.600634
95.403244,205,11318.428329
88.1116,196,11320.912801
103.65886,191,11335.001344
91.6028,189,11340.59503
88.03179,215,11344.835818
99.33259,183,11358.767125
91.41969,194,11362.543318
94.82982,200,11367.336545
100.20344,183,11367.656975
91.85332,201,11374.01046
96.65873,188,11384.088226
96.52373,194,11391.758885
104.927925,182,11392.668506
93.83906,202,11412.573676
96.312744,201,11416.310028
89.19975,195,11419.932539
76.86422,200,11420.956086
98.26858,224,11434.326575
93.50956,199,11437.361782
98.057976,192,11441.517858
-973.71246,135,11450.355749
99.58278,225,11450.935216
100.03576,220,11468.814951
97.46409,195,11470.328939
94.305016,201,11470.89549
-972.60657,141,11478.290064
97.91523,192,11486.904644
83.451775,235,11495.294681
93.030106,196,11503.072604
96.33717,196,11503.690003
-976.9103,138,11515.759687
95.027054,189,11519.707971
99.91906,205,11525.577605
104.899956,181,11536.020446
96.798584,258,11540.531188
91.57559,193,11546.985156
99.06701,185,11551.873642
96.080956,222,11561.709233
100.607346,183,11567.540498
99.895355,197,11576.954493
88.0344,236,11577.314327
-957.8579,161,11581.949057
102.04256,224,11595.583361
95.6513,194,11598.966878
94.94863,197,11604.87706
96.82414,193,11614.562955
102.103806,192,11620.290802
-986.8053,90,11628.404188
97.49795,195,11630.300959
96.06817,184,11632.064842
99.58201,218,11635.888756
98.32589,190,11645.765425
102.00504,182,11646.923598
-975.3774,134,11664.543865
102.34795,193,11665.626931
-975.83966,137,11669.008877
99.39698,193,11671.080657
-974.08093,137,11672.473907
101.36079,200,11682.542487
93.5813,189,11695.988683
90.64325,197,11696.991363
-976.49457,142,11702.093966
-981.57275,124,11703.389364
98.379456,186,11713.431984
93.30691,196,11720.644487
96.0132,195,11736.239993
106.44649,248,11738.989056
94.09504,192,11747.633301
89.87617,192,11748.466843
99.24272,183,11750.055138
90.56975,205,11764.93815
94.18699,193,11769.237725
76.54386,288,11777.691163
100.72753,182,11781.032163
94.731,192,11786.512474
106.120445,181,11793.627592
103.044266,183,11795.179915
97.1388,195,11799.871614
96.65288,193,11903.175024
-972.3631,149,11904.041729
102.90347,183,11904.619028
93.77449,199,11921.121851
98.55612,190,11924.516726
-964.1961,150,11927.451151
102.35525,183,11930.947073
98.94734,196,11932.475842
98.85622,183,11951.519729
102.403885,194,11955.420467
96.90197,193,11955.695907
96.6459,196,11971.269513
93.80865,196,11974.464199
96.06854,194,11977.29287
103.19738,181,11977.29287
100.54645,205,11985.333332
92.16557,193,12000.277961
101.69999,183,12001.621756
91.69377,196,12004.956893
-974.546,131,12011.309473
-974.0963,135,12020.92337
95.398895,192,12021.886974
100.03027,201,12026.786901
99.66815,194,12027.69611
-985.00665,95,12045.150411
95.602516,194,12051.12873
94.88013,195,12052.826155
102.56105,183,12052.826155
98.96407,190,12060.002159
89.43472,199,12071.66592
93.8921,191,12075.840127
91.86509,195,12076.131202
98.989075,184,12089.604572
-987.7219,88,12092.135639
103.56159,182,12094.785889
93.485146,192,12099.54604
99.18869,197,12100.730836
101.82934,182,12104.22963
-995.4803,67,12116.563664
103.62382,182,12119.801307
95.85974,223,12128.77432
95.76001,192,12136.356904
93.20576,191,12142.653942
97.703835,194,12147.302899
106.096146,182,12148.981395
91.23193,229,12149.177475
103.644714,183,12165.866218
98.2054,200,12167.052547
98.89066,194,12178.487352
93.363976,195,12185.619556
97.34852,194,12191.110119
103.21179,183,12194.894653
100.025826,189,12196.252954
91.277,197,12196.252954
99.27025,184,12212.422925
91.91773,194,12213.83717
100.77352,203,12229.851142
-973.1188,133,12230.698113
91.620735,197,12241.465741
102.667496,218,12241.465741
92.436874,203,12247.600626
86.35758,200,12248.695083
100.90638,193,12263.861854
105.57765,235,12274.827997
101.48122,197,12279.594056
-968.2119,131,12279.594056
94.0045,198,12280.429688
92.302666,191,12287.740371
99.10465,197,12293.886356
83.64359,232,12296.580439
101.07636,183,12319.098524
100.61,185,12324.583427
94.48906,188,12326.423276
97.41357,199,12327.869859
-969.34106,164,12328.818431
-982.64874,327,12343.833199
98.63878,190,12344.266085
93.05389,195,12347.888689
-975.2009,143,12365.372735
95.41312,210,12372.237148
100.63308,202,12376.676422
92.579506,192,12378.713314
82.21793,234,12387.082129
100.265656,187,12392.757275
101.44875,191,12393.212698
95.52455,233,12406.901694
-979.97,121,12408.965402
99.58309,208,12416.988376
106.30104,181,12417.526485
97.7519,205,12427.605119
90.40776,201,12434.612552
94.1316,190,12436.501343
88.611755,213,12442.798715
100.442764,191,12451.119247
102.8874,194,12453.28739
106.50923,182,12457.791476
94.58133,206,12464.193624
89.548065,197,12472.151186
105.90832,185,12477.521081
98.49294,197,12483.440192
93.839096,206,12492.563074
-990.9587,81,12493.09724
97.35338,189,12497.020249
99.620026,219,12507.413621
96.56157,194,12512.544501
95.97396,220,12512.544501
99.987465,188,12525.118207
-974.6469,139,12527.39651
-969.9859,147,12529.077185
93.16579,221,12539.481918
96.31162,198,12548.066221
96.803925,203,12559.519344
100.56081,183,12560.109063
94.54465,192,12562.268723
100.150215,186,12574.16101
94.789,216,12579.711186
98.66875,208,12581.598511
89.999535,199,12589.187018
93.20791,209,12600.195546
98.73719,184,12609.330646
89.915115,198,12610.667271
71.766136,210,12613.005035
101.44784,191,12624.692173
102.86028,190,12631.230639
100.485374,199,12631.761746
103.151665,183,12636.558283
-982.82416,126,12640.99738
-974.04285,124,12642.445664
106.3592,181,12653.264659
84.91463,223,12655.61125
-970.29645,153,12668.789613
101.279976,187,12670.50747
96.1117,185,12677.506878
-973.768,146,12678.913736
96.37919,189,12683.725077
-975.56555,129,12689.568851
96.7907,185,12690.716217
100.80424,188,12703.168275
-980.20593,102,12704.528816
-982.04175,127,12711.608721
100.52425,184,12718.156651
94.478195,198,12719.99526
-972.02527,131,12724.958105
93.86898,203,12737.097026
94.17113,205,12742.752289
86.74787,193,12753.067824
88.218864,197,12755.344551
91.60742,192,12761.318323
-972.3633,145,12762.14506
92.55996,193,12768.003995
97.67611,194,12769.992394
-973.8786,135,12771.888003
-994.36993,119,12773.833686
94.861565,187,12801.727626
99.83258,183,12802.844054
98.04932,192,12813.054307
94.46729,196,12813.354178
91.94198,191,12821.189867
94.80887,194,12823.702164
91.03648,214,12825.057212
100.44979,198,12826.266292
-984.4049,95,12846.145525
-981.6038,147,12851.867037
94.52011,195,12854.683087
100.36787,215,12858.815758
96.289474,185,12862.363328
98.235016,187,12873.634974
100.90394,200,12875.680534
99.89004,198,12878.189518
94.56924,200,12896.661577
98.613045,195,12901.58505
93.32674,187,12902.370705
-984.95374,121,12909.101215
92.34557,200,12910.124798
92.78193,207,12914.860766
106.295746,181,12922.023924
101.142456,194,12923.584496
98.07183,184,12949.42703
85.97736,209,12950.773899
-981.5725,114,12950.773899
98.31408,194,12951.371845
88.63692,198,12959.054178
-961.8593,142,12959.352024
102.58913,187,12962.901668
94.70738,264,12978.314522
100.03981,183,12995.504805
98.8765,184,12996.856222
96.42527,194,12999.392793
101.104385,196,13000.473487
92.446,195,13008.007601
92.712685,202,13009.401006
86.924965,194,13010.413719
-975.6498,128,13027.495073
91.34877,216,13030.731834
99.36692,186,13043.311463
-974.98364,139,13044.226632
89.47713,198,13048.560396
90.23491,205,13051.548107
93.17107,189,13055.294244
91.92261,212,13064.406771
-995.0107,70,13073.945873
100.386375,190,13076.287846
-979.61725,105,13079.028024
86.117134,204,13082.374033
91.40104,211,13097.609552
94.07717,194,13097.901023
96.631516,219,13098.747705
92.33378,192,13112.016231
-965.5531,154,13116.372194
88.69474,192,13122.929101
96.67304,202,13123.398557
97.09538,192,13129.755391
102.31172,182,13141.779966
95.95741,199,13146.763436
-981.79407,107,13149.977462
100.1887,209,13150.302417
-969.8194,152,13154.985078
92.70382,199,13162.529197
96.931,205,13175.635363
94.5334,188,13178.114332
-974.7289,136,13185.883216
98.06632,199,13194.314818
94.71647,196,13198.165102
95.55999,193,13200.641376
106.65339,182,13201.661907
95.120575,197,13213.394918
-990.7946,78,13221.207752
92.577675,197,13225.959313
96.86589,191,13226.934898
95.13239,186,13233.750179
94.24716,190,13242.868943
90.976326,211,13252.12975
91.95814,200,13252.994679
99.47959,183,13260.181946
92.0202,196,13270.851921
94.59205,187,13274.054131
97.6455,193,13276.82122
89.05099,203,13285.757497
94.824066,212,13297.575274
99.89704,185,13301.066515
87.97681,197,13302.915154
-979.80853,128,13303.927226
101.77606,184,13307.216915
94.56546,190,13321.665616
-983.6757,152,13323.574432
86.25436,236,13336.635927
96.1601,191,13349.683586
97.90336,183,13349.683586
88.21498,215,13351.953006
100.026436,190,13351.953006
101.19371,199,13357.795079
90.516426,195,13374.604519
83.002846,232,13381.885167
97.569084,193,13385.664239
104.10891,181,13397.825378
104.377365,181,13397.825378
88.494705,215,13404.356422
105.11927,227,13407.731716
100.76381,195,13408.299662
76.43651,220,13430.547498
95.49021,195,13431.923668
100.57357,187,13434.351073
92.02653,199,13449.978673
97.61096,185,13455.516014
93.71058,203,13456.945435
98.46337,226,13456.945435
96.98926,199,13459.441445
-972.9695,120,13465.092908
101.10329,199,13577.172416
99.81709,210,13581.032415
102.794525,197,13594.137951
101.59993,196,13598.791043
88.67092,193,13601.887625
92.35162,204,13602.170091
91.3553,193,13607.758031
