#{"t_start": 1789369176.8008964, "env_id": "None"}
r,l,t,reached_goal,collided,scenario_class
128.57858,60,6.669397,True,False,no_target
-404.647,63,6.84707,False,True,no_target
125.693405,58,9.866366,True,False,no_target
-351.73578,81,10.876141,False,True,no_target
-325.66873,28,11.339665,False,True,no_target
-347.7424,37,13.288123,False,True,no_target
-329.32178,47,13.405307,False,True,no_target
-331.45987,40,15.48581,False,True,no_target
55.641922,55,16.242505,True,False,no_target
-313.2948,32,17.293241,False,True,no_target
91.419044,55,19.170758,True,False,no_target
-345.43527,68,20.823193,False,True,no_target
-328.70883,37,21.133009,False,True,no_target
-321.38226,28,22.622346,False,True,no_target
-344.44138,74,24.898336,False,True,no_target
-382.9341,55,25.747495,False,True,no_target
62.849613,65,28.612131,True,False,no_target
128.00046,60,29.086669,True,False,no_target
-342.44733,67,33.493624,False,True,no_target
-374.71225,70,34.119707,False,True,no_target
-348.76456,45,35.903633,False,True,no_target
-378.6242,70,37.799339,False,True,no_target
81.465965,60,39.051981,True,False,no_target
135.05428,62,41.087535,True,False,no_target
-486.023,66,42.723563,False,True,no_target
-319.18387,29,44.451688,False,True,no_target
-523.60785,57,44.517066,False,True,no_target
79.80036,59,48.102618,True,False,no_target
-400.04614,81,49.46662,False,True,no_target
81.81309,59,51.558099,True,False,no_target
-560.80774,54,52.61468,False,True,no_target
-516.26276,62,54.931777,False,True,no_target
-326.89566,32,56.801897,False,True,no_target
-497.46185,80,57.050235,False,True,no_target
-324.00165,30,58.611649,False,True,no_target
-392.19818,48,59.973111,False,True,no_target
-312.24304,24,60.128404,False,True,no_target
-325.38464,15,60.854637,False,True,no_target
-547.1539,45,63.776616,False,True,no_target
-314.82043,18,64.856414,False,True,no_target
-452.6301,57,65.246137,False,True,no_target
-319.47055,22,66.148455,False,True,no_target
-476.73407,56,69.243983,False,True,no_target
-377.15222,44,69.530497,False,True,null
-385.3152,36,72.628142,False,True,head_on
-655.48083,64,74.723791,False,True,head_on
88.75368,53,76.929143,True,False,head_on
-329.38724,29,79.107705,False,True,head_on
-359.93756,70,79.75665,False,True,no_target
-394.98572,69,82.629015,False,True,no_target
-373.24335,68,83.525019,False,True,no_target
-315.8905,24,85.527436,False,True,no_target
-352.66498,63,87.778876,False,True,head_on
-417.507,66,91.101561,False,True,null
-575.72736,93,95.919806,False,True,head_on
-409.54974,74,97.523898,False,True,head_on
-372.77628,24,97.944687,False,True,head_on
-387.37772,64,104.416695,False,True,head_on
113.00973,61,104.599287,True,False,null
88.31306,57,109.099001,True,False,null
111.56904,64,109.550658,True,False,no_target
-326.97906,24,111.424849,False,True,no_target
36.74418,72,114.933422,True,False,head_on
-636.0164,71,117.055792,False,True,head_on
-342.2133,24,118.906415,False,True,head_on
-370.66974,84,121.258377,False,True,no_target
86.91045,65,124.176609,True,False,head_on
-621.23474,68,126.019158,False,True,no_target
-318.30786,27,128.11215,False,True,head_on
-336.30524,67,128.437413,False,True,no_target
-317.4169,20,129.255544,False,True,no_target
118.1889,65,133.13093,True,False,no_target
-343.10544,66,134.37124,False,True,head_on
-317.06613,26,135.287454,False,True,being_overtaken
-323.39673,31,136.773037,False,True,crossing
-412.67752,42,138.582635,False,True,crossing
-371.96384,50,140.834574,False,True,head_on
-731.94727,46,143.331957,False,True,no_target
-316.901,27,144.113219,False,True,overtaking
-289.68207,21,146.120694,False,True,head_on
-399.675,43,147.196112,False,True,overtaking
-599.39417,35,149.034955,False,True,null
-319.85602,25,149.31912,False,True,head_on
-339.87045,30,151.42362,False,True,head_on
-357.02478,31,151.743185,False,True,crossing
-322.0863,35,155.091719,False,True,head_on
-397.4844,67,157.462143,False,True,head_on
-559.54407,55,159.491508,False,True,crossing
106.25833,56,161.802066,True,False,crossing
-367.67322,30,161.995692,False,True,head_on
-311.57346,13,162.974928,False,True,being_overtaken
-316.6804,17,163.210682,False,True,no_target
-327.7164,17,164.470462,False,True,being_overtaken
-320.63223,15,164.605344,False,True,being_overtaken
-326.35895,11,165.49394,False,True,null
-296.8969,19,166.547329,False,True,crossing
-327.80835,21,168.19599,False,True,null
-375.78183,61,169.450862,False,True,no_target
-336.08368,15,170.732172,False,True,overtaking
-451.50305,69,174.689226,False,True,null
-449.26556,64,176.224227,False,True,overtaking
-398.74054,31,177.309074,False,True,head_on
-294.68915,23,178.549763,False,True,crossing
91.84879,57,180.211334,True,False,no_target
-371.18463,23,180.340723,False,True,overtaking
-290.9957,21,182.035732,False,True,being_overtaken
-368.53134,66,186.552968,False,True,overtaking
2.6215498,71,188.913217,True,False,overtaking
-351.98886,29,189.06676,False,True,crossing
-294.74994,6,189.599807,False,True,being_overtaken
-337.7969,21,190.7544,False,True,being_overtaken
-314.54175,28,191.66866,False,True,no_target
-311.3344,32,193.662522,False,True,no_target
-545.0303,57,194.274435,False,True,crossing
-367.32675,25,195.453429,False,True,no_target
-318.53943,24,196.169535,False,True,null
-323.86417,22,197.347728,False,True,crossing
-340.87836,25,198.305146,False,True,overtaking
-301.07474,10,199.09741,False,True,being_overtaken
-675.8912,50,201.232304,False,True,no_target
-437.56238,32,201.573099,False,True,overtaking
-368.54416,24,202.751701,False,True,no_target
-344.2203,32,203.456687,False,True,no_target
-327.07294,13,203.518833,False,True,no_target
-385.71405,36,206.235905,False,True,no_target
-431.3479,71,208.95643,False,True,overtaking
-326.79807,18,210.482943,False,True,being_overtaken
105.65778,58,210.972215,True,False,head_on
-314.72128,28,213.342497,False,True,head_on
-503.8266,54,215.274958,False,True,head_on
-323.39645,21,215.385191,False,True,being_overtaken
-493.12653,53,220.036133,False,True,head_on
13.745705,55,220.16796,True,False,overtaking
-322.69788,12,221.827543,False,True,crossing
-311.35593,36,241.949011,False,True,overtaking
-744.9079,70,245.80941,False,True,crossing
-550.3011,48,245.93305,False,True,overtaking
-292.3654,23,248.83502,False,True,crossing
-403.12967,56,251.334781,False,True,overtaking
-456.08218,40,251.966414,False,True,no_target
-317.9779,15,253.215218,False,True,crossing
-393.94498,27,253.635945,False,True,being_overtaken
-377.68677,47,257.435672,False,True,being_overtaken
-292.03137,27,259.908112,False,True,head_on
-817.2854,73,260.198577,False,True,null
-331.40387,20,261.878959,False,True,being_overtaken
-309.04025,25,262.041285,False,True,no_target
-330.6004,26,264.175452,False,True,being_overtaken
-319.31158,11,265.077797,False,True,no_target
71.641815,59,267.063861,True,False,head_on
85.49917,55,269.05796,True,False,no_target
-394.79065,48,270.335716,False,True,crossing
-798.84326,69,274.708203,False,True,overtaking
-368.56168,58,275.487118,False,True,being_overtaken
-314.07706,31,278.52206,False,True,crossing
-310.42007,26,280.771188,False,True,overtaking
-418.20026,71,281.41604,False,True,being_overtaken
-313.04556,22,283.149265,False,True,no_target
-366.46423,36,283.646348,False,True,being_overtaken
-315.4035,13,284.708995,False,True,being_overtaken
-375.6178,62,287.522644,False,True,no_target
-334.87848,45,287.702907,False,True,crossing
-357.1651,28,290.980064,False,True,crossing
-393.0428,28,291.150968,False,True,being_overtaken
-529.6301,41,294.388375,False,True,no_target
-380.72556,46,294.636114,False,True,head_on
-404.79004,40,296.731784,False,True,no_target
-841.93463,76,299.293942,False,True,no_target
-547.52,75,301.64868,False,True,crossing
-558.4047,71,303.922326,False,True,no_target
-569.4684,53,305.28768,False,True,crossing
-316.7449,26,307.228676,False,True,no_target
-338.0538,19,308.838813,False,True,being_overtaken
-350.9242,73,309.743114,False,True,overtaking
-529.2715,77,315.905131,False,True,overtaking
-515.94165,78,316.80871,False,True,overtaking
-307.24832,40,320.059957,False,True,no_target
-588.87885,69,321.525057,False,True,overtaking
-300.8723,19,322.667019,False,True,crossing
-399.87515,22,323.959063,False,True,no_target
-405.0164,68,324.440651,False,True,no_target
-327.67902,14,325.223829,False,True,no_target
-300.81995,27,327.228297,False,True,head_on
-495.11264,71,329.434472,False,True,no_target
-407.7691,47,333.661867,False,True,head_on
-420.0427,75,334.280104,False,True,crossing
-313.00592,15,334.985127,False,True,being_overtaken
-387.611,28,337.507981,False,True,head_on
-306.19662,10,338.63082,False,True,being_overtaken
135.71788,67,340.625481,True,False,null
-344.2646,35,341.801146,False,True,overtaking
-341.59335,29,343.11753,False,True,head_on
-335.1914,24,345.287307,False,True,being_overtaken
-547.8172,61,347.139403,False,True,overtaking
-318.1381,26,347.440639,False,True,no_target
-343.20526,19,349.089127,False,True,being_overtaken
-391.2188,50,353.78211,False,True,being_overtaken
-1037.885,77,354.183289,False,True,overtaking
-318.25363,46,357.970039,False,True,overtaking
-425.90735,42,357.970039,False,True,overtaking
-594.2808,49,362.318076,False,True,crossing
-401.9292,57,363.096934,False,True,null
70.8827,65,369.441386,True,False,overtaking
-459.38315,74,369.742489,False,True,head_on
-312.05783,13,371.273617,False,True,being_overtaken
-344.62753,16,371.490292,False,True,being_overtaken
48.766575,66,378.434062,True,False,head_on
-358.00815,30,381.747541,False,True,head_on
-1141.5673,104,382.231334,False,True,crossing
-329.09286,20,383.579511,False,True,being_overtaken
-341.30164,14,384.950167,False,True,overtaking
-434.18933,46,386.88047,False,True,crossing
-385.13782,37,388.692207,False,True,head_on
-294.36356,24,390.827789,False,True,head_on
-339.728,73,393.122829,False,True,null
-353.8398,32,393.300028,False,True,no_target
-301.65536,13,394.434105,False,True,crossing
-318.44214,52,397.878629,False,True,overtaking
115.2406,63,400.576224,True,False,head_on
120.53934,62,403.628287,True,False,null
-325.74622,33,406.067839,False,True,crossing
-772.229,72,406.275457,False,True,crossing
-327.92337,14,407.355344,False,True,crossing
-355.76266,50,412.232252,False,True,overtaking
-479.44727,63,412.373076,False,True,head_on
74.37995,61,417.951785,True,False,crossing
-356.0128,83,419.879319,False,True,head_on
-326.94788,33,420.453918,False,True,no_target
-322.8634,15,420.84874,False,True,crossing
113.46804,66,425.887055,True,False,crossing
111.63797,70,426.993076,True,False,no_target
-312.90964,17,427.719763,False,True,being_overtaken
-316.81308,14,428.408492,False,True,being_overtaken
-318.93484,22,429.724772,False,True,no_target
-314.65668,15,429.724772,False,True,being_overtaken
74.250786,62,435.132832,True,False,being_overtaken
40.860607,67,435.622764,True,False,overtaking
-309.5715,11,436.815815,False,True,being_overtaken
-353.12772,33,439.633739,False,True,head_on
-394.8508,25,441.625979,False,True,crossing
14.879922,90,443.274446,True,False,overtaking
-378.98685,37,445.3421,False,True,being_overtaken
-469.66742,66,449.004274,False,True,null
122.27781,59,450.104494,True,False,no_target
-357.28085,28,451.270088,False,True,head_on
-322.51828,13,452.993077,False,True,overtaking
-423.94592,50,454.509713,False,True,no_target
-302.68228,20,455.777474,False,True,crossing
-386.26917,63,457.270782,True,False,no_target
-330.34634,27,457.908581,False,True,head_on
-323.9187,23,459.439487,False,True,null
-330.0579,17,459.588266,False,True,being_overtaken
-312.59415,13,460.720797,False,True,being_overtaken
-304.36954,11,462.006114,False,True,being_overtaken
-348.82996,31,462.776646,False,True,head_on
-326.1845,25,464.098478,False,True,no_target
-322.01547,16,465.402754,False,True,overtaking
-329.12375,20,466.910106,False,True,overtaking
-725.219,71,467.051431,False,True,no_target
-329.18283,23,469.929867,False,True,null
-404.00922,28,470.562252,False,True,head_on
-309.83917,12,471.028785,False,True,being_overtaken
-702.1988,66,474.84812,False,True,crossing
71.71281,70,475.49585,True,False,crossing
-437.0183,73,480.768089,False,True,overtaking
-712.20917,99,483.564991,False,True,crossing
-323.8909,14,484.768549,False,True,crossing
-437.35535,54,485.909961,False,True,overtaking
-317.10236,19,487.136209,False,True,being_overtaken
-310.4921,17,488.044805,False,True,crossing
-342.0449,21,489.761951,False,True,crossing
68.74575,74,494.049323,True,False,overtaking
31.84412,81,496.644035,True,False,head_on
-451.2011,43,497.702301,False,True,head_on
-330.0765,21,498.536377,False,True,crossing
-336.8983,24,514.964776,False,True,being_overtaken
-301.28766,15,514.964776,False,True,crossing
-353.83472,16,516.426268,False,True,crossing
-359.97137,31,517.822604,False,True,head_on
-599.0916,84,524.108148,False,True,null
-550.64343,73,524.37682,False,True,head_on
-322.73047,25,526.057348,False,True,no_target
