#{"t_start": 1789755261.3900506, "env_id": "None"}
r,l,t,reached_goal,collided,scenario_class
-330.58237,31,5.46539,False,True,no_target
-307.13367,36,7.599287,False,True,no_target
-349.25415,51,13.334178,False,True,no_target
-319.14954,22,14.275879,False,True,no_target
-373.831,56,15.545389,False,True,no_target
149.32617,66,19.34557,True,False,no_target
-342.08966,71,20.994453,False,True,no_target
-354.23453,71,20.994453,False,True,no_target
-340.60825,71,20.994453,False,True,no_target
-371.9686,72,21.373937,False,True,no_target
-315.92474,73,21.733889,False,True,no_target
-335.65402,15,24.881971,False,True,no_target
-330.40323,28,24.881971,False,True,no_target
-350.88922,30,24.881971,False,True,no_target
-333.47873,11,25.712442,False,True,no_target
-336.1648,28,25.988971,False,True,no_target
-322.8506,53,27.927266,False,True,no_target
-344.14523,19,28.270054,False,True,no_target
-335.85806,19,28.270054,False,True,no_target
-342.47058,20,28.722358,False,True,no_target
-345.848,19,29.225288,False,True,no_target
-338.19614,18,32.14448,False,True,no_target
-338.6001,18,32.14448,False,True,no_target
-328.75003,16,32.631079,False,True,no_target
-348.12735,20,33.181626,False,True,no_target
-342.4256,18,33.181626,False,True,no_target
-337.2396,13,33.977105,False,True,no_target
-328.2734,15,34.684044,False,True,no_target
-329.53378,18,35.838886,False,True,no_target
-339.70718,16,36.281226,False,True,no_target
-331.70557,19,37.123069,False,True,no_target
-360.73697,11,38.360331,False,True,no_target
-324.007,12,38.360331,False,True,no_target
-323.7696,15,39.450542,False,True,no_target
-320.85754,12,40.019742,False,True,no_target
-333.03705,17,40.546773,False,True,no_target
-321.99356,12,42.751987,False,True,no_target
-340.79694,16,44.531584,False,True,no_target
-321.83746,14,45.51883,False,True,no_target
-353.88464,22,46.20463,False,True,no_target
-325.44342,13,50.956376,False,True,head_on
-337.21298,19,52.499101,False,True,head_on
-335.6313,17,52.499101,False,True,no_target
-331.05078,18,53.368452,False,True,no_target
-324.74637,12,57.557339,False,True,null
-343.63858,20,57.557339,False,True,no_target
-355.76245,21,58.778478,False,True,null
-341.7815,16,58.778478,False,True,head_on
-341.23767,12,59.918433,False,True,no_target
-344.4145,22,61.122674,False,True,no_target
-336.25787,19,61.122674,False,True,head_on
-339.26187,15,63.195651,False,True,no_target
-322.2978,14,63.195651,False,True,no_target
-351.58673,18,65.782752,False,True,null
-333.8973,13,68.800321,False,True,no_target
-343.55374,18,71.389471,False,True,head_on
-343.4275,19,72.661522,False,True,head_on
-319.7263,15,74.479596,False,True,no_target
-329.2674,19,74.479596,False,True,head_on
-327.02786,19,78.032792,False,True,null
-324.32736,21,78.032792,False,True,null
-332.48236,21,82.578315,False,True,head_on
-315.61838,22,83.397013,False,True,no_target
-316.8706,18,84.701963,False,True,null
-330.6101,26,90.172164,False,True,head_on
-332.43195,19,92.460896,False,True,head_on
-339.51892,26,96.431251,False,True,head_on
-345.37674,27,96.431251,False,True,no_target
-317.23242,24,96.431251,False,True,no_target
-320.5201,20,96.431251,False,True,null
-326.40048,20,100.456815,False,True,no_target
-337.95197,26,100.456815,False,True,no_target
-318.97504,23,104.236174,False,True,head_on
-333.34656,27,105.393452,False,True,no_target
-317.91513,21,109.247181,False,True,null
-324.95227,17,109.99128,False,True,no_target
-320.20264,24,109.99128,False,True,no_target
-313.56412,19,111.467691,False,True,head_on
-314.16055,16,113.736616,False,True,null
-327.76886,25,115.962709,False,True,no_target
-345.98135,27,117.195773,False,True,no_target
-332.61777,28,122.565018,False,True,head_on
-329.50458,17,122.565018,False,True,overtaking
-319.10568,25,123.980922,False,True,head_on
-315.99194,21,126.683487,False,True,null
-328.37625,28,126.683487,False,True,no_target
-350.66382,25,127.387182,False,True,crossing
-356.21735,24,127.387182,False,True,crossing
-325.53525,24,130.878559,False,True,head_on
-331.86374,25,134.913219,False,True,no_target
-342.10333,28,135.491231,False,True,null
-297.83386,14,136.151899,False,True,crossing
-346.46362,20,136.151899,False,True,crossing
-334.2525,27,142.050318,False,True,null
-323.49554,25,143.972173,False,True,head_on
-351.34558,25,144.915148,False,True,overtaking
-339.2054,32,144.915148,False,True,crossing
-322.60114,22,146.213593,False,True,head_on
-311.18,14,146.213593,False,True,no_target
-333.1278,29,147.853084,False,True,being_overtaken
-335.46704,20,149.981287,False,True,null
-332.74612,22,150.678225,False,True,being_overtaken
-306.6859,15,156.018199,False,True,being_overtaken
-376.12402,30,156.676811,False,True,being_overtaken
-385.58386,19,157.273604,False,True,overtaking
-414.54163,24,158.407749,False,True,crossing
-310.67758,16,159.521156,False,True,being_overtaken
-316.84155,17,160.447488,False,True,being_overtaken
-336.61008,23,162.726164,False,True,null
-328.96548,27,162.726164,False,True,crossing
-367.41687,29,163.379261,False,True,crossing
-340.59103,30,165.453533,False,True,crossing
-310.46982,17,166.77829,False,True,crossing
-298.86804,15,172.758586,False,True,crossing
-357.69995,27,175.46815,False,True,no_target
-332.73715,26,181.515898,False,True,no_target
-373.63586,37,184.228303,False,True,head_on
-397.4455,42,185.611843,False,True,null
-381.18695,29,187.480876,False,True,overtaking
-637.1081,44,192.097541,False,True,crossing
-405.71613,46,192.097541,False,True,head_on
-416.6378,49,193.190556,False,True,crossing
-408.5127,45,196.009329,False,True,overtaking
-342.47232,37,197.052105,False,True,crossing
-323.23004,20,202.833543,False,True,crossing
-359.2725,14,203.28936,False,True,crossing
-368.7701,31,203.653392,False,True,null
-333.43796,31,207.3856,False,True,no_target
-446.75693,54,210.477354,False,True,no_target
-449.78925,63,211.17949,False,True,head_on
25.934664,50,211.804606,True,False,null
-357.28723,37,214.031155,False,True,no_target
108.46819,56,214.031155,True,False,crossing
-326.91168,27,217.354146,False,True,crossing
-381.04092,30,218.708226,False,True,being_overtaken
-373.45645,18,223.597768,False,True,head_on
-22.262152,27,225.339494,True,False,being_overtaken
-369.14264,24,226.491689,False,True,being_overtaken
-391.96075,67,226.491689,False,True,crossing
35.894207,30,226.491689,True,False,being_overtaken
8.665433,30,227.602819,True,False,being_overtaken
-299.6954,24,230.214365,False,True,crossing
-371.26608,45,231.953878,False,True,no_target
-322.74878,11,234.125186,False,True,no_target
-409.14062,59,234.881995,False,True,no_target
-347.25824,34,236.523093,False,True,head_on
-348.8221,26,237.553225,False,True,crossing
-292.3,16,241.906126,False,True,crossing
-349.2352,21,242.369443,False,True,being_overtaken
25.756199,32,243.155883,True,False,being_overtaken
-322.31497,20,247.057996,False,True,being_overtaken
-323.11148,19,251.094419,False,True,crossing
55.335197,53,251.964866,True,False,null
84.61113,60,256.408768,True,False,no_target
-666.4069,56,257.537606,False,True,overtaking
-522.51086,69,260.743025,False,True,null
-314.63007,33,262.667002,False,True,no_target
-351.4702,30,266.01301,False,True,null
82.44258,65,266.487823,True,False,head_on
-347.80045,29,266.487823,False,True,head_on
-290.88565,24,268.255949,False,True,head_on
-403.9076,75,272.152122,False,True,null
-312.66757,24,274.337685,False,True,no_target
-459.77927,68,274.337685,False,True,null
44.890903,66,274.823069,True,False,head_on
-330.97903,37,275.187636,False,True,no_target
-333.5174,8,276.103294,False,True,being_overtaken
-415.65457,37,278.505067,False,True,overtaking
-345.55695,13,280.70714,False,True,crossing
-328.74173,31,282.736981,False,True,crossing
-341.32416,42,285.869217,False,True,crossing
-321.2194,27,286.868567,False,True,null
-311.96423,32,289.519042,False,True,overtaking
-341.36478,25,292.358108,False,True,head_on
-333.79233,41,295.305816,False,True,null
-348.57928,47,297.017406,False,True,crossing
1.2010578,66,297.017406,True,False,crossing
-331.53394,26,297.525383,False,True,crossing
-161.22188,67,297.525383,True,False,head_on
-331.91574,34,298.394686,False,True,null
-321.47607,34,306.091999,False,True,no_target
-346.85242,30,311.487334,False,True,null
-355.86435,71,311.869512,False,True,no_target
-319.93472,40,314.036793,False,True,head_on
-391.3916,35,314.036793,False,True,crossing
-326.05237,20,314.868193,False,True,crossing
-492.81848,74,321.079331,False,True,overtaking
17.326431,65,321.941669,True,False,overtaking
-477.00668,56,324.379141,False,True,head_on
-306.83157,31,327.59083,False,True,head_on
130.88008,66,327.59083,True,False,crossing
