straight_rpm,MASS,THRUST_COEF,DRAG_COEF,LINEAR_SURGE_DAMP,TURN_COEF,RUDDER_FORCE_SCALE,LINEAR_YAW_DAMP,surge_score,surge_err_peak_u_body_mps,surge_err_initial_accel_0_2_after_motion_mps2,surge_err_initial_accel_0_5_after_motion_mps2,surge_err_distance_at_10s_after_motion_m,surge_err_time_to_50pct_peak_u_after_motion_s,surge_err_time_to_90pct_peak_u_after_motion_s,surge_rpm_start_idx,surge_rpm_start_t_sec,surge_motion_start_idx,surge_motion_start_t_sec,surge_motion_lag_s,surge_u_body_at_2s_after_motion_mps,surge_u_body_at_5s_after_motion_mps,surge_u_body_at_10s_after_motion_mps,surge_distance_at_5s_after_motion_m,surge_distance_at_10s_after_motion_m,surge_initial_accel_0_2_after_motion_mps2,surge_initial_accel_0_5_after_motion_mps2,surge_peak_u_body_mps,surge_time_to_50pct_peak_u_after_motion_s,surge_time_to_90pct_peak_u_after_motion_s,surge_u_body_at_2s_after_rpm_mps,surge_u_body_at_5s_after_rpm_mps,surge_u_body_at_10s_after_rpm_mps,surge_distance_at_5s_after_rpm_m,surge_distance_at_10s_after_rpm_m
15.0,64.55,0.05,1.5,2.0,3.0,0.1,5.0,7.807370413408506,0.01993924966529556,0.5405276387608533,0.12218707952501698,0.3909958131173122,4.5626493381720366,1.1585150528620223,0,0.0,3,0.30000000000000004,0.30000000000000004,0.30298312912258435,0.6380814975380841,1.1013034598644762,1.7826781152891407,6.177384697294206,0.12509529308735443,0.11725325507558577,2.3497655720568917,11.0,29.5,0.26686961885251453,0.6066286367489463,1.0765506161379892,1.6058814846398215,5.860618433998915
14.0,64.55,0.06,1.5,2.0,3.0,0.1,5.0,7.822892197543069,0.06323135997112773,0.5197120447286863,0.17292158124312051,0.363514082341315,4.512079798734109,1.1585150528620223,0,0.0,3,0.30000000000000004,0.30000000000000004,0.31671046425357646,0.6669292237743246,1.1507819125766354,1.8633813198404179,6.456143409971999,0.13076251718157153,0.1225543190243914,2.4495031891470433,10.9,29.5,0.2789623445462714,0.6340619866404755,1.1249388760450774,1.6785917446184881,6.125146441534335
16.0,64.55,0.05,1.5,2.0,3.0,0.1,5.0,7.948942669106663,0.15080012358158815,0.47726827078342704,0.27634319551573594,0.30750661784304567,4.512079798734109,1.151198052682829,0,0.0,3,0.30000000000000004,0.30000000000000004,0.3447013396618598,0.7257349011691994,1.2515603907885702,2.027922654824001,7.024250594746582,0.14231819884890062,0.13336046814149632,2.6512466419918796,10.9,29.400000000000002,0.3036205796896334,0.6899865150135863,1.2235026253011307,1.8268395904083916,6.664268506265287
15.0,64.55,0.06,1.5,2.0,3.0,0.1,5.0,7.979778105752196,0.20921104575173397,0.4487031503549896,0.34592597215107623,0.26983472175615847,4.4615102592961815,1.1438810525036356,0,0.0,3,0.30000000000000004,0.30000000000000004,0.3635397490324567,0.7652997442865634,1.3193025188015126,2.138649043676386,7.406372424805563,0.15009529800331764,0.14063091992850532,2.785815415565937,10.8,29.3,0.32021638021017396,0.7276144400371651,1.289760401567268,1.9266036242382887,7.026907026409535
14.0,64.55,0.07,1.5,2.0,3.0,0.1,5.0,8.00749119738738,0.2274820764514869,0.4397260070394035,0.3677902064156133,0.2579992044911805,4.4615102592961815,1.1438810525036356,0,0.0,3,0.30000000000000004,0.30000000000000004,0.3694601256441259,0.7777317683514685,1.3405780503977518,2.1734450139665777,7.526425036613501,0.1525394023040025,0.1429154344127901,2.8279087450641036,10.8,29.3,0.32543202236358476,0.7394381030692727,1.3105704714168338,1.9579550164793815,7.140840609245451
14.0,64.55,0.05,1.5,2.0,3.0,0.1,5.0,8.102047803974184,0.10443328691248106,0.600615586685263,0.02871867262654844,0.46019532831281035,4.5626493381720366,1.1658320530412156,0,0.0,4,0.4,0.4,0.2743446374773421,0.5650836988718657,0.9675628193135725,1.6040651482961126,5.475465013593917,0.10873583364925035,0.10148566073036308,2.0632325215288825,11.0,29.6,0.23248579943527906,0.5286001182693747,0.9387810741678657,1.3991138011153599,5.107985714301415
16.0,64.55,0.06,1.5,2.0,3.0,0.1,5.0,8.232154757137074,0.3624030026411335,0.36998060352510637,0.5342953758014979,0.18393508474086154,4.4615102592961815,1.1365640523244425,0,0.0,2,0.2,0.2,0.39723817693035657,0.8561610195411409,1.4878568295143204,2.3527607461890794,8.277688443037862,0.17152818689724095,0.16031295524832695,3.138743480970677,10.8,29.200000000000003,0.3643095383109648,0.8275441542372753,1.4654925404317862,2.1916199241114027,7.989583982702252
15.0,64.55,0.07,1.5,2.0,3.0,0.1,5.0,8.273421935474039,0.3941609182397359,0.35399647425789205,0.5731144157153846,0.1633391077321377,4.4615102592961815,1.1292470521452491,0,0.0,2,0.2,0.2,0.40731715272195473,0.8778231639044709,1.5251907518443037,2.412392584928364,8.486602069479025,0.17588000325031994,0.16436901583916788,3.2119082863631285,10.8,29.1,0.3735540939311511,0.8484873882585958,1.5022800077613152,2.247174781968107,8.19126904596666
16.0,64.55,0.07,1.5,2.0,3.0,0.1,5.0,8.423589038242145,0.5686421161631408,0.2650703961093482,0.7889835232577119,0.04885224830170466,4.360371180420327,1.1146130517868627,0,0.0,2,0.2,0.2,0.46339114789480945,0.9982848724363178,1.7325259498297838,2.744094494882,9.647890265389348,0.20009089110242106,0.18692439541127362,3.613883121615526,10.600000000000001,28.900000000000002,0.4249867873995005,0.9649559050640839,1.7065934750454408,2.5562049906284727,9.312413800900629
14.0,64.55,0.05,1.25,2.0,3.0,0.1,5.0,8.478744084046197,0.0009504860964534103,0.5963335959573764,0.0071237746701195885,0.44681146528669435,5.11891427198924,1.2609530553707284,0,0.0,4,0.4,0.4,0.2768501466932823,0.576363682534163,1.0038318399759019,1.6254352863817665,5.611223145358841,0.10990164236875131,0.10374203324134239,2.30601870879554,12.1,30.900000000000002,0.23427048394023098,0.5383944456319855,0.9726834983428353,1.4162894692123993,5.229728733805475
15.0,64.55,0.05,1.25,2.0,3.0,0.1,5.0,8.695503576051067,0.14027172619152478,0.5357706808276992,0.14591477337945136,0.3759981373813339,5.11891427198924,1.253636055191535,0,0.0,3,0.30000000000000004,0.30000000000000004,0.30564340496571746,0.6506229540483845,1.1423770404107538,1.8059894235763854,6.329512407713805,0.12639041570419102,0.11973247568918167,2.6269910152727167,12.1,30.8,0.2689206065313575,0.6178967699940597,1.115585687715006,1.625632985760784,6.000740881194618
14.0,64.55,0.05,1.5,1.5,3.0,0.1,5.0,8.715763290984182,0.04395309667747501,0.5942334501129022,0.003247746026150139,0.44049581607643445,5.270622890303024,1.2829040559083085,0,0.0,4,0.4,0.4,0.2780779667677333,0.5817688006154691,1.0206363527167066,1.635782330258562,5.675285422146526,0.11047342509629599,0.10482571579651506,2.405089368038248,12.4,31.200000000000003,0.23514780513362982,0.5431012476093797,0.9884312684944639,1.424624107369198,5.287289884654113
14.0,64.55,0.06,1.25,2.0,3.0,0.1,5.0,8.721280491747649,0.18878272343371583,0.5147373262665194,0.19774378266443768,0.3478219653038372,5.068344732551313,1.253636055191535,0,0.0,3,0.30000000000000004,0.30000000000000004,0.31949253877747785,0.6800496770348401,1.1937625615913223,1.8877650190273758,6.6153151295485975,0.13211692697103858,0.12514790076124688,2.73875205518098,12.0,30.8,0.28110713476949384,0.6458499942491787,1.165786192262827,1.6992513364921311,6.271755501896615
16.0,64.55,0.05,1.25,2.0,3.0,0.1,5.0,8.86811720829772,0.2869314652277044,0.47184892475365675,0.3034023718387903,0.2903945415065794,5.068344732551313,1.2463190550123417,0,0.0,3,0.30000000000000004,0.30000000000000004,0.3477321098998165,0.74003884225669,1.298441745427819,2.0544973666747635,7.197825556588642,0.14379366230900428,0.1361877832669612,2.9648699680703,12.0,30.7,0.30595687487580686,0.7028370759133653,1.2680566690503339,1.8493543714699305,6.8241407156461324
15.0,64.55,0.06,1.25,2.0,3.0,0.1,5.0,8.912848458229746,0.35241653407968576,0.44298410753834494,0.3744946073699541,0.2517640079961099,5.017775193113385,1.2390020548331486,0,0.0,3,0.30000000000000004,0.30000000000000004,0.36673815380257513,0.780402368033848,1.3688182073225736,2.1667016285435032,7.589671247793805,0.15165235648535097,0.14361595293556711,3.1157363655764816,11.9,30.6,0.32268174017823315,0.7411820054589536,1.3368177593955373,1.9503696546108322,7.195733137531118
14.0,64.55,0.07,1.25,2.0,3.0,0.1,5.0,8.944913092874293,0.37290308927764904,0.43391270265661724,0.3968338743580868,0.23962672476104768,5.017775193113385,1.2390020548331486,0,0.0,3,0.30000000000000004,0.30000000000000004,0.37271125595525645,0.7930857559435025,1.3909231383335598,2.201962596773044,7.7127847983044875,0.15412212430627795,0.14595010186505739,3.16293388455618,11.9,30.6,0.3279379733301939,0.7532313156410269,1.358415975636716,1.982114722478681,7.312485243374355
15.0,64.55,0.05,1.5,1.5,3.0,0.1,5.0,8.960852507333733,0.18694314540647602,0.5334462030386402,0.15723316243535249,0.3690070603791665,5.270622890303024,1.275587055729115,0,0.0,3,0.30000000000000004,0.30000000000000004,0.3069426514316289,0.6565819883384347,1.1610993474825153,1.8172052037349402,6.4004258316622575,0.127023274728645,0.12091509308268973,2.73451398206345,12.4,31.1,0.2699251548723882,0.6232650389340635,1.1334206316670514,1.63515535858923,6.066176083067531
14.0,64.55,0.06,1.5,1.5,3.0,0.1,5.0,9.039449391934275,0.2366080432399968,0.5123099259739404,0.2095490793723016,0.3405399442079047,5.270622890303024,1.275587055729115,0,0.0,3,0.30000000000000004,0.30000000000000004,0.3208492757609952,0.6862637094988884,1.2132371641337663,1.8994683563693897,6.68917972137291,0.13277780753025561,0.12638139336812668,2.8489334115610663,12.4,31.1,0.2821562739910778,0.6514487872186814,1.1843406520654385,1.7091886892850678,6.339921333657771
16.0,64.55,0.05,1.5,1.5,3.0,0.1,5.0,9.132572827414368,0.33689962521158057,0.4692123020079186,0.3161935756594917,0.28252610162515324,5.220053350865096,1.2609530553707284,0,0.0,3,0.30000000000000004,0.30000000000000004,0.3492057043625722,0.7467688273636638,1.3194250929694182,2.0671893481261545,7.2776384399185625,0.14451150547643526,0.1375242897298117,3.0799880616897717,12.3,30.900000000000002,0.3070966898212877,0.7089025271531818,1.288054959177256,1.860133487025595,6.89781242681923
15.0,64.55,0.06,1.5,1.5,3.0,0.1,5.0,9.187126512302948,0.40367352880644153,0.4402071596079191,0.38794411639582743,0.2435060470412946,5.169483811427168,1.2609530553707284,0,0.0,3,0.30000000000000004,0.30000000000000004,0.36829011673197387,0.7874765772070721,1.3907979789953349,2.1800548230099754,7.673435206616892,0.1524084043884459,0.14502124332005417,3.2338237139901804,12.2,30.900000000000002,0.3238823944506195,0.7475589647033465,1.3577702301123091,1.9617119654949577,7.273063650889172
16.0,64.55,0.06,1.25,2.0,3.0,0.1,5.0,9.202962785509127,0.5242231370944187,0.36391152674676264,0.5663449089876054,0.1638579232890073,5.017775193113386,1.2316850546539553,0,0.0,2,0.2,0.2,0.40059292373694394,0.8728007283311712,1.5434654000177237,2.3830671507243015,8.481339505853429,0.1731805451289941,0.16366169465041908,3.5115493916449907,11.900000000000002,30.500000000000004,0.3671184953263594,0.8430240224694804,1.5192341661808981,2.218720715530319,8.182306120714117
14.0,64.55,0.07,1.5,1.5,3.0,0.1,5.0,9.212612642144286,0.4245403990220313,0.43109173520163363,0.4104894016028607,0.23124720233698115,5.169483811427168,1.253636055191535,0,0.0,3,0.30000000000000004,0.30000000000000004,0.3742878015239415,0.8002676432147959,1.4132129125425268,2.215522900180765,7.797781806055821,0.15489015690266603,0.14737691834551517,3.2818974137181423,12.2,30.8,0.32915771656551013,0.7597057475825223,1.3796654118022245,1.993633476987337,7.390957859925286
15.0,64.55,0.07,1.25,2.0,3.0,0.1,5.0,9.259174990469676,0.5598507289448255,0.3477713882632726,0.6059965011909992,0.14273787824982015,5.017775193113386,1.2316850546539553,0,0.0,2,0.2,0.2,0.4107581682730167,0.8948955344568247,1.5822558271644906,2.4434833887902867,8.695568973961127,0.17757483632992185,0.16780474560832667,3.5936292692189276,11.900000000000002,30.500000000000004,0.3764352158866212,0.8643695332605654,1.5574291462987508,2.2749766409356567,8.389020778834562
14.0,64.55,0.05,1.0,2.0,3.0,0.1,5.0,9.395716376008375,0.12809222028169764,0.5920008706489841,0.015033909679624773,0.4328952635206742,5.725748745244372,1.3414400573418546,0,0.0,4,0.4,0.4,0.27938679063426236,0.5879573118611864,1.0420667153313725,1.6472457593393366,5.752381012062361,0.1110812640131493,0.1060572092599832,2.5989315169438045,13.3,32.0,0.23607375023297203,0.5484407847393922,1.0083510981490003,1.4337926605608244,5.356125748601808
16.0,64.55,0.06,1.5,1.5,3.0,0.1,5.0,9.432738628309787,0.5783367499019065,0.3609743642708398,0.5812774889529626,0.15482491967703693,5.118914271989241,1.253636055191535,0,0.0,2,0.2,0.2,0.40221435601428784,0.8805134405438502,1.5676393475778554,2.3973804041157654,8.57296504716344,0.17398021281690432,0.16522194573471752,3.6362178994961973,12.100000000000001,30.8,0.3684800564061015,0.8502185988845602,1.5426535246658242,2.2315463345837543,8.269175286669302
16.0,64.55,0.07,1.25,2.0,3.0,0.1,5.0,9.451363289149795,0.7556539493045696,0.2579755327758412,0.8265148772555448,0.025322420286278326,4.916636114237531,1.2170510542955686,0,0.0,2,0.2,0.2,0.4673131552109426,1.0177737246414573,1.7977339660526381,2.779563167938214,9.886563172149607,0.20202252852610897,0.1908459103742713,4.044726397062748,11.700000000000001,30.3,0.42827020439746916,0.9830846343339114,1.7696116327000682,2.5879193148582607,9.538271202286275
15.0,64.55,0.07,1.5,1.5,3.0,0.1,5.0,9.4826085732497,0.6144632265700912,0.3447618538517366,0.6212821452626235,0.13350093375526212,5.118914271989241,1.246319055012342,0,0.0,2,0.2,0.2,0.41241949875931483,0.9027894411896605,1.6069486891312696,2.4581402318624592,8.789263173113538,0.17839420789832752,0.16940188707967865,3.7194471223567493,12.100000000000001,30.700000000000003,0.3778303769453826,0.8717336860266537,1.581353192059438,2.2881108491303452,8.47785631472514
14.0,64.55,0.05,1.25,1.5,3.0,0.1,5.0,9.488785671766731,0.1459752045309104,0.5909601767501658,0.020118296233598364,0.4298310613254163,5.7763182846823,1.348757057521048,0,0.0,4,0.4,0.4,0.2799949586144433,0.5906036033637365,1.0501279735415752,1.652339503116454,5.78346249911632,0.11136460185731428,0.10658845835774351,2.6401308537947252,13.4,32.1,0.23650896951108924,0.5507488244840522,1.0159181197482512,1.4379004717269859,5.384086167765535
15.0,64.55,0.05,1.0,2.0,3.0,0.1,5.0,9.676846623008212,0.2857878058029126,0.5309583451133938,0.17023665568683272,0.3604052675295612,5.725748745244372,1.341440057341855,0,0.0,3,0.30000000000000004,0.30000000000000004,0.3083354799106977,0.6635084630717653,1.1856745839110625,1.829774163816987,6.487677421491938,0.1277006153971437,0.12227378089767939,2.9622351723769134,13.3,32.00000000000001,0.2709929982990909,0.6294563267802897,1.1566709147558734,1.6457627527079757,6.146259742700363
16.0,64.55,0.07,1.5,1.5,3.0,0.1,5.0,9.679048942795628,0.8124496134705694,0.25456530412258227,0.8437415904616891,0.014973237074724914,5.017775193113386,1.2316850546539553,0,0.0,2,0.2,0.2,0.4691953360244064,1.0266626975623996,1.825230925074446,2.7961139502969443,9.991539274740605,0.20295099254018767,0.19264586711457607,4.175573892482859,11.900000000000002,30.500000000000004,0.42985144241944495,0.9913805793953107,1.79626485392136,2.6027552006268246,9.637835714168414
15.0,64.55,0.05,1.25,1.5,3.0,0.1,5.0,9.762534734483241,0.3037154956139722,0.5298095735240782,0.1757552141235083,0.357046716498862,5.7763182846823,1.341440057341855,0,0.0,3,0.30000000000000004,0.30000000000000004,0.30897738372858685,0.6664069928932178,1.1945316815443112,1.8352694040537882,6.521744612143485,0.12801337831996304,0.1228503950396805,3.003537503195506,13.4,32.00000000000001,0.2714900584375469,0.6320716715230259,1.1651228563687144,1.6504337206231419,6.177733211100316
14.0,64.55,0.06,1.0,2.0,3.0,0.1,5.0,9.765856600646758,0.34073233124004004,0.5097046457657541,0.22318863281873005,0.3315054474104247,5.725748745244372,1.341440057341855,0,0.0,3,0.30000000000000004,0.30000000000000004,0.32230789897426254,0.693530744979402,1.2390776444059144,1.9126447140146763,6.780820408689329,0.13348711742288724,0.12780654080437062,3.088817960800375,13.3,32.00000000000001,0.2832743262450171,0.6579434186474071,1.2087853615409463,1.7203071824442393,6.424025419242705
14.0,64.55,0.06,1.25,1.5,3.0,0.1,5.0,9.800724825565235,0.3585431371830924,0.5085062234318605,0.22893171321298228,0.32801986596481486,5.725748745244372,1.341440057341855,0,0.0,3,0.30000000000000004,0.30000000000000004,0.32297751016290305,0.6965458699597709,1.2482430623449463,1.918368572140399,6.8161761220769455,0.13381339818697183,0.12840661443083928,3.1298510111798996,13.3,32.00000000000001,0.2837929809398462,0.660664764440321,1.2175344099756593,1.7251734996303902,6.456696706601629
16.0,64.55,0.05,1.0,2.0,3.0,0.1,5.0,9.887850047778965,0.45195267646757176,0.4663663268840697,0.3311426464231925,0.2725979042358936,5.675179205806444,1.3341230571626614,0,0.0,3,0.30000000000000004,0.30000000000000004,0.3507992094171354,0.7547374334219485,1.3478854085458547,2.081614385285878,7.378344306881581,0.14528634662526313,0.1390862638777774,3.345050612121224,13.2,31.900000000000002,0.30831761199834057,0.7160218007859859,1.314972310631087,1.8723023161061387,6.990218392267275
16.0,64.55,0.05,1.25,1.5,3.0,0.1,5.0,9.921803311405633,0.4693207105375522,0.465067307610397,0.3373367114589372,0.2688599724761111,5.675179205806444,1.3341230571626614,0,0.0,3,0.30000000000000004,0.30000000000000004,0.35152494813478713,0.7579863640794454,1.3576549889807252,2.087798955361505,7.416259715264246,0.1456400157694266,0.13973345925263267,3.385063591840696,13.2,31.900000000000002,0.3088800505391405,0.7189559462917727,1.3243045172336272,1.8775625990739522,7.025271499138511
15.0,64.55,0.06,1.0,2.0,3.0,0.1,5.0,9.949822763809486,0.5261995009188313,0.43719823735593966,0.4037839942819515,0.23296778624251605,5.624609666368516,1.326806056983468,0,0.0,3,0.30000000000000004,0.30000000000000004,0.3699749456361098,0.7959227482057386,1.4210515473769483,2.1953279167887927,7.780329202416317,0.15322760929115936,0.14667629467114793,3.516102595842189,13.1,31.8,0.32517292110507495,0.7551032442792998,1.3863796745738703,1.97459386366624,7.371135330306867
14.0,64.55,0.07,1.0,2.0,3.0,0.1,5.0,9.98729370333845,0.5494336466292868,0.4280314446629028,0.42661080847747795,0.2205157923429344,5.624609666368516,1.326806056983468,0,0.0,3,0.30000000000000004,0.30000000000000004,0.3760014215925291,0.8088647948829258,1.4440350266859292,2.231063788029081,7.906634995090438,0.15572334726223966,0.14906138563883573,3.569630093391183,13.1,31.8,0.3304701795748319,0.7673843598257482,1.408811264112761,2.0067404976967547,7.490823111516574
15.0,64.55,0.06,1.25,1.5,3.0,0.1,5.0,10.033434351528577,0.5431201769336322,0.43583200088341545,0.4102764243732493,0.22906504827234783,5.675179205806444,1.326806056983468,0,0.0,3,0.30000000000000004,0.30000000000000004,0.3707381801364576,0.7993260611571348,1.4312092745306535,2.201818436592112,7.819916309260149,0.15359957889450204,0.1473546651277723,3.555084939122493,13.2,31.8,0.32576463908011977,0.758178084365653,1.3960872897139043,1.9801159981931262,7.407745750476591
16.0,64.55,0.07,0.75,0.0,3.0,0.1,5.0,10.038668051020093,1.1703000116145228,0.2216596232284273,1.0245871173702479,0.10306297598857515,4.916636114237531,0.5951060390641385,0,0.0,2,0.2,0.2,0.4874097966736868,1.121112089770235,2.16526915101848,2.9647512752878535,11.188830052060409,0.21190984652781805,0.2115417598607866,5.0,11.700000000000001,21.8,0.4450577522154404,1.0789855415669052,2.123912440225189,2.7532214181048023,10.768391478216381
14.0,64.55,0.05,1.5,1.0,3.0,0.1,5.0,10.047889483673044,0.231384411706897,0.5877394451610958,0.0364273307295938,0.4196768273389299,6.1303050607477925,1.3853420584170144,0,0.0,4,0.4,0.4,0.28187981201020984,0.5991274164845234,1.0777802437196122,1.6684536012305458,5.886461150015495,0.1122414736695901,0.10829253018024648,2.83689905800362,14.1,32.6,0.23785084316928207,0.5581452435746872,1.0417463181864033,1.4508458905127632,5.47640323308142
16.0,64.55,0.07,1.0,0.0,3.0,0.1,5.0,10.055538959012699,1.1703000116145228,0.2217788338591102,1.0231064136587542,0.10151424686902617,4.916636114237531,0.6170570396017184,0,0.0,2,0.2,0.2,0.4873408676131821,1.1202729668409996,2.1592163418030523,2.963637111480547,11.173120643538397,0.21187739041066622,0.2113870465040363,5.0,11.700000000000001,22.1,0.4450052759918891,1.0782375256051668,2.118200248444226,2.75226584123262,10.75385834441157
14.0,64.55,0.07,1.25,1.5,3.0,0.1,5.0,10.07057126278417,0.566189628200053,0.4266441645766621,0.4331961498678438,0.21656209481953123,5.675179205806444,1.326806056983468,0,0.0,3,0.30000000000000004,0.30000000000000004,0.37677639356876985,0.8123161320604295,1.4543116774804794,2.2376497750873465,7.946739006039554,0.15610104616999226,0.1497494640598876,3.6082330088431833,13.2,31.8,0.3310710680122076,0.770502997114559,1.418634030870135,2.0123443773914733,7.527915370774933
16.0,64.55,0.07,1.25,0.0,3.0,0.1,5.0,10.122996463284924,1.1703000116145228,0.22189800988624678,1.0216278893438329,0.09997244622643936,4.967205653675458,0.6390080401392984,0,0.0,2,0.2,0.2,0.48727196194504846,1.1194353503907626,2.153204053877418,2.962524282036174,11.157481513461892,0.2118449437146268,0.21123256086452394,5.0,11.8,22.400000000000002,0.4449528146167626,1.0774907535434586,2.112524851352533,2.7513113243535,10.739387762188699
16.0,64.55,0.07,1.5,0.0,3.0,0.1,5.0,10.139901372055135,1.1703000116145228,0.22201715132520913,1.0201515394593503,0.09843752131715541,4.967205653675458,0.6609590406768783,0,0.0,2,0.2,0.2,0.48720307965723814,1.1185992363178445,2.147231876788169,2.961412784228441,11.141912126829855,0.21181250643551464,0.21107830242335626,5.0,11.8,22.700000000000003,0.4449003680836847,1.076745222244535,2.1068858902977015,2.7503578654613614,10.724979273358388
16.0,64.55,0.07,0.75,0.5,3.0,0.1,5.0,10.274665798763314,1.1703000116145228,0.2271982839544431,0.9937477318243774,0.08263614807376879,5.118914271989241,0.7048610417520379,0,0.0,2,0.2,0.2,0.4843425358396127,1.1049725097202083,2.1056009260469946,2.936123000147529,10.98163217576815,0.21040189861782016,0.20831946439351495,5.0,12.100000000000001,23.3,0.4424994399577007,1.0640306766003138,2.0664815877728993,2.727696803460372,10.57289779804362
15.0,64.55,0.05,1.5,1.0,3.0,0.1,5.0,10.286504075216131,0.39718268259229006,0.5262431011527391,0.1935520055531584,0.3457819599243247,6.079735521309865,1.3780250582378215,0,0.0,3,0.30000000000000004,0.30000000000000004,0.3109719255560186,0.6758153857306587,1.2254307745211372,1.8527514737573836,6.636007759066144,0.12898438102701903,0.12470991718451842,3.218869914562877,14.0,32.50000000000001,0.27302778570367703,0.6405239855686906,1.1944819815791463,1.6652454141071165,6.282965923445131
16.0,64.55,0.06,1.0,2.0,3.0,0.1,5.0,10.294004978496796,0.7211428677364375,0.357775441212433,0.5992014990513095,0.14297519433505287,5.624609666368517,1.326806056983468,0,0.0,2,0.2,0.2,0.40398634614819207,0.8898948856018553,1.6021284852305002,2.4139848712943297,8.693161777450964,0.1748511470695677,0.16709476049652033,3.9652187682016606,13.100000000000001,31.8,0.36995695903443493,0.858910031757655,1.5758671972760883,2.246346828888854,8.382604972431968
14.0,64.55,0.06,1.5,1.0,3.0,0.1,5.0,10.322479442380512,0.4546174954036939,0.5047806347880947,0.24750660404544012,0.3162746179991045,6.029165981871937,1.3707080580586282,0,0.0,3,0.30000000000000004,0.30000000000000004,0.32506099505113323,0.7063640160073146,1.280426969571268,1.936620488107885,6.9353130945511285,0.13482772166457538,0.13034743735824386,3.351189899136524,13.9,32.400000000000006,0.2853994300370782,0.6694861176153282,1.248117992418512,1.7406386082241887,6.566427216585387
16.0,64.55,0.06,1.25,1.5,3.0,0.1,5.0,10.32378010839389,0.736321568109258,0.3563341144316524,0.6063516045845178,0.1387628065416535,5.624609666368517,1.326806056983468,0,0.0,2,0.2,0.2,0.40478137213273685,0.8935743255591845,1.6130858991249837,2.4209001241737287,8.735889792224082,0.17524356065368435,0.16784184907310373,4.000187897565321,13.100000000000001,31.8,0.3706257322492854,0.8623488172478473,1.5865058123484908,2.252551782449554,8.423174828625779
14.0,64.55,0.05,1.0,1.5,3.0,0.1,5.0,10.33936407885393,0.26525457477665576,0.5876576602568288,0.03732271186446127,0.4188396317680852,6.3325832184995035,1.4072930589545947,0,0.0,4,0.4,0.4,0.2819299406009865,0.5996254168640398,1.0808519704981308,1.6691562086399288,5.89495317555386,0.11226374031157445,0.10838608530533393,2.914930120272661,14.5,32.900000000000006,0.23788082512748793,0.5585460434548218,1.0445072338968957,1.4513692376357532,5.483729444921195
15.0,64.55,0.07,1.0,2.0,3.0,0.1,5.0,10.359738786557363,0.7615948205377482,0.3414775285918309,0.639707660268148,0.12130843727199911,5.624609666368517,1.326806056983468,0,0.0,2,0.2,0.2,0.41423888067233383,0.9124348198965091,1.64246256249346,2.4752020681556957,8.912936774740238,0.1792883936331867,0.17132710226907136,4.058413148206335,13.100000000000001,31.8,0.3793466213120851,0.8806689366076085,1.6155520913233932,2.303318024792709,8.594561961147349
15.0,64.55,0.07,1.25,1.5,3.0,0.1,5.0,10.381271943710235,0.7763107101631098,0.34000178722668534,0.6470137504190254,0.11701380006465734,5.624609666368517,1.319489056804275,0,0.0,2,0.2,0.2,0.4150528359632566,0.9161933620136542,1.6536063231084024,2.4822734289997075,8.956499079789175,0.17969017688320885,0.1720904891122247,4.092316040770977,13.100000000000001,31.700000000000003,0.3800314141156533,0.8841822108553825,1.6263737099106772,2.3096637639424253,8.635929206602869
16.0,64.55,0.07,1.0,0.5,3.0,0.1,5.0,10.419216619696217,1.1703000116145228,0.22915196291350726,0.982160084228765,0.074494074943971,5.220053350865096,0.7780310435439709,0,0.0,2,0.2,0.2,0.48325806178694064,1.098854322754897,2.0805814630233734,2.9255919369662107,10.899043715722058,0.2098699927566632,0.20710871315243898,5.0,12.3,24.3,0.44159935465177913,1.0583865578876006,2.042489457876098,2.7183399346869264,10.49520841535129
16.0,64.55,0.05,1.5,1.0,3.0,0.1,5.0,10.453272636189745,0.5703637646822056,0.4610179348214932,0.3574906452961983,0.25614288446230277,5.97859644243401,1.3633910578794348,0,0.0,3,0.30000000000000004,0.30000000000000004,0.3537894109030989,0.7686356105191966,1.392428453481742,2.1076146871136103,7.545254468638209,0.1467424922589411,0.141839270652633,3.6178495053178974,13.8,32.300000000000004,0.3106263728809128,0.7285260741222953,1.3573570257846446,1.8943553306682035,7.144101754011777
14.0,64.55,0.05,0.75,2.0,3.0,0.1,5.0,10.490646237174676,0.28313389085593005,0.587616757082469,0.0377709656812176,0.41841956804385616,6.4337222973753585,1.421927059312981,0,0.0,4,0.4,0.4,0.28195501295829073,0.5998747937851804,1.082395897003008,1.6695078668180101,5.899214057954723,0.11227487655178468,0.10843292171975512,2.956121006287479,14.700000000000001,33.1,0.2378958195216566,0.5587467051023093,1.0458944242003052,1.4516311390767787,5.487404467490982
16.0,64.55,0.07,0.75,1.0,3.0,0.1,5.0,10.541786805921307,1.1703000116145228,0.23269245479204953,0.9634545667421963,0.0627717740486018,5.321192429740952,0.8438840451567107,0,0.0,2,0.2,0.2,0.4813009810458928,1.0891417790382003,2.0481098559689532,2.9079067382755395,10.780139504999315,0.2089060634617102,0.20515424152004252,5.0,12.500000000000002,25.200000000000003,0.4399607146711831,1.0493513741273381,2.0111073077508412,2.7025258067296796,10.382686028082984
14.0,64.55,0.07,1.5,1.0,3.0,0.1,5.0,10.559324758786254,0.6712547844785497,0.422309137059849,0.4547383591111634,0.20299420817319389,5.9280269029960815,1.3560740577002413,0,0.0,3,0.30000000000000004,0.30000000000000004,0.3792005090742629,0.8236955836032152,1.4913419852979448,2.2588421018649596,8.0843637665075,0.15728129461038806,0.15200033131846244,3.850285157661855,13.7,32.2,0.3329408275696697,0.7807312838360361,1.453839391720586,2.030306144539596,7.654714826219703
15.0,64.55,0.06,1.5,1.0,3.0,0.1,5.0,10.570940682529002,0.6472544807599133,0.4315652163807301,0.4314873861206921,0.21569985446621287,5.97859644243401,1.3560740577002413,0,0.0,3,0.30000000000000004,0.30000000000000004,0.37312415564701107,0.8105313249895613,1.4677027902511783,2.2226821563259045,7.955485071302656,0.15476124758870713,0.1495709215377321,3.7949925631122605,13.8,32.2,0.32760490638737566,0.7682493452639381,1.4307804946375207,1.9977986743030365,7.53264639509873
16.0,64.55,0.07,1.25,0.5,3.0,0.1,5.0,10.571425395800613,1.1703000116145228,0.23109976617634198,0.970659639562859,0.06646295280927324,5.321192429740952,0.8585180455150973,0,0.0,2,0.2,0.2,0.48217702642861393,1.0927871081586955,2.0560424384600346,2.9151242470024856,10.817580678118116,0.20933968660422417,0.20590707342899384,5.0,12.500000000000002,25.400000000000002,0.44070184996226924,1.0527873283222162,2.0189464366378034,2.7090368626887007,10.418551526338119
15.0,64.55,0.05,1.0,1.5,3.0,0.1,5.0,10.604298610185856,0.4406625990445687,0.5261409925873305,0.19462995713790218,0.3447198765995167,6.282013679061576,1.4072930589545947,0,0.0,3,0.30000000000000004,0.30000000000000004,0.3110304954634994,0.6764375198042778,1.2293639037757529,1.8536130712882886,6.646780915341972,0.12901218096014683,0.12482254843329255,3.319040204890465,14.4,32.900000000000006,0.27306729179859196,0.6410518240834071,1.1981116410201327,1.6659347904387232,6.292605053941914
16.0,64.55,0.07,1.0,2.0,3.0,0.1,5.0,10.604555884411784,0.9840688085903192,0.25080201769207927,0.8649992028781087,0.0008363917060398677,5.523470587492662,1.3121720566250814,0,0.0,2,0.2,0.2,0.47128057744831375,1.0377997046508813,1.8665772293902025,2.8157528037671797,10.13493522197627,0.20397557956371576,0.1948669978836234,4.570955162817183,12.900000000000002,31.6,0.4315882520618639,1.0016932161063627,1.836070245113799,2.620252981023616,9.773120292660419
16.0,64.55,0.07,1.25,1.5,3.0,0.1,5.0,10.635375152789639,0.9956313776108288,0.24913676056274744,0.8731502335986902,0.0038939410529502884,5.523470587492662,1.3048550564458883,0,0.0,2,0.2,0.2,0.472198722297771,1.0419855248063776,1.8786769445126728,2.8236752413413013,10.182916969602784,0.20442896010677555,0.19571866950027916,4.597593344079294,12.900000000000002,31.500000000000004,0.432361311475421,1.0056094363940904,1.8478333265134417,2.6273669770551766,9.81871742599505
14.0,64.55,0.05,1.25,1.0,3.0,0.1,5.0,10.670858357504194,0.32331639358440506,0.5855083260858011,0.04822116433479578,0.41204436804869676,6.5348613762512135,1.421927059312981,0,0.0,4,0.4,0.4,0.2831878551993248,0.605322456179286,1.099384974889116,1.6799188227114579,5.963880383310995,0.11284891498310909,0.1095248250491333,3.0486946194133955,14.9,33.1,0.23877620232237126,0.5634885462656398,1.061813739970231,1.460014203973583,5.545498448345905
14.0,64.55,0.06,1.0,1.5,3.0,0.1,5.0,10.705295296002644,0.5016972692366207,0.5046690635173441,0.24868426754547043,0.31511474558016944,6.282013679061576,1.4072930589545947,0,0.0,3,0.30000000000000004,0.30000000000000004,0.32512499237155307,0.7070436635862406,1.2847209644607276,1.937561815701454,6.947078166591468,0.13485809790043216,0.13047048714315201,3.459653645118591,14.4,32.900000000000006,0.28544259750184287,0.6700627677873847,1.2520808635267648,1.741391791090194,6.576954186392456
16.0,64.55,0.07,1.5,0.5,3.0,0.1,5.0,10.738603474336102,1.1703000116145228,0.23304171454484943,0.9592455668476708,0.05854055764221709,5.422331508616806,0.9536390478446101,0,0.0,2,0.2,0.2,0.48109941644118304,1.0867703140869187,2.03197123830564,2.9047194019908056,10.737220503713736,0.20881097449700667,0.204714458397201,5.0,12.700000000000001,26.700000000000003,0.43980691689867546,1.0472325254018835,1.9958410448276758,2.6997871604247323,10.342906979658505
15.0,64.55,0.07,0.75,0.0,3.0,0.1,5.0,10.757219600231226,1.1703000116145228,0.31587370791283814,0.7798955204328742,0.03001504524224883,5.725748745244372,0.8292500447983241,0,0.0,2,0.2,0.2,0.42840953007177707,0.9856206749221044,1.9050100824730936,2.6060944579683696,9.83896391057222,0.18625925351985484,0.1859748229800892,5.0,13.3,25.000000000000004,0.3911807984076972,0.948566241542972,1.8685518350099584,2.420128849342492,9.469060552334293
15.0,64.55,0.05,0.75,2.0,3.0,0.1,5.0,10.816519889996783,0.4637813631857243,0.5260899232139051,0.19516965345364906,0.34418674016435624,6.433722297375358,1.421927059312981,0,0.0,3,0.30000000000000004,0.30000000000000004,0.3110597903915676,0.6767491080284869,1.2313420977509912,1.8540443514044382,6.652188741637859,0.129026085035289,0.124878939342552,3.3723018830396465,14.7,33.1,0.2730870500115713,0.6413161389143717,1.199936623388886,1.666279823119862,6.297442603888485
16.0,64.55,0.07,1.0,1.0,3.0,0.1,5.0,10.837365898952255,1.1703000116145228,0.23644626074706526,0.9421765707089682,0.048456930966194016,5.523470587492662,0.9902240487405766,0,0.0,2,0.2,0.2,0.4792207907551421,1.0779794770835904,2.005730122528099,2.8882738339987,10.634938052355661,0.20788405757898565,0.20293098094085513,5.0,12.900000000000002,27.200000000000003,0.4382281411313772,1.0390209961587606,1.9703547662815866,2.685038259107413,10.245793917328768
15.0,64.55,0.07,1.0,0.0,3.0,0.1,5.0,10.837921826770899,1.1703000116145228,0.3159658066199592,0.7787509974098894,0.031213681994851052,5.776318284682301,0.8585180455150973,0,0.0,2,0.2,0.2,0.4283562763519879,0.9849719782879619,1.9003210712190313,2.605233355464965,9.826805635649611,0.1862341788565406,0.18585523592334752,5.0,13.400000000000002,25.400000000000002,0.39114025691136073,0.9479880090586414,1.8641271745479555,2.419390341462466,9.457813468907965
16.0,64.55,0.05,1.0,1.5,3.0,0.1,5.0,10.851296669048395,0.6251180807629126,0.4608857693136422,0.35888523940673106,0.25477045569306916,6.231444139623648,1.3999760587754013,0,0.0,3,0.30000000000000004,0.30000000000000004,0.35386522003427384,0.7694403683022447,1.3975063010318518,2.108729486525966,7.559175588820628,0.14677847545256795,0.14198498672970494,3.7439940839192087,14.3,32.800000000000004,0.3106775088923994,0.7292089116927933,1.3620437604241846,1.8952473455687517,7.156558690500955
16.0,64.55,0.06,1.5,1.0,3.0,0.1,5.0,10.86902915732694,0.8477383166389794,0.3518222477529358,0.6299507580075713,0.12409896550731125,5.928026902996082,1.348757057521048,0,0.0,2,0.2,0.2,0.4072745212259136,0.9058115834000554,1.6533893273067088,2.443291434755506,8.884631277357007,0.1764719550733682,0.17030763896354909,4.256873028499907,13.700000000000001,32.1,0.3727148412083727,0.873740537862521,1.6254766687136957,2.2725849235551645,8.563993422657177
14.0,64.55,0.06,0.75,2.0,3.0,0.1,5.0,10.870867677236562,0.5267928090678189,0.5046132606454768,0.24927392209737043,0.3145324187067521,6.38315275793743,1.421927059312981,0,0.0,3,0.30000000000000004,0.30000000000000004,0.325157002424252,0.7073840825081434,1.2868812300357286,1.9380330291877752,6.952984952117992,0.1348732907111434,0.13053209800718876,3.5174694763329333,14.6,33.1,0.2854641871342796,0.6703515445860827,1.2540738831512968,1.741768775960798,6.582238197347279
15.0,64.55,0.07,1.5,1.0,3.0,0.1,5.0,10.885941340474293,0.8890910402550566,0.335377659830622,0.6711835426215412,0.10200710264570986,5.877457363558156,1.348757057521048,0,0.0,2,0.2,0.2,0.41760795830610575,0.928725162825201,1.6948192378630647,2.505211775364019,9.10871830092006,0.1809491352465014,0.17461590297766058,4.352142630386225,13.600000000000001,32.1,0.38217255518925775,0.8958487551644647,1.666226472665132,2.33018712181163,8.780046508654387
16.0,64.55,0.07,0.75,1.5,3.0,0.1,5.0,10.89054852111191,1.1703000116145228,0.23814252445980533,0.9336969875908612,0.0434513956841086,5.57404012693059,1.0121750492781565,0,0.0,2,0.2,0.2,0.4782848900885174,1.073613263711473,1.9927071496076028,2.8800953934467635,10.584164810201782,0.20742223522752495,0.20204498007662947,5.0,13.000000000000002,27.500000000000004,0.4374414077485902,1.0349419339643027,1.957707268642067,2.677702563352869,10.197586045149174
15.0,64.55,0.07,1.25,0.0,3.0,0.1,5.0,10.918616785352523,1.1703000116145228,0.3160578818284934,0.7776079556904321,0.03240759728937194,5.826887824120228,0.8877860462318703,0,0.0,2,0.2,0.2,0.4283030385180424,0.9843243058061968,1.8956597075300388,2.6043731598045365,9.814695252455055,0.18620911059091824,0.1857358036426352,5.0,13.500000000000002,25.8,0.3910997254982248,0.9474106221346875,1.859727614292725,2.4186525539089048,9.44660900567988
15.0,64.55,0.05,1.25,1.0,3.0,0.1,5.0,10.944009041216397,0.5030535378385254,0.5237631718981719,0.2064980790771459,0.33720480350050847,6.484291836813286,1.421927059312981,0,0.0,3,0.30000000000000004,0.30000000000000004,0.31236029534082504,0.6827120588420417,1.249985955026994,1.8652703805107014,6.723009451304079,0.12965956304688925,0.12606260542058143,3.4627782559895453,14.8,33.1,0.27409250593430406,0.6466885451369481,1.2177049599053889,1.6758112321208753,6.362806819616895
15.0,64.55,0.07,1.5,0.0,3.0,0.1,5.0,10.948734995424497,1.1703000116145228,0.31614993354761656,0.7764663923060553,0.03359682278613125,5.826887824120228,0.9170540469486437,0,0.0,2,0.2,0.2,0.42824981656274885,0.983677655024398,1.8910257446598464,2.6035138693576663,9.802632439844658,0.18618404872048963,0.18561652582778998,5.0,13.500000000000002,26.200000000000003,0.3910592041644834,0.9468340788956127,1.8553529386989478,2.41791548548298,9.435446887675525
14.0,64.55,0.07,1.0,1.5,3.0,0.1,5.0,10.97150280031441,0.7331531438560951,0.4221573022216747,0.4563400476879172,0.20141908892253288,6.18087460018572,1.3926590585962078,0,0.0,3,0.30000000000000004,0.30000000000000004,0.3792875993159595,0.8246197612699483,1.4971666677095006,2.260122523267326,8.100340861189316,0.1573226329479783,0.1521676859446815,3.992888390040539,14.2,32.7,0.3329995743655302,0.7815154868972392,1.4592158996870073,2.0313307159107623,7.669012317929446
15.0,64.55,0.06,1.0,1.5,3.0,0.1,5.0,10.979676351160641,0.707415221803928,0.4314182090099903,0.43303825535187135,0.2141744541425712,6.231444139623648,1.3926590585962078,0,0.0,3,0.30000000000000004,0.30000000000000004,0.373208477171259,0.8114261994774755,1.4733443328371507,2.22392193403353,7.9709578460708315,0.15480127160686374,0.14973296623497573,3.9335926200676585,14.3,32.7,0.32766178524950584,0.7690086746510297,1.4359878473060619,1.998790715683742,7.546492393557095
14.0,64.55,0.06,1.25,1.0,3.0,0.1,5.0,10.9969837803635,0.5653965589163484,0.5021859650405944,0.2610627195042179,0.3072876482524741,6.433722297375358,1.421927059312981,0,0.0,3,0.30000000000000004,0.30000000000000004,0.3265136290913456,0.7135865232564801,1.3061686754092976,1.9497256336969568,7.026471695072498,0.13553414276823672,0.1317638666619879,3.606405912866912,14.7,33.1,0.2865133166377694,0.675941401030655,1.272462013741832,1.7516984629402261,6.650079159568551
16.0,64.55,0.06,0.75,0.0,3.0,0.1,5.0,11.019144316618018,1.1703000116145228,0.33280730488120064,0.7359048912040302,0.05394669897548005,5.928026902996082,0.8731520458734837,0,0.0,2,0.2,0.2,0.4178051527401726,0.9612618652023698,1.8581791881393095,2.5416250141869945,9.596215117153688,0.18164893643774008,0.18137840179148632,5.0,13.700000000000001,25.6,0.3814973542050437,0.9251198583442679,1.822604465124647,2.360255379459409,9.2354050518391
16.0,64.55,0.05,0.75,2.0,3.0,0.1,5.0,11.075843296751604,0.6544517136923558,0.46081966433660704,0.35958359684870983,0.2540811641746978,6.38315275793743,1.414610059133788,0,0.0,3,0.30000000000000004,0.30000000000000004,0.353903139287994,0.7698435140723089,1.400062292635453,2.109287594673865,7.566167361569117,0.1467964730998137,0.14205795556419992,3.811573756712053,14.6,33.00000000000001,0.3107030845052215,0.7295509125897297,1.3644020311560723,1.8956938601099609,7.162813581329838
16.0,64.55,0.06,1.0,0.0,3.0,0.1,5.0,11.107121852579006,1.1703000116145228,0.3328949009173216,0.7348162253268004,0.0550871001608276,5.97859644243401,0.9097370467694502,0,0.0,2,0.2,0.2,0.4177545023850953,0.9606448122233071,1.8537172299242197,2.5408059539543335,9.584647549995896,0.1816250876652431,0.18126465104517675,5.0,13.8,26.1,0.38145879478865435,0.9245698378128343,1.818394139454171,2.3595529330591027,9.224704545716666
16.0,64.55,0.06,1.25,0.0,3.0,0.1,5.0,11.13720610217381,1.1703000116145228,0.332982475156754,0.7337289336888018,0.05622311908891001,5.97859644243401,0.9390050474862236,0,0.0,2,0.2,0.2,0.4177038667654114,0.9600287094107349,1.8492809386987437,2.539987735003386,9.57312443391012,0.18160124482708162,0.1811510438881368,5.0,13.8,26.500000000000004,0.38142024472517205,0.9240206017438161,1.8142071151117396,2.3588511548996345,9.214043596852095
16.0,64.55,0.05,1.25,1.0,3.0,0.1,5.0,11.147526924505778,0.6911559999871352,0.45818866248191,0.37229695496784604,0.24631467502235088,6.38315275793743,1.414610059133788,0,0.0,3,0.30000000000000004,0.30000000000000004,0.3553734491856297,0.7765260819067381,1.4206089303962464,2.121920306217391,7.644946115927091,0.14751278593142578,0.14338632821222694,3.8961341541187564,14.6,33.00000000000001,0.3118407616895444,0.7355772139755361,1.3840049819877505,1.9064266613495697,7.235575897363025
15.0,64.55,0.06,0.75,2.0,3.0,0.1,5.0,11.166927227523994,0.7397529472757418,0.43134467925460807,0.4338149335507405,0.21340814825194587,6.3325832184995035,1.414610059133788,0,0.0,3,0.30000000000000004,0.30000000000000004,0.3732506551638724,0.8118745360108368,1.4761850958694414,2.2245426537449764,7.978730807873321,0.1548212907137266,0.14981411852110096,4.008093208232327,14.5,33.00000000000001,0.3276902336045453,0.7693890219977672,1.4386089816867418,1.9992873311098165,7.553446356299855
14.0,64.55,0.07,0.75,2.0,3.0,0.1,5.0,11.211243785414453,0.7664595027153784,0.42208135743785197,0.45714219720125604,0.20062774583640883,6.3325832184995035,1.414610059133788,0,0.0,3,0.30000000000000004,0.30000000000000004,0.3793311625229505,0.825082793942762,1.500099983432791,2.2607636060174254,8.108367785758677,0.1573433095670575,0.15225149963601012,4.069620543846561,14.5,33.00000000000001,0.3330289571306561,0.7819083049099408,1.4619224704388243,2.031843625824263,7.6761935542016735
15.0,64.55,0.07,0.75,0.5,3.0,0.1,5.0,11.211987898657302,1.1703000116145228,0.3207421145659473,0.752778317411963,0.047990069962144936,6.029165981871938,0.97559004838219,0,0.0,2,0.2,0.2,0.42571341904259574,0.9714278208043099,1.8524615304150023,2.580924712778064,9.656635701620907,0.18493378803266716,0.18314144485556724,5.0,13.900000000000002,27.000000000000004,0.38893208958765363,0.93541572823013,1.817977545016566,2.397688355229167,9.297039600231384
16.0,64.55,0.07,1.5,1.0,3.0,0.1,5.0,11.213248507856619,1.115037652015206,0.24389007847204064,0.900469482548032,0.020782240697154026,5.776318284682301,1.326806056983468,0,0.0,2,0.2,0.2,0.4750974700494688,1.056141701754501,1.9248505766950856,2.849638030518802,10.35422207067185,0.20585741432783702,0.19857315867055766,4.87268497603194,13.400000000000002,31.8,0.4347910510013506,1.0187921964075752,1.8924987227491539,2.65060137103381,9.980943889096665
16.0,64.55,0.06,1.5,0.0,3.0,0.1,5.0,11.22517019796343,1.1703000116145228,0.33307002760779814,0.7326430136040435,0.05735478442929849,6.029165981871938,0.97559004838219,0,0.0,2,0.2,0.2,0.41765324587461505,0.9594135545454834,1.844870090965737,2.539170355859814,9.561645478088884,0.1815774079209958,0.181037580039717,5.0,13.900000000000002,27.000000000000004,0.38138170401115384,0.9234721484401328,1.8100431968711888,2.3581500438962957,9.203421956256047
14.0,64.55,0.05,0.75,1.5,3.0,0.1,5.0,11.232318091165808,0.4058348720473832,0.5843256154060505,0.05486852248110291,0.40750855991621976,6.888848152316706,1.4658290603881408,0,0.0,4,0.4,0.4,0.2838831070551143,0.6088389075054808,1.1128711131115554,1.6862375465138284,6.009888986126764,0.11317091811453121,0.11021938337592996,3.2388030791225932,15.6,33.7,0.2392634683059554,0.5664963458849456,1.0742523568759852,1.4650338925894364,5.586327982337089
16.0,64.55,0.07,1.25,1.0,3.0,0.1,5.0,11.23576089389121,1.1703000116145228,0.24017875614849055,0.9211830604245551,0.03446371473362764,5.776318284682301,1.1877830535787954,0,0.0,2,0.2,0.2,0.477152982702927,1.0669804294503389,1.9646610314146156,2.8688519185616514,10.492998995641695,0.2068678536773423,0.2007374452450493,5.0,13.400000000000002,29.900000000000002,0.43650493975030263,1.0288354332805154,1.930834486778943,2.667730920557499,10.11190996887634
14.0,64.55,0.07,1.25,1.0,3.0,0.1,5.0,11.271048348738242,0.8009056106219514,0.41927163607393303,0.47065752309885645,0.19241564662204508,6.3325832184995035,1.4072930589545947,0,0.0,3,0.30000000000000004,0.30000000000000004,0.38090118719859445,0.83218087615499,1.52170119146866,2.274215273000532,8.191666549728003,0.15810828031865032,0.1536636669865483,4.1489784845050695,14.5,32.900000000000006,0.33424439212441964,0.7883128878154914,1.4825453542629008,2.043276745110221,7.75316509141398
15.0,64.55,0.06,1.25,1.0,3.0,0.1,5.0,11.27848744268278,0.7747871108195244,0.42857756859690677,0.4471398428152305,0.20530125136752353,6.38315275793743,1.4072930589545947,0,0.0,3,0.30000000000000004,0.30000000000000004,0.3747969076830626,0.8188740424090041,1.4975391788377908,2.2377995657830643,8.06096246052043,0.1555746603349085,0.15120638992874325,4.088805928492878,14.6,32.900000000000006,0.328887123256191,0.7757038123926631,1.4589926306993568,2.0105538477509235,7.629423644121023
16.0,64.55,0.06,1.0,1.5,3.0,0.1,5.0,11.315384946929017,0.923140061221867,0.3516551189983156,0.631908129674957,0.12219936659714449,6.180874600185721,1.3926590585962073,0,0.0,2,0.2,0.2,0.40737079900715817,0.9069085295668659,1.6604796240022146,2.444782725017818,8.903899705212531,0.17651745731094817,0.17051215762499264,4.4305857506566815,14.200000000000001,32.699999999999996,0.37278846246477537,0.8747227086980549,1.632197179041475,2.2738684529585544,8.581880982181737
14.0,64.55,0.05,1.0,1.0,3.0,0.1,5.0,11.325078180748234,0.4272724620827756,0.5832637718579226,0.060174439485956,0.40424865074756394,6.939417691754635,1.4658290603881408,0,0.0,4,0.4,0.4,0.2845041912146104,0.6116074120664642,1.1216229184849347,1.6915069306390313,6.042955611031434,0.11346001413220627,0.1107737793864804,3.288191619694559,15.700000000000001,33.7,0.23970646148661853,0.5689034021309594,1.0824446172418052,1.4692732116438803,5.6160105112625605
16.0,64.55,0.07,0.75,2.0,3.0,0.1,5.0,11.342851512439626,1.1703000116145228,0.2435488780714971,0.9044645803230046,0.024657222185484422,5.877457363558156,1.2316850546539553,0,0.0,2,0.2,0.2,0.47529402319610603,1.0583804813134787,1.9393078439387201,2.852682004867933,10.393527631887839,0.20595030906473133,0.1989905919372631,5.0,13.600000000000001,30.500000000000004,0.43494135212991586,1.0207967813828014,1.9062026244163766,2.653221316563021,10.017433765173118
15.0,64.55,0.07,1.0,1.5,3.0,0.1,5.0,11.389501522484625,0.9678403434240292,0.3352019417678063,0.6732412586205367,0.10001070269411075,6.180874600185721,1.3926590585962073,0,0.0,2,0.2,0.2,0.4177091836013721,0.9298783056717239,1.7022692008156357,2.5067795617981816,9.128968622307527,0.18099697599694262,0.17483090625412448,4.533567554930158,14.200000000000001,32.699999999999996,0.38224996014930884,0.8968812565909146,1.6732880614381536,2.3315365023290204,8.798845897669448
15.0,64.55,0.07,1.0,0.5,3.0,0.1,5.0,11.410621893379,1.1703000116145228,0.3224468816249649,0.7427413383686958,0.05499999394374192,6.130305060747793,1.0707110507117026,0,0.0,2,0.2,0.2,0.4247673829263567,0.9661334554250682,1.831023866721021,2.571780768495403,9.585531104861452,0.18446965057221507,0.18209271734353186,5.0,14.100000000000001,28.3,0.38814643054005776,0.9305292406892883,1.7974135238556497,2.3895607183814818,9.230133359303501
16.0,64.55,0.07,1.0,1.5,3.0,0.1,5.0,11.45490733717773,1.1703000116145228,0.24366264392194956,0.9031310051164115,0.023360279583694563,5.928026902996082,1.297538056266695,0,0.0,2,0.2,0.2,0.4752284837046223,1.05763294355569,1.9344592403103076,2.8516661877543177,10.38037219953757,0.205919335335719,0.1988512515040019,5.0,13.700000000000001,31.400000000000002,0.43489123784510636,1.0201275246934773,1.9016076953970045,2.652347075826323,10.005222539236438
14.0,64.55,0.05,1.5,0.5,3.0,0.1,5.0,11.459179648192082,0.4697364831136762,0.5811314675011112,0.07087069130302392,0.39766070921363533,6.989987231192561,1.4658290603881408,0,0.0,4,0.4,0.4,0.2857515939572858,0.6171904047288612,1.1393510002967437,1.702113721904451,6.109779862974055,0.11404055229068742,0.11189139191788668,3.3860214607387724,15.799999999999999,33.7,0.24059562769140974,0.5737551600766617,1.0990350303540286,1.477803184361844,5.675980523121875
16.0,64.55,0.06,0.75,0.5,3.0,0.1,5.0,11.488427097149508,1.1703000116145228,0.3375552381870792,0.7094570094580728,0.07148044695990499,6.231444139623648,1.0341260498157363,0,0.0,2,0.2,0.2,0.41517575412050156,0.9474191069993902,1.8069132610313312,2.517077086373159,9.418362963066505,0.18035627085311973,0.17861495861775073,5.0,14.3,27.8,0.3793042940104737,0.9122938213291216,1.773265288565107,2.338369371069272,9.067608503949591
16.0,64.55,0.06,0.75,2.0,3.0,0.1,5.0,11.570204597612237,0.9640231375207007,0.3515715240229958,0.6328885899345712,0.12124455599484799,6.332583218499504,1.4146100591337876,0,0.0,2,0.2,0.2,0.407418958473899,0.907458211713052,1.6640528131433807,2.4455294662687863,8.913584749306615,0.17654021676030887,0.17061460235903883,4.524773365456582,14.500000000000002,33.0,0.3728252862345784,0.8752147985019632,1.635583044357212,2.274511092931113,8.590870229821448
15.0,64.55,0.05,0.75,1.5,3.0,0.1,5.0,11.58974119921014,0.6026811378125414,0.5224401503610776,0.21386509693386624,0.33201188237862805,6.888848152316706,1.4658290603881408,0,0.0,3,0.30000000000000004,0.30000000000000004,0.31310217806970003,0.6866786591278085,1.2656679827554256,1.8722416493138734,6.7756834265632,0.13001976701323306,0.12683235837858736,3.69230320516904,15.6,33.7,0.27465696664933076,0.6502095345393428,1.2324509646848876,1.6816626473096075,6.410919922236629
16.0,64.55,0.06,1.25,1.0,3.0,0.1,5.0,11.612550813474698,0.9931698976803514,0.3486544746704703,0.6475577681202249,0.11250306965890561,6.332583218499504,1.3999760587754007,0,0.0,2,0.2,0.2,0.40902871961766957,0.9150202683390614,1.6870526545605067,2.459646626724082,9.002253308712856,0.1773344084777831,0.17214733154736606,4.591922515352149,14.500000000000002,32.8,0.37417799954650555,0.8822755614657892,1.6578972779969885,2.2871690414961847,8.675010288459454
15.0,64.55,0.07,1.25,1.0,3.0,0.1,5.0,11.636871122402361,1.038271580102561,0.33212736756502,0.6892606670349877,0.09009624433887017,6.282013679061577,1.3999760587754007,0,0.0,2,0.2,0.2,0.41940789524278066,0.9381804323367897,1.7294094624604663,2.52200003525145,9.229535128490548,0.1818340552066237,0.1765047160985353,4.695829077073673,14.400000000000002,32.8,0.3836737841613728,0.904611977085137,1.6995390717017764,2.345156914655464,8.894076365368198
15.0,64.55,0.07,0.75,2.0,3.0,0.1,5.0,11.648073020996174,1.0106146963240699,0.3351140497493572,0.6742720292748029,0.0990071036519122,6.332583218499504,1.4146100591337876,0,0.0,2,0.2,0.2,0.41775981843152143,0.9304561802926544,1.706024387138063,2.5075646365489166,9.13914854799446,0.18102090535316825,0.1749386077387114,4.632112347519041,14.500000000000002,33.0,0.3822886767970249,0.8973985899086846,1.6768464433248143,2.3322121360755648,8.808294580954723
15.0,64.55,0.05,1.0,1.0,3.0,0.1,5.0,11.680592861055489,0.6232515888971717,0.5212685317639797,0.21961297569419155,0.3284432020245628,6.939417691754634,1.4658290603881408,0,0.0,3,0.30000000000000004,0.30000000000000004,0.3137571478610031,0.6897079654652988,1.2752664134460432,1.877922073149872,6.811882047005499,0.13033875022997168,0.12743293336891182,3.739694005921346,15.7,33.7,0.2751628904707145,0.6529365173594306,1.24159179395074,1.6864824890299102,6.444310342842183
15.0,64.55,0.07,1.25,0.5,3.0,0.1,5.0,11.681692909964179,1.1703000116145228,0.3241465876685788,0.7327780037046675,0.061917986600301275,6.282013679061577,1.1877830535787954,0,0.0,2,0.2,0.2,0.4238243045379911,0.9608819996202341,1.8099808175210712,2.5626905389600125,9.515359006059683,0.18400689101663525,0.18105168466539837,5.0,14.400000000000002,29.900000000000002,0.38736299488599524,0.9256805888921774,1.7772186708732884,2.3814787297485505,9.164083258845498
16.0,64.55,0.06,1.0,0.5,3.0,0.1,5.0,11.694302424930452,1.1703000116145228,0.3392156299055851,0.6996944328634737,0.07829111088553946,6.332583218499504,1.1365640523244425,0,0.0,2,0.2,0.2,0.41425439092428207,0.942270391681713,1.7861035283634612,2.5081791835762615,9.349279544563288,0.17990421495990747,0.17759490242166087,5.0,14.500000000000002,29.200000000000003,0.37853904151766354,0.907541342227398,1.7533024031167481,2.3304598559431,9.002600582534178
14.0,64.55,0.06,0.75,1.5,3.0,0.1,5.0,11.705677869155046,0.6712819790055805,0.5007981211088808,0.2688148559357739,0.30180908615880797,6.888848152316706,1.4658290603881408,0,0.0,3,0.30000000000000004,0.30000000000000004,0.3272919232975233,0.717762453868007,1.3227470722739927,1.95705381693468,7.082043046418739,0.13591199518775768,0.13257385926212967,3.8503478092005485,15.6,33.7,0.28710524084695943,0.6796470505740256,1.2880477390834528,1.7578478558860002,6.700829393908888
15.0,64.55,0.07,0.75,1.0,3.0,0.1,5.0,11.71030976100598,1.1703000116145228,0.3255714131349164,0.7261415405159782,0.06546966459620755,6.332583218499504,1.1658320530412156,0,0.0,2,0.2,0.2,0.4230399050236885,0.9575066572593516,1.8018327916079648,2.556117303015047,9.47933284766177,0.18361897005697375,0.18035826471318106,5.0,14.500000000000002,29.6,0.386700598300975,0.9225076076924064,1.7692165145883219,2.375558828595231,9.129670764600753
14.0,64.55,0.06,1.0,1.0,3.0,0.1,5.0,11.74491626178135,0.6913401248890555,0.49957587755643734,0.2747962165340756,0.2981063596922019,6.888848152316706,1.4658290603881408,0,0.0,3,0.30000000000000004,0.30000000000000004,0.3279751549466738,0.7209133482909081,1.332675545792839,1.962970231503587,7.119601352758404,0.1362447614830027,0.13319882992230567,3.896558346398476,15.6,33.7,0.28763313879850616,0.6824843479832312,1.2975062757383793,1.7628690253438288,6.735482448166468
15.0,64.55,0.05,1.5,0.5,3.0,0.1,5.0,11.751981166200105,0.6634779836135419,0.5189160706383246,0.23119457328259632,0.3212357229044479,6.939417691754634,1.4585120602089474,0,0.0,3,0.30000000000000004,0.30000000000000004,0.31507233955949554,0.6958146327985308,1.2946902770179916,1.8893533610385154,6.88499052832903,0.13097922795793945,0.12864305246669255,3.8323687386797105,15.7,33.6,0.2761783309227036,0.6584318980816182,1.260087030276889,1.6961792085208338,6.511736344967749
14.0,64.55,0.06,1.5,0.5,3.0,0.1,5.0,11.864458391562875,0.7303773479640234,0.4971218064119733,0.2868474024370321,0.2906296135958762,6.939417691754634,1.4585120602089474,0,0.0,3,0.30000000000000004,0.30000000000000004,0.3293470729206879,0.7272645575558699,1.3527607418336696,1.9748757848562315,7.195441121869702,0.1369129034105085,0.13445801459875084,3.9864934311011835,15.7,33.6,0.28869266932731824,0.6882015810512413,1.3166384548310441,1.77297029608763,6.805445216159943
16.0,64.55,0.05,0.75,1.5,3.0,0.1,5.0,11.882215864672565,0.8101688791979984,0.45666733055821035,0.38084812174367655,0.24024029472845268,6.838278612878779,1.4585120602089474,0,0.0,3,0.30000000000000004,0.30000000000000004,0.35622674051742315,0.7811367730937455,1.439064141092934,2.1299872656866454,7.706561100981866,0.14792698160222761,0.1442798085930425,4.17031947083524,15.5,33.6,0.3124891933310396,0.7396661249589731,1.4013482988426147,1.913192460793301,7.291824953957638
16.0,64.55,0.05,1.0,1.0,3.0,0.1,5.0,11.918690941204686,0.828862259169765,0.4553425201002022,0.3872983474009105,0.23627159423782956,6.838278612878779,1.4585120602089474,0,0.0,3,0.30000000000000004,0.30000000000000004,0.3569672201631902,0.7845314001337896,1.4496378468811637,2.1363791490509496,7.746817293315141,0.14828767261764098,0.14495376926152825,4.213385820813878,15.5,33.6,0.3130616431388801,0.7427248148962781,1.4114291150582965,1.9186195779487325,7.328985989367737
14.0,64.55,0.05,1.25,0.5,3.0,0.1,5.0,11.926206606567817,0.5412184016909022,0.579976815735205,0.07721470516041555,0.3934047926145652,7.293404467820129,1.4877800609257206,0,0.0,4,0.4,0.4,0.28642966655138996,0.620538495943931,1.1518185144417747,1.7081937282649888,6.152949408665735,0.11435491614204148,0.11255425490089183,3.5507035742592192,16.400000000000002,34.0,0.24107259896982922,0.5766272258234242,1.1105568280302707,1.4826448084573105,5.7143578591770785
16.0,64.55,0.06,1.25,0.5,3.0,0.1,5.0,11.97261802889828,1.1703000116145228,0.3408711039261626,0.6900031563588525,0.08501308554730751,6.484291836813286,1.2609530553707284,0,0.0,2,0.2,0.2,0.41333590095873207,0.9371631954094689,1.7656738643816032,2.4993333206735957,9.281095738432569,0.17945349795215507,0.17658229611319637,5.0,14.8,30.900000000000002,0.3777759495605244,0.9028254812270194,1.7336951305116657,2.322594574705385,8.938418725254072
15.0,64.55,0.07,1.5,0.5,3.0,0.1,5.0,11.974633932019584,1.1703000116145228,0.3258412502475395,0.7228876366755426,0.06874579946165942,6.4337222973753585,1.326806056983468,0,0.0,2,0.2,0.2,0.42288417266755357,0.955673006309225,1.7893225518306475,2.5536535922145944,9.446101638714412,0.18354550458758534,0.1800182761106073,5.0,14.700000000000001,31.8,0.38658177503726365,0.9208693973610699,1.7573840290784077,2.3734420394631237,9.098873410067869
16.0,64.55,0.05,1.5,0.5,3.0,0.1,5.0,11.981530508833213,0.8648656317334164,0.4526825959373602,0.4002922992993449,0.22826096581705488,6.838278612878779,1.4511950600297545,0,0.0,3,0.30000000000000004,0.30000000000000004,0.35845403795450304,0.7913726590097859,1.4710140626525496,2.149240069203685,7.828072454589978,0.14901185979582832,0.14631146013516752,4.296331432874369,15.5,33.50000000000001,0.31421056107514284,0.7488871648138316,1.4318071623565733,1.9295364359720795,7.403984057481802
15.0,64.55,0.06,0.75,1.5,3.0,0.1,5.0,11.987945006271072,0.9029013779211367,0.4269654060167548,0.4562391553109864,0.19881578588950516,6.787709073440852,1.4585120602089474,0,0.0,3,0.30000000000000004,0.30000000000000004,0.3757012416152412,0.8237833177171214,1.5172944752042112,2.246372047666934,8.126747254880897,0.15601358543134886,0.15215714406639463,4.383959286130069,15.4,33.6,0.3295739690869268,0.7800557457914393,1.4775530042460785,2.017741155734628,7.689465177196058
16.0,64.55,0.06,0.75,1.0,3.0,0.1,5.0,11.993954777943287,1.1703000116145228,0.34226503081025833,0.6834777188751088,0.0885308419379459,6.534861376251214,1.2316850546539553,0,0.0,2,0.2,0.2,0.41256839363410375,0.9338413540535933,1.7575207158890465,2.4928825594691295,9.245413661093215,0.17907398939665015,0.1759004768339323,5.0,14.900000000000002,30.500000000000004,0.37712802543489815,0.8997042099167153,1.725695477944241,2.3167866599082623,8.904350600568783
15.0,64.55,0.06,1.0,1.0,3.0,0.1,5.0,12.014778909672964,0.9204420829153209,0.425572065026055,0.46299948507813876,0.19467362635119917,6.787709073440852,1.4511950600297545,0,0.0,3,0.30000000000000004,0.30000000000000004,0.37647996344816015,0.8273388157606837,1.528281528325369,2.2530796027906264,8.168762915030392,0.15639293447234917,0.15286350638783439,4.424370070123788,15.4,33.50000000000001,0.3301762107028023,0.7832607598986143,1.4880333749837118,2.023438030616249,7.728263892301656
14.0,64.55,0.07,0.75,1.5,3.0,0.1,5.0,12.036823271443321,0.9319228701375037,0.41763076339457916,0.47993082659524583,0.1857993154182434,6.787709073440852,1.4585120602089474,0,0.0,3,0.30000000000000004,0.30000000000000004,0.38182165675922214,0.8371849812711937,1.541871191584576,2.282948006758292,8.258778769990075,0.15855502198596025,0.1546326008123732,4.450819840111215,15.4,33.6,0.3349433741810702,0.7927483253134896,1.5014938764411554,2.0505976266869386,7.814413698057599
14.0,64.55,0.05,0.75,1.0,3.0,0.1,5.0,12.05097185223467,0.5454991436549305,0.5810056934393806,0.07228965111800215,0.3962850466944771,7.394543546695983,1.5024140612841073,0,0.0,4,0.4,0.4,0.2858288810727671,0.6179838464024209,1.1445172202575493,1.703219600235235,6.123733784437203,0.11407479535826291,0.11203965387898328,3.5605656715294574,16.6,34.2,0.24064165063613804,0.574390953832848,1.1036586238106247,1.4786240511054445,5.6879778235147205
14.0,64.55,0.07,1.0,1.0,3.0,0.1,5.0,12.062851756414338,0.949063499556034,0.4162159681250677,0.48678770782662784,0.18160356292079308,6.787709073440852,1.4511950600297545,0,0.0,3,0.30000000000000004,0.30000000000000004,0.3826123493618089,0.8407905107354778,1.5529846820665698,2.2897540495976196,8.301338045984636,0.15894021213846654,0.1553490514458866,4.4903089184109914,15.4,33.50000000000001,0.33555494653308143,0.7959988802773845,1.5120966237649733,2.056378705133767,7.853718752799607
15.0,64.55,0.06,1.5,0.5,3.0,0.1,5.0,12.072620895780108,0.9539645585482049,0.42277460708637243,0.4766167989033889,0.18631511643222806,6.787709073440852,1.4438780598505612,0,0.0,3,0.30000000000000004,0.30000000000000004,0.3780435304788954,0.8345034068140776,1.5504833679641334,2.2665746772352735,8.253546784136336,0.157154566401461,0.15428633008677786,4.501600120009717,15.4,33.400000000000006,0.3313848990694662,0.7897172066028736,1.5092100968820246,2.0348967590361773,7.806547315789765
14.0,64.55,0.07,0.75,0.0,3.0,0.1,5.0,12.096815015221027,1.1703000116145228,0.4040486154744928,0.5508063185729807,0.1387363487864659,6.7371395340029245,1.107296051607669,0,0.0,3,0.30000000000000004,0.30000000000000004,0.38942553318851814,0.8749503177998459,1.676976782272074,2.351494742589433,8.736158164323225,0.16225287830584165,0.16203812373373003,5.0,15.3,28.8,0.3407755978789461,0.8265015562839707,1.6292125241296411,2.108450050763269,8.252402214672113
14.0,64.55,0.07,1.5,0.5,3.0,0.1,5.0,12.118984458021767,0.9817362805542367,0.41337545494174593,0.5005990770176734,0.17313761910593936,6.787709073440852,1.4438780598505612,0,0.0,3,0.30000000000000004,0.30000000000000004,0.3841999400280186,0.8480556399234722,1.5754388280743743,2.3034469548450653,8.387211662121373,0.1597135662271169,0.1567921512856978,4.565581417197684,15.4,33.400000000000006,0.33678235440118093,0.8025468440637291,1.5335177508320073,2.0680065594281225,7.933017507699833
15.0,64.55,0.07,1.0,1.0,3.0,0.1,5.0,12.178981021546239,1.1703000116145228,0.3288586580692829,0.7075787220616435,0.07791981257959903,6.585430915689142,1.378025058237821,0,0.0,2,0.2,0.2,0.4212185192988164,0.9477734432280327,1.7650664738637343,2.5389677113002,9.353045778889177,0.18272398941568885,0.1784187031847511,5.0,15.000000000000002,32.5,0.38518311480043405,0.9134975642788545,1.7338560628643347,2.3602801352453104,9.010592970517028
14.0,64.55,0.07,1.0,0.0,3.0,0.1,5.0,12.184686269869601,1.1703000116145228,0.40412838882239716,0.549915268502078,0.1396832201490784,6.787709073440852,1.1438810525036356,0,0.0,3,0.30000000000000004,0.30000000000000004,0.3893796164929169,0.8744293961669357,1.6733054434459538,2.3507903444036313,8.72655365126454,0.16223115932733825,0.1619450211457971,5.0,15.4,29.3,0.3407448301375068,0.8260624835828576,1.625846294179383,2.1078893985848586,8.243852882601898
14.0,64.55,0.07,1.25,0.0,3.0,0.1,5.0,12.229299828153467,1.1703000116145228,0.4042081426171509,0.5490252294852983,0.14062677422126232,6.787709073440852,1.1877830535787954,0,0.0,3,0.30000000000000004,0.30000000000000004,0.3893337127896891,0.8739092185349201,1.6696533622848806,2.3500866172744534,8.716982786872927,0.1622094456723479,0.16185202419923997,5.0,15.4,29.900000000000002,0.34071406906265517,0.8256239704623914,1.6224967302671245,2.1073292229725435,8.235331818061722
15.0,64.55,0.06,0.75,0.0,3.0,0.1,5.0,12.243937150419129,1.1703000116145228,0.4136009107936155,0.5259813635729773,0.15250179743048606,6.838278612878779,1.1438810525036356,0,0.0,3,0.30000000000000004,0.30000000000000004,0.38318327416519854,0.8609451777838897,1.6502607419785493,2.3138219170323544,8.596529449715817,0.159652183936805,0.15944425428543146,5.0,15.5,29.3,0.3353127226477167,0.8132694126649684,1.6032478763545215,2.074667634450373,8.120480439966936
15.0,64.55,0.05,1.25,0.5,3.0,0.1,5.0,12.25045338730296,0.7472374584792344,0.5176301554314697,0.23817343593963888,0.316421508132086,7.242834928382201,1.487780060925721,0,0.0,3,0.30000000000000004,0.30000000000000004,0.31579295053403683,0.6995576374766407,1.3089774408868957,1.8960138200245704,6.9338231263715855,0.13132932940746553,0.12937224849665402,4.025336241830075,16.3,34.00000000000001,0.2767284271404476,0.6617629984720846,1.2735449597875002,1.7017817391640069,6.556410374487917
15.0,64.55,0.07,0.75,1.5,3.0,0.1,5.0,12.310090939188196,1.1703000116145228,0.33036194534432306,0.6999758322546763,0.08247011168444916,6.686569994564997,1.4072930589545942,0,0.0,2,0.2,0.2,0.42038877508402717,0.943851345508861,1.7530454265523308,2.531665985567556,9.306890188067554,0.18231470655532597,0.17762430482273714,5.0,15.200000000000001,32.9,0.38448617632489096,0.9098368635502804,1.722196024723609,2.3537351102975914,8.966803995410588
14.0,64.55,0.06,1.25,0.5,3.0,0.1,5.0,12.321033679285174,0.8185205922243932,0.4957751708430037,0.29416821858507636,0.28557218770138615,7.192265388944272,1.487780060925721,0,0.0,3,0.30000000000000004,0.30000000000000004,0.33010174295335964,0.731191994760728,1.3677872775730693,1.9818586351961545,7.2467407122522225,0.13727953649966274,0.13522294010790162,4.189560389099305,16.2,34.00000000000001,0.2892686416141245,0.6916962112509425,1.330791217522643,1.7788431746715543,6.852371260621459
16.0,64.55,0.06,1.5,0.5,3.0,0.1,5.0,12.323376314385463,1.1703000116145228,0.34252167723819327,0.6803825291321427,0.09164804473111335,6.686569994564997,1.4072930589545942,0,0.0,2,0.2,0.2,0.41242027337801074,0.9320970886547353,1.7456148932834235,2.4905390819445437,9.213794566762449,0.17900411520435758,0.17557707169136647,5.0,15.200000000000001,32.9,0.377015010793062,0.8981458774511987,1.7144349265579706,2.3147731905175055,8.875047745166594
14.0,64.55,0.07,1.5,0.0,3.0,0.1,5.0,12.331794805889967,1.1703000116145228,0.40428787686602796,0.5481361997522795,0.1415670307942594,6.838278612878779,1.2390020548331486,0,0.0,3,0.30000000000000004,0.30000000000000004,0.3892878220732554,0.8733897832919985,1.6660203858441434,2.349383560111094,8.707445370397528,0.1621877373388902,0.1617591327090799,5.0,15.5,30.6,0.34068331465219914,0.8251860158407465,1.6191637074437786,2.1067695232350556,8.226838861864412
15.0,64.55,0.06,1.0,0.0,3.0,0.1,5.0,12.339102885762328,1.1703000116145228,0.41367814738662123,0.5251186053581165,0.1534187269136813,6.888848152316706,1.1877830535787954,0,0.0,3,0.30000000000000004,0.30000000000000004,0.3831388175044311,0.8604407876817288,1.646705148277619,2.3131398912672694,8.58722864968851,0.1596311556115907,0.15935410781085393,5.0,15.6,29.900000000000002,0.3352829333535207,0.8128442776822176,1.5999878267420617,2.0741247923015034,8.112201546155685
14.0,64.55,0.05,1.0,0.5,3.0,0.1,5.0,12.4136346721633,0.6192627808415277,0.5788185711989261,0.08360469665393927,0.38909757850564636,7.596821704447695,1.5170480616424942,0,0.0,4,0.4,0.4,0.2871099715813437,0.6239128526637582,1.1644950397571205,1.7143086046798237,6.196639286498266,0.11467025815595908,0.11322192192022526,3.7305044744411417,17.000000000000004,34.400000000000006,0.24155087431993852,0.5795199749295453,1.1222629046303294,1.4875119457906185,5.753176944179192
16.0,64.55,0.06,0.75,1.5,3.0,0.1,5.0,12.43013817272316,1.1464393109466573,0.34693701602713395,0.6579578917914003,0.10511377371933844,6.787709073440853,1.4585120602089474,0,0.0,2,0.2,0.2,0.4099828636126398,0.9205229107442081,1.7099249850896399,2.469035343867796,9.077206034234353,0.17780200133097268,0.17323400272357503,4.945029027000476,15.400000000000002,33.6,0.37496840392008157,0.8873461308106505,1.6798240520710759,2.2955022137512677,8.74548491444221
15.0,64.55,0.06,1.25,0.0,3.0,0.1,5.0,12.434263705857976,1.1703000116145228,0.41375536535163376,0.524256810444688,0.15433249492502085,6.939417691754634,1.231685054653955,0,0.0,3,0.30000000000000004,0.30000000000000004,0.3830943732213486,0.8599371064597852,1.6431679100222423,2.3124585048592476,8.577959917795189,0.1596101323580074,0.15926406198814685,5.0,15.7,30.5,0.3352531504104652,0.8124196758570305,1.5967436619079745,2.0735824042014617,8.103949591519502
16.0,64.55,0.06,1.0,1.0,3.0,0.1,5.0,12.449336131098171,1.1600484414403311,0.34546877396460757,0.665398852201672,0.10064964425758989,6.787709073440853,1.451195060029754,0,0.0,2,0.2,0.2,0.4107933196222273,0.9243627317184322,1.7217494778199598,2.476176195057707,9.122487570252853,0.1782017428315051,0.17401148167063457,4.9763821358353,15.400000000000002,33.5,0.37564904437831587,0.8909294446724444,1.6912910132961794,2.3019022935574176,8.788438764264045
15.0,64.55,0.05,0.75,1.0,3.0,0.1,5.0,12.451301150728941,0.7605878916256403,0.5187590835481944,0.2328992643826065,0.31949184782403867,7.394543546695983,1.5097310614633006,0,0.0,3,0.30000000000000004,0.30000000000000004,0.3151625434254067,0.6968048251421812,1.3012991175781623,1.8907083540522716,6.902679384116466,0.13102196904033622,0.12882116945272948,4.056093356226611,16.6,34.300000000000004,0.27623897424226684,0.6592692572467359,1.2661663180318476,1.6972605276934642,6.5275227181479085
16.0,64.55,0.05,1.25,0.5,3.0,0.1,5.0,12.506543372574768,0.9620418055261215,0.4512114873491751,0.40831726736065765,0.22270098776515707,7.141695849506346,1.4804630607465277,0,0.0,3,0.30000000000000004,0.30000000000000004,0.3592785351731211,0.7956801293318313,1.4875723202289548,2.1568858150681307,7.884469642121467,0.14941238173256904,0.1471499599220879,4.5202087154451185,16.1,33.900000000000006,0.31483955217882265,0.7527186106982461,1.4473990401236496,1.9359649922468556,7.455562388350773
14.0,64.55,0.06,0.75,1.0,3.0,0.1,5.0,12.521748274672667,0.8354723652647547,0.49695027016339294,0.2887098096383196,0.2887251104083661,7.343974007258055,1.5024140612841073,0,0.0,3,0.30000000000000004,0.30000000000000004,0.32944563603459864,0.7283463099610933,1.359976309483672,1.9763561849104136,7.21475929586567,0.1369596056261399,0.13465261076779567,4.228614374607398,16.5,34.2,0.28875893322432145,0.6891163909872077,1.323276160184656,1.7741517128829143,6.822686201987942
15.0,64.55,0.06,1.5,0.0,3.0,0.1,5.0,12.529419645356892,1.1703000116145228,0.41383256469547136,0.523395977172889,0.15524312002794585,6.989987231192562,1.275587055729115,0,0.0,3,0.30000000000000004,0.30000000000000004,0.3830499413107211,0.8594341326068636,1.639648883734052,2.3117777567856095,8.56872306573909,0.15958911417419874,0.15917411664388348,5.0,15.8,31.1,0.3352233738164955,0.8119956061751292,1.5935152646418143,2.0730404695021623,8.095724426751957
15.0,64.55,0.06,1.25,0.5,3.0,0.1,5.0,12.609785712165753,1.0572848715574417,0.421219226726514,0.4851208745074345,0.18041191660046887,7.091126310068417,1.473146060567334,0,0.0,3,0.30000000000000004,0.30000000000000004,0.3789153088432592,0.8390696383735273,1.5680906275790125,2.274670732321067,8.313425414023003,0.15757803205117726,0.15517489008196625,4.739632448388996,16.0,33.800000000000004,0.3320497662329234,0.79377787847288,1.5257873090624132,2.041702636031288,7.8613021519584425
14.0,64.55,0.07,1.25,0.5,3.0,0.1,5.0,12.659987551665669,1.086997417029318,0.41179350745011956,0.5092545858318264,0.16712572666165085,7.091126310068417,1.473146060567334,0,0.0,3,0.30000000000000004,0.30000000000000004,0.38508662504474156,0.8527036893810325,1.5933787586868495,2.3116852214007433,8.4481928067293,0.16014426500643,0.15769653398739886,4.8080850708671505,16.0,33.800000000000004,0.3374585285181947,0.8066799772451008,1.5504074037175664,2.074931572091465,7.988778159157149
14.0,64.55,0.07,0.75,0.5,3.0,0.1,5.0,12.660996282471812,1.1703000116145228,0.4086147479044296,0.526754576871156,0.1548682657168375,7.091126310068417,1.3121720566250814,0,0.0,3,0.30000000000000004,0.30000000000000004,0.38686862345586265,0.8621133242857875,1.6302398775165052,2.328307661064323,8.572525370115695,0.1610097095697328,0.15952504453665906,5.0,16.0,31.6,0.33881656600272586,0.815040624122761,1.5850766182390421,2.0888963824831532,8.102389223708105
16.0,64.55,0.05,0.75,1.0,3.0,0.1,5.0,12.73046817469161,0.9869647549592839,0.4524793952122039,0.40249784216529555,0.22600729099822864,7.293404467820127,1.5024140612841073,0,0.0,3,0.30000000000000004,0.30000000000000004,0.35857079369664346,0.792653592702118,1.4795476829174574,2.1509933304733764,7.850932422777974,0.14906718293692092,0.14654190930443697,4.577626927903731,16.4,34.2,0.31428905760820275,0.7499704720536261,1.4396581011453582,1.9309356539175186,7.42438728766498
15.0,64.55,0.05,1.0,0.5,3.0,0.1,5.0,12.765179455403706,0.8391500676390531,0.5163402807365769,0.24520140687696657,0.3115482108423684,7.546252165009765,1.5170480616424942,0,0.0,3,0.30000000000000004,0.30000000000000004,0.31651585605435045,0.7033299980027754,1.3235093904464472,1.9027123602084424,6.983255023148785,0.13168050886158636,0.13010657567258896,4.237087171811971,16.9,34.400000000000006,0.2772800410895252,0.665118564225221,1.2872252953963979,1.7074142943612602,6.601613662736401
16.0,64.55,0.05,0.75,0.0,3.0,0.1,5.0,12.853362221314546,1.1703000116145228,0.44399539630252627,0.44698373413166453,0.1963106404564506,7.293404467820127,1.2682700555499216,0,0.0,3,0.30000000000000004,0.30000000000000004,0.36332106975626804,0.8163780288246152,1.5652176530000288,2.19394661210881,8.15215799489873,0.15137702444141685,0.15119007869897805,5.0,16.4,31.0,0.31793053118471243,0.7711626360958929,1.5205986896408519,1.96717237799128,7.700641847746718
15.0,64.55,0.06,0.75,0.5,3.0,0.1,5.0,12.865922100425674,1.1703000116145228,0.41809387158627165,0.5023141922198131,0.16837702980596192,7.242834928382201,1.3560740577002413,0,0.0,3,0.30000000000000004,0.30000000000000004,0.3806673359793166,0.8483133058076092,1.6042636667368328,2.2910058595569196,8.435500314523443,0.15842893680683284,0.15697135744833302,5.0,16.3,32.2,0.3333850871145327,0.801991683076329,1.5598111349757655,2.0554269217874497,7.97285543498595
14.0,64.55,0.06,1.0,0.5,3.0,0.1,5.0,12.888870363576203,0.9154114697386416,0.4944243751180784,0.3015408810448443,0.2804520629112153,7.546252165009765,1.5097310614633006,0,0.0,3,0.30000000000000004,0.30000000000000004,0.3308588246040713,0.735150454650221,1.3830742282423658,1.9888816558538276,7.298676283810338,0.1376473022269743,0.13599328284999349,4.412780397844017,16.9,34.300000000000004,0.2898462080784648,0.6952166833025466,1.3451805087279722,1.7847477114739159,6.899858786298099
15.0,64.55,0.06,0.75,1.0,3.0,0.1,5.0,12.895878458193165,1.088027590595053,0.4225485861578332,0.47906954415835634,0.18381012976240846,7.293404467820127,1.495097061104914,0,0.0,3,0.30000000000000004,0.30000000000000004,0.3781733972192797,0.8359278176772963,1.5599649667073807,2.268524528749884,8.27895591375214,0.15721610253874516,0.15454260853647972,4.810458414552866,16.4,34.1,0.3314722116200075,0.790921895951026,1.5179337276348042,2.036452904330463,7.829226709243365
14.0,64.55,0.05,0.75,0.5,3.0,0.1,5.0,12.908641026761202,0.7047757908834117,0.5776567213066883,0.09004106751314307,0.3847381989279776,7.900238941075259,1.5389990621800738,0,0.0,4,0.4,0.4,0.2877925177860443,0.6273137319044918,1.1773851902000045,1.7204586161109132,6.240858300542541,0.11498658175897411,0.11389443495114941,3.92751182269773,17.6,34.7,0.24203045794836187,0.5824335921652337,1.1341571274875821,1.492404773589976,5.792444889418422
14.0,64.55,0.07,0.75,1.0,3.0,0.1,5.0,12.949869819591385,1.1196420276042325,0.4131420114685437,0.5031322121353412,0.17055094715888958,7.293404467820127,1.495097061104914,0,0.0,3,0.30000000000000004,0.30000000000000004,0.38433407124203645,0.8495267063775449,1.5852284380841049,2.305460739818163,8.413449359737898,0.15977712321587856,0.15705682938038637,4.883292669817099,16.4,34.1,0.33687253448516963,0.8037910054959686,1.5425249487462624,2.069613740477047,7.956436765579959
16.0,64.55,0.05,1.0,0.0,3.0,0.1,5.0,12.955775637831152,1.1703000116145228,0.4440648338739757,0.44620797019908276,0.19713546374660126,7.343974007258055,1.3194890568042745,0,0.0,3,0.30000000000000004,0.30000000000000004,0.3632811018691589,0.8159244739402061,1.562018219854791,2.1933333768318097,8.143791466588588,0.15135811946674477,0.15110902194121895,5.0,16.5,31.7,0.3179037500223523,0.7707803590830605,1.5176653517137593,1.96668429695272,7.6931948381266775
14.0,64.55,0.07,1.0,0.5,3.0,0.1,5.0,13.004644968436809,1.1703000116145228,0.41020661106013573,0.5179728977589518,0.16103642429959147,7.293404467820127,1.4511950600297545,0,0.0,3,0.30000000000000004,0.30000000000000004,0.3859761824431221,0.8573894537251753,1.6116431230585453,2.3199719939945482,8.509959152575178,0.1605763111657875,0.1586074787584369,5.0,16.4,33.50000000000001,0.3381365969321753,0.8108444696586643,1.5675913807402644,2.0818947515213875,8.045231251376867
16.0,64.55,0.05,1.25,0.0,3.0,0.1,5.0,13.050867858398373,1.1703000116145228,0.4441342555662597,0.44543302765041193,0.19795758899288599,7.394543546695983,1.3633910578794348,0,0.0,3,0.30000000000000004,0.30000000000000004,0.363241144533353,0.8154715235522405,1.5588344578720899,2.1927206867051803,8.135452305668112,0.15133921881531176,0.15102805100688357,5.0,16.6,32.300000000000004,0.3178769742738829,0.7703985366977781,1.5147455743462181,1.9661966030468632,7.685770817188402
16.0,64.55,0.05,1.0,0.5,3.0,0.1,5.0,13.051522465393107,1.0692328315658544,0.4497358035670303,0.41639980927220205,0.2170706668109129,7.44511308613391,1.5097310614633006,0,0.0,3,0.30000000000000004,0.30000000000000004,0.36010568634769957,0.8000221163823715,1.504424174232603,2.164576093309007,7.941580347191715,0.14981414930512513,0.14799447539166055,4.76715850456665,16.7,34.300000000000004,0.31547029545328537,0.7565787808381729,1.4632574119586297,1.9424286145438303,7.507770270741064
14.0,64.55,0.05,1.5,0.0,3.0,0.1,5.0,13.08874018084205,0.7743806334259139,0.5744073710520741,0.1066306890325787,0.3743637979115683,7.950808480513188,1.5316820620008804,0,0.0,4,0.4,0.4,0.2896947648415576,0.6359901354183535,1.2057384492326113,1.7367988659406983,6.346090197896812,0.11587124524852159,0.11562782429336955,4.087869474105385,17.700000000000003,34.6,0.24338288612772113,0.589955097905117,1.1606339862788562,1.5055209284364108,5.886725296626406
16.0,64.55,0.05,1.5,0.0,3.0,0.1,5.0,13.160589911615299,1.1703000116145228,0.4442036613848899,0.44465890514350453,0.19877703122716261,7.44511308613391,1.421927059312981,0,0.0,3,0.30000000000000004,0.30000000000000004,0.36320119774462317,0.8150191764385982,1.555666250812791,2.1921085409019816,8.127140359662867,0.1513203224856172,0.1509471657557358,5.0,16.7,33.1,0.31785020393764346,0.7700171681198468,1.5118392625931156,1.965709295749696,7.678369664043409
15.0,64.55,0.06,1.0,0.5,3.0,0.1,5.0,13.216840924712837,1.1703000116145228,0.41965898739409624,0.49368648877832266,0.17443302305504935,7.44511308613391,1.5024140612841073,0,0.0,3,0.30000000000000004,0.30000000000000004,0.3797899070099585,0.8436728108210415,1.5860148188965306,2.2828143333507147,8.374071836970076,0.15800282059786774,0.15606988002910469,5.0,16.7,34.2,0.33271649350421495,0.7978692721532299,1.5426520764510283,2.048545930912582,7.9167341599785885
14.0,64.55,0.05,1.25,0.0,3.0,0.1,5.0,13.325955042428738,0.8099863786331631,0.5743643971850548,0.10712989965158326,0.37386274006434533,8.10251709882697,1.546316062359267,0,0.0,4,0.4,0.4,0.2897212380821239,0.6362707213254032,1.2076610223916115,1.7371853957476409,6.35117263763132,0.11588294525257706,0.11567998499911512,4.169899020750324,18.000000000000004,34.800000000000004,0.2433985824971176,0.5901789921531156,1.1623477972060834,1.505806871210358,5.891081008144931
15.0,64.55,0.05,0.75,0.5,3.0,0.1,5.0,13.34182593151843,0.9404235510341885,0.5150464326246379,0.2522789072042398,0.3066148000695433,7.900238941075259,1.5389990621800738,0,0.0,3,0.30000000000000004,0.30000000000000004,0.3172410648478172,0.707132004152215,1.3382917120449678,1.9094492728266856,7.033296676178318,0.13203277011259398,0.13084607799471742,4.470403954867684,17.6,34.7,0.2778331777399308,0.6684988204995599,1.301132919609413,1.7130770884301882,6.647355098785309
15.0,64.55,0.05,1.5,0.0,3.0,0.1,5.0,13.404632869264775,1.0022403127214738,0.5114628044596947,0.27021400870390605,0.29527707910418366,7.849669401637331,1.5316820620008804,0,0.0,3,0.30000000000000004,0.30000000000000004,0.31924531101779047,0.716614255383154,1.3693065916852027,1.9270487540493717,7.148299931495995,0.13300844363167283,0.132720051656789,4.612819200125179,17.5,34.6,0.27937762534205435,0.6770163965475251,1.3306197182566464,1.7279853368345506,6.753291326266256
14.0,64.55,0.06,0.75,0.5,3.0,0.1,5.0,13.43354428127538,1.0223759960640746,0.49306940452250764,0.3089658387846666,0.2752681290539051,7.849669401637331,1.5389990621800738,0,0.0,3,0.30000000000000004,0.30000000000000004,0.33161832709901695,0.7391402467103277,1.3986276293131379,1.995945157046531,7.35125909747842,0.13801620459864372,0.13676908973609783,4.659208370366259,17.5,34.7,0.29042537396795953,0.6987632374679414,1.359811600574745,1.7906841345954745,6.947917360036625
14.0,64.55,0.06,1.5,0.0,3.0,0.1,5.0,13.481818475854315,1.0806158144432574,0.48933102950341445,0.32762699727378175,0.263509684014605,7.7990998621994025,1.5243650618216875,0,0.0,3,0.30000000000000004,0.30000000000000004,0.33370899100977924,0.7490014012160211,1.4306855995891294,2.0142738338947925,7.470529933400832,0.13903400927665024,0.13871892645784684,4.793382950073,17.4,34.50000000000001,0.2920368644292634,0.7076240325838575,1.3903024922814686,1.8062136314983706,7.057814418328166
16.0,64.55,0.05,0.75,0.5,3.0,0.1,5.0,13.554920555768634,1.1703000116145228,0.44825552822990894,0.4245404334668245,0.21136872082737798,7.748530322761477,1.5097310614633006,0,0.0,3,0.30000000000000004,0.30000000000000004,0.36093550175128075,0.8043989718524187,1.5215766400089774,2.1723112545917793,7.999417574951647,0.15021716696792378,0.14884505966818828,5.0,17.3,34.300000000000004,0.3161027967272209,0.7604679477840356,1.4793883993453127,1.948927560291149,7.56061874170639
14.0,64.55,0.05,1.0,0.0,3.0,0.1,5.0,13.566762725245825,0.8473894965882828,0.574321415656446,0.10762954848110093,0.3733603990881554,8.254225717140752,1.5609500627176534,0,0.0,4,0.4,0.4,0.2897477171299534,0.6365516046125835,1.2095909787614432,1.7375721987019228,6.356268092680692,0.11589464734256602,0.11573219149188677,4.2560694067682805,18.3,35.0,0.24341428129637108,0.5904030904991567,1.1640677013991705,1.5060929877681022,5.895447046228117
15.0,64.55,0.05,1.25,0.0,3.0,0.1,5.0,13.711310004557554,1.0473619926690927,0.5114091819507361,0.2708124216845716,0.29464270052136576,8.05194755938904,1.546316062359267,0,0.0,3,0.30000000000000004,0.30000000000000004,0.3192761743870809,0.7169639930203975,1.37176194814841,1.9275219020781533,7.154734699325506,0.13302304281987246,0.13278257765725962,4.716771832724697,17.9,34.800000000000004,0.27939830757390177,0.6773112280949549,1.3328716938943324,1.7283619689759833,6.759020294711476
14.0,64.55,0.06,1.25,0.0,3.0,0.1,5.0,13.795490557241337,1.1292567601110959,0.48927243795639963,0.3282807444704467,0.2628169811347438,8.001378019951115,1.5389990621800738,0,0.0,3,0.30000000000000004,0.30000000000000004,0.33374271413453926,0.7493834555472652,1.4333657428601652,2.0147907523561424,7.477556309018592,0.13904996132810007,0.13878723412971733,4.90544336892646,17.8,34.7,0.2920594633532653,0.7079461174861408,1.3927607835346283,1.806625114123693,7.064070355951689
14.0,64.55,0.05,0.75,0.0,3.0,0.1,5.0,13.804129804328507,0.886731780076227,0.5742784264641948,0.10812963611359025,0.3728567693629482,8.405934335454535,1.568267062896847,0,0.0,4,0.4,0.4,0.2897742019869798,0.6368327857585757,1.211528361471768,1.7379592751332715,6.361376620051451,0.11590635151904738,0.11578444383358832,4.346707298482332,18.6,35.1,0.24342998252605258,0.5906273932257848,1.165793731806649,1.5063792782900627,5.899823452744708
14.0,64.55,0.06,0.75,0.0,3.0,0.1,5.0,13.875873919406018,1.1703000116145228,0.48915521792230643,0.329590148960671,0.26142530828829647,8.05194755938904,1.487780060925721,0,0.0,3,0.30000000000000004,0.30000000000000004,0.3338101849294181,0.7501489697863111,1.4387624114146917,2.015825857047905,7.491672629941259,0.13908187548824902,0.13892404905255032,5.0,17.9,34.00000000000001,0.29210467379587235,0.7085913444579569,1.397708851876002,1.8074489797092808,7.076635634723978
15.0,64.55,0.05,1.0,0.0,3.0,0.1,5.0,13.972563064516802,1.0950578252254415,0.5113555486623461,0.27141139197103953,0.2940064941820948,8.203656177702824,1.560950062717654,0,0.0,3,0.30000000000000004,0.30000000000000004,0.319307044918879,0.717314140743256,1.3742279130546309,1.9279954200064695,7.161188006854722,0.1330376449428648,0.13284516188859086,4.826654872629551,18.2,35.00000000000001,0.27941899348097965,0.6776063680846723,1.335132850743296,1.728738863814574,6.764764838491392
14.0,64.55,0.06,1.0,0.0,3.0,0.1,5.0,13.978190930114293,1.1703000116145228,0.4892138340973396,0.32893512804705155,0.2621221928064742,8.102517098826969,1.5389990621800738,0,0.0,3,0.30000000000000004,0.30000000000000004,0.3337764454400813,0.7497659781134848,1.4360579857611233,2.0153080932106233,7.484603838213556,0.13906591673160987,0.13885560829461807,5.0,18.0,34.7,0.29208206647507373,0.7082685545825359,1.3952295474389909,1.8070368967361206,7.070344065960079
15.0,64.55,0.05,0.75,0.0,3.0,0.1,5.0,14.289991918916996,1.1455582142504932,0.511301904591235,0.27201092036517227,0.2933684510776026,8.405934335454535,1.5755840630760403,0,0.0,3,0.30000000000000004,0.30000000000000004,0.31933792261570804,0.7176646992820661,1.3767045561426947,1.928469308328352,7.167659945463353,0.13305225000154544,0.1329078044345664,4.942999130922863,18.6,35.2,0.27943968306427924,0.6779018170067487,1.3374032457494522,1.7291160216633386,6.7705250300382085
