scenario,policy,outcome,mode,side,dcpa_drawn,tcpa_drawn,sense,tcpa_at_engage,tcpa_at_first_turn,first_turn_compliant,peak_dpsi_compliant,peak_dpsi_wrong,min_speed,speed_at_closest,min_range,mean_throttle_engaged
20,run7,goal,basin,starboard,2.455380360551736,9.042169361535493,1,7.23198797267411,7.23198797267411,False,35.18013570763378,34.28075214892982,0.28463167092268093,0.2971478624965902,2.511430255427196,-0.701903161406517
21,run7,collision:target,basin,starboard,0.3757033796243289,9.49896904568514,1,7.478811620488119,4.736936001808236,False,0.0,25.816343058076995,0.5254211477792918,0.7200864540353895,1.415595781319804,0.31590695797719737
22,run7,collision:target,basin,port,1.4601377428364724,8.377208724734128,-1,6.315197465996447,6.8521144482929754,False,-0.0,31.966215438921722,0.501659542325058,0.8255362304288937,1.8307121999530744,0.4849315968652566
23,run7,collision:target,basin,port,0.8128280920360667,10.13576215092496,0,,,,38.45306255555499,0.5502809920403706,0.5423922579332793,0.6563292522980171,1.198417439788509,
24,run7,collision:target,channel,starboard,2.4658059993829493,8.556858237844443,0,,,,4.569109806040416,30.02754683575381,0.46494957855181224,0.5842174227832235,1.6631175454942069,
25,run7,goal,basin,starboard,0.011672841727625172,9.689499897718894,1,7.405261678049931,6.563834332434158,False,34.139352143481176,30.42671715378293,0.514679679896007,0.9252345027927222,1.9523284015300022,0.6512253645009228
26,run7,goal,basin,port,2.4529873854013067,9.062939829678658,-1,6.752462237267757,6.333242102289204,True,42.54633710791609,42.84045388147172,0.5581909514189132,0.7964273087690287,2.1589940603282196,0.49256070082386333
27,run7,collision:target,channel,port,0.17000430075675282,11.63413261725211,-1,9.83887724365262,10.084917026460044,False,3.45512222854245,29.0905434476702,0.5372276463698707,0.5514357036084656,1.5615105783325227,0.010275323316454888
28,run7,collision:target,basin,port,0.23622966892240083,8.507879150870341,-1,6.565259796887617,4.427423806473396,False,0.038571385089028354,43.34252052912291,0.5131492781211847,0.8281895699058878,1.2244661075074914,0.37534883911056177
29,run7,collision:boundary,basin,starboard,1.5379687920128267,9.281948455447523,1,7.81521175405031,,False,17.853421963555547,40.18964911861559,0.25732166683047075,0.5406933362576735,2.1185524189141303,-0.507660826498812
30,run7,collision:target,basin,port,2.226126868249491,9.64953455321088,-1,8.684739342760816,8.770424897113799,True,43.09634066933506,0.0,0.42874804092976804,0.5155428595734979,2.041871362536408,-0.04157251616319021
31,run7,collision:target,basin,port,0.23366396928340888,10.766328830535238,-1,8.612220125213415,,False,1.4765968924609183,39.631799307364815,0.5259158500227754,0.7351276918848315,1.4460032200476862,0.25627236079205484
32,run7,goal,basin,port,1.624241388782099,8.020618658983967,-1,6.4978562054611455,4.974133441915376,False,36.81505172351689,31.65478342874684,0.5509260123442228,0.8341869519495724,2.499719883599115,0.7258821690025238
33,run7,collision:target,basin,port,1.4394070464462696,10.383855597374302,-1,7.542602008033408,,False,6.3855318456930945,37.44956311141115,0.4619576948315699,0.5237441767504676,1.7657556936719723,-0.003557010491689046
34,run7,collision:target,basin,port,0.9180185044120603,12.325303409659567,0,,,,41.27669708581459,10.454936542622534,0.5187861561287327,0.753600686028562,1.2194726271389118,
35,run7,collision:target,basin,starboard,1.622891763736585,9.608986499702809,1,7.108497167916083,,False,0.0,35.733814294343745,0.3337471151984135,0.5340085225035378,1.526265925512395,-0.38106950538025963
36,run7,goal,basin,starboard,2.3463067862190936,8.140740085111329,1,6.198826775926956,6.703001099856177,False,56.560773760722896,48.27490281265807,0.2475066285643175,0.26651236217484736,2.795804115486617,-0.5271216836713609
37,run7,collision:target,basin,port,1.0854240390193897,8.18335307064365,0,,,,40.5974665789268,-0.0,0.5244515060184162,0.7046296774498579,1.822955560414667,
38,run7,goal,basin,starboard,2.255702132700812,8.105535018521422,1,4.80716470666766,4.80716470666766,True,45.80777462244245,34.600513603364675,0.5581909514189132,0.7274448478878003,2.0080884841849556,0.4317048415541649
39,run7,collision:target,basin,port,0.21478633800013247,9.527681597408542,-1,7.672185047126564,3.0799011616436167,False,-0.0,31.685047317815872,0.3813692740312743,0.5140074253599621,1.519194232103371,-0.18660323321819305
20,reference,goal,basin,starboard,2.455380360551736,9.042169361535493,1,6.889275166733601,,True,13.859079404511078,24.877191230713436,0.3781689246716091,0.4761325497081439,2.6771492318794485,0.0
21,reference,goal,basin,starboard,0.3757033796243289,9.49896904568514,1,7.113890717132605,4.9893513039964,True,32.967597829446476,14.19307446739208,0.3062264252473632,0.31922334114159656,1.6125209733341188,-1.0
22,reference,goal,basin,port,1.4601377428364724,8.377208724734128,-1,6.038110664978421,1.9978902207646727,True,14.86937919408723,6.138597670839431,0.3554526485932747,0.38249766006034225,2.2565675256562048,-0.7321428571428571
23,reference,goal,basin,port,0.8128280920360667,10.13576215092496,0,,-7.782188705576533,,26.03297725371624,33.55626436938911,0.2738939211282775,0.2974615499043617,1.9993874936230274,
24,reference,goal,channel,starboard,2.4658059993829493,8.556858237844443,0,,3.053959934193376,,15.133115862972659,25.496803899356564,0.45680093761044194,0.5341313946463634,2.4163255001971,
25,reference,goal,basin,starboard,0.011672841727625172,9.689499897718894,1,8.201259793526605,5.383117142335886,True,35.4457876062676,23.26791198622641,0.27145734724574755,0.27145734724574755,1.1718015251079594,-0.7205882352941176
26,reference,goal,basin,port,2.4529873854013067,9.062939829678658,-1,6.985774541281743,1.8747604055252363,True,20.58900442568813,36.90912779026968,0.2666638510452624,0.48581801859549334,2.2217259647953025,-0.06666666666666667
27,reference,collision:target,channel,port,0.17000430075675282,11.63413261725211,-1,10.952395145768666,4.216509097880983,True,33.04342542045697,0.18785510680356765,0.31088995447773055,0.3143877267679307,1.479824050776271,-0.631578947368421
28,reference,collision:obstacle,basin,port,0.23622966892240083,8.507879150870341,-1,6.5867915562927015,4.160340615966486,True,48.81850162396745,32.49703777026298,0.17743284883934005,0.42490262519450034,1.1797802849979195,-0.18333333333333332
29,reference,goal,basin,starboard,1.5379687920128267,9.281948455447523,1,6.696675193763137,2.155379717599689,True,36.131066359957515,44.92591860499107,0.2109536014732758,0.30009451845328,2.4464205345557493,-0.7794117647058824
30,reference,goal,basin,port,2.226126868249491,9.64953455321088,-1,8.083901776555455,-4.1577878051600825,True,36.19163202933066,27.176687857729206,0.2686616673312465,0.29205632469025705,2.065030521917643,-0.7
31,reference,goal,basin,port,0.23366396928340888,10.766328830535238,-1,8.531553971623735,4.245457030796158,True,34.47159068481375,39.20748259922942,0.3081970279500651,0.3194627432914338,1.2634646239881016,-0.7763157894736842
32,reference,goal,basin,port,1.624241388782099,8.020618658983967,-1,6.654773527505109,,,4.5293521054240955,5.7726219427214005,0.48608552313300474,0.5448756144073621,1.6346337186459816,0.0
33,reference,collision:obstacle,basin,port,1.4394070464462696,10.383855597374302,-1,7.245092432499305,,False,23.427498341559726,13.149482617524342,0.34775204790748837,0.39656845212410086,1.9187002564163729,-0.5138888888888888
34,reference,collision:target,basin,port,0.9180185044120603,12.325303409659567,0,,,,28.61023866279419,1.1344052259545379,0.5114780340282551,0.5114780340282551,1.4125158834978528,
35,reference,collision:target,basin,starboard,1.622891763736585,9.608986499702809,0,,4.245382134726259,,2.488492724934247,22.065316091190482,0.4005306975110571,0.4005306975110571,1.6214568589746206,
36,reference,collision:obstacle,basin,starboard,2.3463067862190936,8.140740085111329,1,6.11858586377589,0.4385779014853533,False,16.860627174969636,14.910240864056561,0.38137515547695744,0.43453780411603626,2.733503833314234,-0.3888888888888889
37,reference,collision:target,basin,port,1.0854240390193897,8.18335307064365,0,,,,33.28013106108409,-0.0,0.5060980325822475,0.5060980325822475,1.4540190346416901,
38,reference,goal,basin,starboard,2.255702132700812,8.105535018521422,1,5.750396778972043,2.2495928486520076,True,31.32589258851874,37.79957089494815,0.2976749617717501,0.5096940764152985,1.8728174249589369,0.0
39,reference,collision:target,basin,port,0.21478633800013247,9.527681597408542,-1,7.626493887884505,7.422467030399197,False,34.19404577683184,14.160467231118787,0.29081398658753915,0.30245785494695077,1.25808616330891,-0.7941176470588235
