rpm,THRUST_COEF,DRAG_COEF,TURN_COEF,MASS,score_total,err_peak_u_body_mps,err_initial_accel_0_2_after_motion_mps2,err_initial_accel_0_5_after_motion_mps2,err_distance_at_10s_after_motion_m,err_time_to_50pct_peak_u_after_motion_s,err_time_to_90pct_peak_u_after_motion_s,rpm_start_idx,rpm_start_t_sec,motion_start_idx,motion_start_t_sec,motion_lag_s,u_body_at_2s_after_motion_mps,u_body_at_5s_after_motion_mps,u_body_at_10s_after_motion_mps,distance_at_5s_after_motion_m,distance_at_10s_after_motion_m,initial_accel_0_2_after_motion_mps2,initial_accel_0_5_after_motion_mps2,peak_u_body_mps,time_to_50pct_peak_u_after_motion_s,time_to_90pct_peak_u_after_motion_s,u_body_at_2s_after_rpm_mps,u_body_at_5s_after_rpm_mps,u_body_at_10s_after_rpm_mps,distance_at_5s_after_rpm_m,distance_at_10s_after_rpm_m
15.0,0.05,1.5,1.0,64.55,7.807370413408506,0.01993924966529556,0.5405276387608533,0.12218707952501698,0.3909958131173122,4.5626493381720366,1.1585150528620223,0,0.0,3,0.30000000000000004,0.30000000000000004,0.30298312912258435,0.6380814975380841,1.1013034598644762,1.7826781152891407,6.177384697294206,0.12509529308735443,0.11725325507558577,2.3497655720568917,11.0,29.5,0.26686961885251453,0.6066286367489463,1.0765506161379892,1.6058814846398215,5.860618433998915
12.7,0.07,1.5,1.0,64.55,7.812609641980099,0.023368648361358834,0.5388827550927502,0.1261965343116826,0.38882382128514953,4.5626493381720366,1.1585150528620223,0,0.0,3,0.30000000000000004,0.30000000000000004,0.3040678826779099,0.6403612809371344,1.1052146243253211,1.7890556021319743,6.199416120715658,0.12554312678076968,0.1176721884543357,2.3576663200588053,11.0,29.5,0.26782519821412726,0.608796620616682,1.0803755350068092,1.611627303430082,5.881524948676459
14.0,0.06,1.5,1.0,64.55,7.822892197543069,0.06323135997112773,0.5197120447286863,0.17292158124312051,0.363514082341315,4.512079798734109,1.1585150528620223,0,0.0,3,0.30000000000000004,0.30000000000000004,0.31671046425357646,0.6669292237743246,1.1507819125766354,1.8633813198404179,6.456143409971999,0.13076251718157153,0.1225543190243914,2.4495031891470433,10.9,29.5,0.2789623445462714,0.6340619866404755,1.1249388760450774,1.6785917446184881,6.125146441534335
16.0,0.04,1.5,1.0,64.55,7.86324361617643,0.0664889815773968,0.5826949938504765,0.014776885303081149,0.43605774288496485,4.512079798734109,1.1585150528620225,0,0.0,4,0.4,0.4,0.2866554724402151,0.5903926150474164,1.010659185310406,1.6759945021841596,5.720302658495571,0.11361486882542703,0.10603035371572202,2.150649710700938,10.9,29.500000000000004,0.24291990743484518,0.5522827026341753,0.9806175501502434,1.4618637353350543,5.336455846533303
16.0,0.05,1.5,1.0,64.55,7.948942669106663,0.15080012358158815,0.47726827078342704,0.27634319551573594,0.30750661784304567,4.512079798734109,1.151198052682829,0,0.0,3,0.30000000000000004,0.30000000000000004,0.3447013396618598,0.7257349011691994,1.2515603907885702,2.027922654824001,7.024250594746582,0.14231819884890062,0.13336046814149632,2.6512466419918796,10.9,29.400000000000002,0.3036205796896334,0.6899865150135863,1.2235026253011307,1.8268395904083916,6.664268506265287
12.7,0.08,1.5,1.0,64.55,7.962075175294789,0.1594381066519497,0.47305681408909006,0.2866030965827974,0.3019514187607878,4.512079798734109,1.151198052682829,0,0.0,3,0.30000000000000004,0.30000000000000004,0.3474787404917826,0.7315686932776919,1.2615520387285053,2.0442480300271266,7.080599307186178,0.14346480407251402,0.13443248796672513,2.671147077471156,10.9,29.400000000000002,0.3060673298915681,0.6955346329620514,1.2332751178206427,1.8415485780110752,6.717743513601201
18.0,0.04,1.5,1.0,64.55,7.9692953865352205,0.1641884123675782,0.47073890148335334,0.29224981054204785,0.2988940958016741,4.512079798734109,1.151198052682829,0,0.0,3,0.30000000000000004,0.30000000000000004,0.3490073755005446,0.7347794214713357,1.2670506501162226,2.0532331455447967,7.1116110152648835,0.14409587566947257,0.13502249261415264,2.682090969306863,10.9,29.400000000000002,0.3074139827337636,0.6985881469233114,1.2386531559774567,1.8496440867900357,6.747173763217038
15.0,0.06,1.5,1.0,64.55,7.979778105752196,0.20921104575173397,0.4487031503549896,0.34592597215107623,0.26983472175615847,4.4615102592961815,1.1438810525036356,0,0.0,3,0.30000000000000004,0.30000000000000004,0.3635397490324567,0.7652997442865634,1.3193025188015126,2.138649043676386,7.406372424805563,0.15009529800331764,0.14063091992850532,2.785815415565937,10.8,29.3,0.32021638021017396,0.7276144400371651,1.289760401567268,1.9266036242382887,7.026907026409535
14.0,0.07,1.5,1.0,64.55,8.00749119738738,0.2274820764514869,0.4397260070394035,0.3677902064156133,0.2579992044911805,4.4615102592961815,1.1438810525036356,0,0.0,3,0.30000000000000004,0.30000000000000004,0.3694601256441259,0.7777317683514685,1.3405780503977518,2.1734450139665777,7.526425036613501,0.1525394023040025,0.1429154344127901,2.8279087450641036,10.8,29.3,0.32543202236358476,0.7394381030692727,1.3105704714168338,1.9579550164793815,7.140840609245451
14.0,0.05,1.5,1.0,64.55,8.102047803974184,0.10443328691248106,0.600615586685263,0.02871867262654844,0.46019532831281035,4.5626493381720366,1.1658320530412156,0,0.0,4,0.4,0.4,0.2743446374773421,0.5650836988718657,0.9675628193135725,1.6040651482961126,5.475465013593917,0.10873583364925035,0.10148566073036308,2.0632325215288825,11.0,29.6,0.23248579943527906,0.5286001182693747,0.9387810741678657,1.3991138011153599,5.107985714301415
12.7,0.06,1.5,1.0,64.55,8.16488010448999,0.11503795535236187,0.6056090830863078,0.04083984236940161,0.4669224364226479,4.5626493381720366,1.1658320530412156,0,0.0,4,0.4,0.4,0.27091428900109643,0.5580307651783744,0.9555493692848464,1.5840216410838373,5.407229136748033,0.10737631140479,0.10021916369648634,2.038801179356996,11.0,29.6,0.22957841585876723,0.5220005181666201,0.9271191628727804,1.3816283572075938,5.0443124173395155
12.7,0.09,1.5,1.0,64.55,8.184068899551653,0.2932563405203535,0.4045699104587978,0.45027368245924915,0.22852251133336515,4.51207979873411,1.1438810525036356,0,0.0,2,0.2,0.2,0.37542761284087944,0.809274585325967,1.406997769525652,2.2237086611154377,7.825419488805997,0.16211095127312364,0.1515338334591942,2.979441398883554,10.900000000000002,29.3,0.344304811917014,0.7822146265647221,1.3858194680584406,2.0713922446179382,7.552971010240844
16.0,0.06,1.5,1.0,64.55,8.232154757137074,0.3624030026411335,0.36998060352510637,0.5342953758014979,0.18393508474086154,4.4615102592961815,1.1365640523244425,0,0.0,2,0.2,0.2,0.39723817693035657,0.8561610195411409,1.4878568295143204,2.3527607461890794,8.277688443037862,0.17152818689724095,0.16031295524832695,3.138743480970677,10.8,29.200000000000003,0.3643095383109648,0.8275441542372753,1.4654925404317862,2.1916199241114027,7.989583982702252
14.0,0.08,1.5,1.0,64.55,8.272036688295525,0.3884698939082041,0.35686537514278915,0.5661473960316611,0.1670353722627114,4.4615102592961815,1.1365640523244425,0,0.0,2,0.2,0.2,0.4055081318360536,0.8739353638339111,1.518491385778477,2.4016898206593873,8.449109309264692,0.17509892036632035,0.16364105723850567,3.1987971397449746,10.8,29.200000000000003,0.3718948347280321,0.844728595530729,1.4956786472842036,2.2372037308929777,8.15507340894243
15.0,0.07,1.5,1.0,64.55,8.273421935474039,0.3941609182397359,0.35399647425789205,0.5731144157153846,0.1633391077321377,4.4615102592961815,1.1292470521452491,0,0.0,2,0.2,0.2,0.40731715272195473,0.8778231639044709,1.5251907518443037,2.412392584928364,8.486602069479025,0.17588000325031994,0.16436901583916788,3.2119082863631285,10.8,29.1,0.3735540939311511,0.8484873882585958,1.5022800077613152,2.247174781968107,8.19126904596666
18.0,0.05,1.5,1.0,64.55,8.278608675080386,0.43065145861890763,0.33555401418266445,0.6178971740292954,0.1395820982148979,4.410940719858255,1.1292470521452491,0,0.0,2,0.2,0.2,0.41894630057474225,0.9028132700777478,1.5682414628800634,2.4811920349484873,8.727579373422486,0.18090112126085822,0.16904820372091736,3.2959762497412095,10.700000000000001,29.1,0.3842205512039393,0.8726484523064529,1.5447014765623641,2.3112709108752645,8.423910949530958
16.0,0.07,1.5,1.0,64.55,8.423589038242145,0.5686421161631408,0.2650703961093482,0.7889835232577119,0.04885224830170466,4.360371180420327,1.1146130517868627,0,0.0,2,0.2,0.2,0.46339114789480945,0.9982848724363178,1.7325259498297838,2.744094494882,9.647890265389348,0.20009089110242106,0.18692439541127362,3.613883121615526,10.600000000000001,28.900000000000002,0.4249867873995005,0.9649559050640839,1.7065934750454408,2.5562049906284727,9.312413800900629
15.0,0.08,1.5,1.0,64.55,8.433253917522105,0.5750039669649809,0.2617923800367917,0.7969378155148416,0.04463513401955385,4.360371180420327,1.1146130517868627,0,0.0,2,0.2,0.2,0.46545818267330946,1.0027236331666367,1.7401568901307014,2.7563200354934003,9.690666222918713,0.20098335910688517,0.18775551053992556,3.6285397376773476,10.600000000000001,28.900000000000002,0.42688276279924425,0.9692476746371769,1.7141136217991897,2.5675951303310507,9.353712305677977
14.0,0.09,1.5,1.0,64.55,8.440254551879178,0.5463366326177406,0.27654365657091606,0.7611412524367008,0.06361416160084818,4.410940719858255,1.1146130517868627,0,0.0,2,0.2,0.2,0.4561564089835483,0.9827479651295051,1.7058105293082753,2.701303366650735,9.498153992173087,0.1969671974895198,0.18401525758387915,3.5624951028484646,10.700000000000001,28.900000000000002,0.41835078347975996,0.9499335917416212,1.6802661706601403,2.516338001881371,9.167850004177696
16.0,0.04,1.25,1.0,64.55,8.465473856868059,0.043448301537112995,0.5782190784162549,0.03735665690745491,0.42206166192864664,5.068344732551313,1.2536360551915353,0,0.0,4,0.4,0.4,0.28927448407287465,0.602187279479519,1.0485912942481153,1.6983366606387442,5.862270773303139,0.11483347521029888,0.10838963209967625,2.4039264063793517,12.0,30.800000000000004,0.2447853401346409,0.5625235859113283,1.0160743596683273,1.479820097839276,5.463766216752041
14.0,0.05,1.25,1.0,64.55,8.478744084046197,0.0009504860964534103,0.5963335959573764,0.0071237746701195885,0.44681146528669435,5.11891427198924,1.2609530553707284,0,0.0,4,0.4,0.4,0.2768501466932823,0.576363682534163,1.0038318399759019,1.6254352863817665,5.611223145358841,0.10990164236875131,0.10374203324134239,2.30601870879554,12.1,30.900000000000002,0.23427048394023098,0.5383944456319855,0.9726834983428353,1.4162894692123993,5.229728733805475
15.0,0.04,1.5,1.0,64.55,8.519917933999587,0.173885715918149,0.6332008929725491,0.10782632772690497,0.5041034166176932,4.5626493381720366,1.173149053220409,0,0.0,4,0.4,0.4,0.25195983142970113,0.5190538317006497,0.8891304458759997,1.4732647469392623,5.0300868723197025,0.09986420439747987,0.09321998896212313,1.903226004839973,11.0,29.700000000000003,0.21351380707321724,0.4855297847215012,0.8626464296472608,1.2850081903706967,4.692395407139875
12.7,0.06,1.25,1.0,64.55,8.541177517570791,0.010925655549386045,0.6013811012609855,0.019519132798863772,0.4537089886958918,5.11891427198924,1.2609530553707284,0,0.0,4,0.4,0.4,0.2733881877624493,0.5691674653761792,0.9913555128159066,1.605121130286194,5.541258674711593,0.10852741573711654,0.10244688725816278,2.2786581098408254,12.1,30.900000000000002,0.2313406104562025,0.5316705225654387,0.9605889626422953,1.3985866410655046,5.1645057030706205
18.0,0.06,1.5,1.0,64.55,8.672603392291922,0.6886813580233245,0.20279252458029867,0.9400662839329876,0.031229254297562622,4.3098016409824,1.107296051607669,0,0.0,2,0.2,0.2,0.5026622643144129,1.0825943107089606,1.8773592632125264,2.9763420808628998,10.460190507897094,0.21704657603365932,0.20271048473470435,3.890433002318159,10.500000000000002,28.8,0.4610083654211692,1.0464752220318132,1.8493290453301365,2.772585088067155,10.096672614697532
15.0,0.05,1.25,1.0,64.55,8.695503576051067,0.14027172619152478,0.5357706808276992,0.14591477337945136,0.3759981373813339,5.11891427198924,1.253636055191535,0,0.0,3,0.30000000000000004,0.30000000000000004,0.30564340496571746,0.6506229540483845,1.1423770404107538,1.8059894235763854,6.329512407713805,0.12639041570419102,0.11973247568918167,2.6269910152727167,12.1,30.8,0.2689206065313575,0.6178967699940597,1.115585687715006,1.625632985760784,6.000740881194618
12.7,0.07,1.25,1.0,64.55,8.701554646881123,0.14411425469427128,0.5341085964655696,0.15001065652716666,0.3737713162949578,5.11891427198924,1.253636055191535,0,0.0,3,0.30000000000000004,0.30000000000000004,0.3067377792240859,0.6529484567707744,1.1464387618767238,1.8124516012599865,6.352099987239333,0.12684293243415443,0.12016043965369473,2.635843543683957,12.1,30.8,0.2698835955337833,0.6201058057229404,1.11955367788106,1.631450521625648,6.022159547316204
14.0,0.06,1.25,1.0,64.55,8.721280491747649,0.18878272343371583,0.5147373262665194,0.19774378266443768,0.3478219653038372,5.068344732551313,1.253636055191535,0,0.0,3,0.30000000000000004,0.30000000000000004,0.31949253877747785,0.6800496770348401,1.1937625615913223,1.8877650190273758,6.6153151295485975,0.13211692697103858,0.12514790076124688,2.73875205518098,12.0,30.8,0.28110713476949384,0.6458499942491787,1.165786192262827,1.6992513364921311,6.271755501896615
12.7,0.08,1.25,1.0,64.55,8.832733604264545,0.2966147505887427,0.46759330584185327,0.31388461808406026,0.28469815807576804,5.017775193113385,1.2463190550123417,0,0.0,3,0.30000000000000004,0.30000000000000004,0.3505342125538917,0.745990276670205,1.3088213225894223,2.0710404632190214,7.25560636104507,0.14495229107527965,0.1372830351328818,2.9871786012298114,11.9,30.7,0.30842264445976325,0.7084908086131919,1.2781977977496375,1.8642476993534112,6.878934431584134
18.0,0.04,1.25,1.0,64.55,8.841083290007232,0.3019400274937963,0.46525108370434587,0.31965373643754363,0.281563107414453,5.017775193113385,1.2463190550123417,0,0.0,3,0.30000000000000004,0.30000000000000004,0.3520764449546771,0.7492657694251972,1.3145335114232914,2.080145433382718,7.287406493782384,0.14558998115086327,0.13788582937120838,2.9994471283379416,11.9,30.7,0.3097797665814871,0.711602465232268,1.2837787912964786,1.872444685865904,6.9090906817406035
16.0,0.05,1.25,1.0,64.55,8.86811720829772,0.2869314652277044,0.47184892475365675,0.3034023718387903,0.2903945415065794,5.068344732551313,1.2463190550123417,0,0.0,3,0.30000000000000004,0.30000000000000004,0.3477321098998165,0.74003884225669,1.298441745427819,2.0544973666747635,7.197825556588642,0.14379366230900428,0.1361877832669612,2.9648699680703,12.0,30.7,0.30595687487580686,0.7028370759133653,1.2680566690503339,1.8493543714699305,6.8241407156461324
15.0,0.04,1.25,1.0,64.55,8.907737977496852,0.07681991768179004,0.629271124810533,0.08801875375228896,0.49183021726190146,5.11891427198924,1.2609530553707284,0,0.0,4,0.4,0.4,0.2542591947801032,0.5293998351324106,0.9223831557294174,1.49287032780465,5.1545790770045175,0.10093411750099489,0.0952896104771536,2.1268490010084844,12.1,30.900000000000002,0.21515181296897912,0.49451368492462744,0.8937296673247715,1.3007665087527844,4.804038031266612
15.0,0.06,1.25,1.0,64.55,8.912848458229746,0.35241653407968576,0.44298410753834494,0.3744946073699541,0.2517640079961099,5.017775193113385,1.2390020548331486,0,0.0,3,0.30000000000000004,0.30000000000000004,0.36673815380257513,0.780402368033848,1.3688182073225736,2.1667016285435032,7.589671247793805,0.15165235648535097,0.14361595293556711,3.1157363655764816,11.9,30.6,0.32268174017823315,0.7411820054589536,1.3368177593955373,1.9503696546108322,7.195733137531118
15.0,0.09,1.5,1.0,64.55,8.93141586465277,0.7519405427181083,0.1696087973200551,1.0205354419975359,0.07386666458463198,4.3098016409824,1.099979051428476,0,0.0,2,0.2,0.2,0.5235874419401397,1.1274990866286863,1.9544071888156371,3.100073115814858,10.89267962950363,0.22608113053037782,0.21111841500623602,4.036171343460507,10.500000000000002,28.700000000000003,0.48020238959709527,1.0898954919496444,1.9252653963702255,2.887864841529357,10.514244570364188
14.0,0.07,1.25,1.0,64.55,8.944913092874293,0.37290308927764904,0.43391270265661724,0.3968338743580868,0.23962672476104768,5.017775193113385,1.2390020548331486,0,0.0,3,0.30000000000000004,0.30000000000000004,0.37271125595525645,0.7930857559435025,1.3909231383335598,2.201962596773044,7.7127847983044875,0.15412212430627795,0.14595010186505739,3.16293388455618,11.9,30.6,0.3279379733301939,0.7532313156410269,1.358415975636716,1.982114722478681,7.312485243374355
12.7,0.05,1.5,1.0,64.55,8.99671445832548,0.25587228899780123,0.6734962656271741,0.2039783355570793,0.5481057271737322,4.5626493381720366,1.173149053220409,0,0.0,5,0.5,0.5,0.23429834870129615,0.4726339164372765,0.8031660206131948,1.3619856590365458,4.583752995264071,0.08889344341699325,0.08317341463789094,1.7143429641522916,11.0,29.700000000000003,0.1913269817992578,0.43514625413110364,0.7735044354053762,1.151551675596783,4.2061030085286415
16.0,0.08,1.5,1.0,64.55,8.999473517168926,0.7698148080308306,0.16018674191895907,1.0433793826865967,0.08596882550388464,4.3098016409824,1.0926620512492826,0,0.0,2,0.2,0.2,0.5295288810583925,1.140246876977683,1.9762681801599817,3.1352025047468275,11.01543691964552,0.22864636596414079,0.21350529545907435,4.077350593373115,10.500000000000002,28.6,0.4856523310539625,1.1022220515030412,1.94681155091037,2.9205950436418058,10.632769405047616
12.7,0.09,1.25,1.0,64.55,9.087721780983816,0.4466635524492287,0.3988380899866405,0.48052486608914685,0.2095769745159118,5.017775193113386,1.2390020548331486,0,0.0,2,0.2,0.2,0.37859587179538245,0.8249797908933099,1.459462012874997,2.252320259244726,8.01759200869822,0.16367148858151556,0.15469466984308494,3.3328653750801744,11.900000000000002,30.6,0.34695775796243117,0.7968255835346292,1.4365225256093488,2.0969782205355316,7.734832559595548
14.0,0.04,1.5,1.0,64.55,9.112733343853357,0.2756728743298479,0.6825803728703497,0.22609145767056443,0.5606456357773343,4.5626493381720366,1.173149053220409,0,0.0,5,0.5,0.5,0.2277788610769903,0.45950226711305575,0.7809461305285323,1.3241082635467096,4.456555446902582,0.08642021726916291,0.08086289476558274,1.6687258024094858,11.0,29.700000000000003,0.1860023851891282,0.42305236972216687,0.7520942586148448,1.119521071601863,4.089353207881254
16.0,0.06,1.25,1.0,64.55,9.202962785509127,0.5242231370944187,0.36391152674676264,0.5663449089876054,0.1638579232890073,5.017775193113386,1.2316850546539553,0,0.0,2,0.2,0.2,0.40059292373694394,0.8728007283311712,1.5434654000177237,2.3830671507243015,8.481339505853429,0.1731805451289941,0.16366169465041908,3.5115493916449907,11.900000000000002,30.500000000000004,0.3671184953263594,0.8430240224694804,1.5192341661808981,2.218720715530319,8.182306120714117
14.0,0.08,1.25,1.0,64.55,9.249105320705862,0.5534659956173961,0.35066829776366376,0.5988799809844397,0.1465282573498704,5.017775193113386,1.2316850546539553,0,0.0,2,0.2,0.2,0.4089336592863542,0.8909300403792704,1.5752948799672124,2.432639780860313,8.657121570225781,0.1767861278600116,0.16706116624063028,3.578919935732172,11.900000000000002,30.500000000000004,0.37476300092912224,0.8605385036049676,1.5505750035290768,2.2648797101991196,8.351921906819797
15.0,0.07,1.25,1.0,64.55,9.259174990469676,0.5598507289448255,0.3477713882632726,0.6059965011909992,0.14273787824982015,5.017775193113386,1.2316850546539553,0,0.0,2,0.2,0.2,0.4107581682730167,0.8948955344568247,1.5822558271644906,2.4434833887902867,8.695568973961127,0.17757483632992185,0.16780474560832667,3.5936292692189276,11.900000000000002,30.500000000000004,0.3764352158866212,0.8643695332605654,1.5574291462987508,2.2749766409356567,8.389020778834562
18.0,0.05,1.25,1.0,64.55,9.273134469152101,0.6007919830477586,0.3291488000874901,0.651741045018807,0.11837531351198993,4.967205653675458,1.2316850546539553,0,0.0,2,0.2,0.2,0.4224869239266705,0.9203854860177899,1.6269897703422134,2.5131888266847286,8.94268867829134,0.18264499576151844,0.17258442696772044,3.687950915728242,11.8,30.500000000000004,0.3871849922496091,0.8889953263725301,1.6014772271038333,2.3398824873402657,8.62747427716578
12.7,0.06,1.0,1.0,64.55,9.374184852341523,0.11465693249599075,0.5971030351057782,0.002356982510884732,0.4399703203927162,5.725748745244372,1.3414400573418546,0,0.0,4,0.4,0.4,0.2758928213408645,0.5806136837297264,1.0291009486117972,1.62665520853207,5.680615745098346,0.1096921559580288,0.10473264314974065,2.5679789119725864,13.3,32.0,0.23312114907667678,0.5415892316395832,0.9958001246067029,1.415868184938303,5.289290850269418
14.0,0.05,1.0,1.0,64.55,9.395716376008375,0.12809222028169764,0.5920008706489841,0.015033909679624773,0.4328952635206742,5.725748745244372,1.3414400573418546,0,0.0,4,0.4,0.4,0.27938679063426236,0.5879573118611864,1.0420667153313725,1.6472457593393366,5.752381012062361,0.1110812640131493,0.1060572092599832,2.5989315169438045,13.3,32.0,0.23607375023297203,0.5484407847393922,1.0083510981490003,1.4337926605608244,5.356125748601808
12.7,0.05,1.25,1.0,64.55,9.408582144074424,0.1685971219004664,0.6696349430822187,0.18572351185576827,0.5368327094827157,5.118914271989241,1.2609530553707284,0,0.0,5,0.5,0.5,0.23651961257944135,0.4822065582427495,0.8333955173964616,1.3804632845837994,4.698099938153359,0.08994472161393051,0.08508079491241312,1.9154100208501565,12.100000000000001,30.900000000000002,0.19279368849855033,0.44318490676860517,0.801302442519591,1.1656560113373673,4.305970686680193
14.0,0.09,1.25,1.0,64.55,9.412077140907037,0.7306170602367462,0.2695611869663,0.7980710961226434,0.04046341689193998,4.916636114237531,1.2170510542955686,0,0.0,2,0.2,0.2,0.46001625916620875,1.0019241467551825,1.7699641652624925,2.7362058787422345,9.732981698083954,0.1988682347560647,0.18787392291750796,3.9870456871750903,11.700000000000001,30.3,0.421582218872673,0.9677716517782661,1.7422654177161978,2.54754638257415,9.390069422536797
16.0,0.07,1.25,1.0,64.55,9.451363289149795,0.7556539493045696,0.2579755327758412,0.8265148772555448,0.025322420286278326,4.916636114237531,1.2170510542955686,0,0.0,2,0.2,0.2,0.4673131552109426,1.0177737246414573,1.7977339660526381,2.779563167938214,9.886563172149607,0.20202252852610897,0.1908459103742713,4.044726397062748,11.700000000000001,30.3,0.42827020439746916,0.9830846343339114,1.7696116327000682,2.5879193148582607,9.538271202286275
15.0,0.08,1.25,1.0,64.55,9.46256375503617,0.7627951289606644,0.25466539526443566,0.8346411168446283,0.02099693139296427,4.916636114237531,1.2170510542955686,0,0.0,2,0.2,0.2,0.46939795426747755,1.02230186692138,1.8056663570798976,2.7919505381370433,9.930438418779104,0.20292374186793433,0.19169499165557372,4.061178453501669,11.700000000000001,30.3,0.43018103563284815,0.987459495061923,1.7774230892601024,2.5994540701832367,9.580609751900484
15.0,0.04,1.0,1.0,64.55,9.465046970552686,0.040132510403372804,0.625294858008665,0.06769639801990882,0.4790709169666633,5.725748745244372,1.348757057521048,0,0.0,4,0.4,0.4,0.2565870881147567,0.5400326446623842,0.9574292939649347,1.5128788592973257,5.284002007239919,0.10201669025821522,0.09741301966970477,2.396287390768617,13.3,32.1,0.21680685160065152,0.5037280882145458,0.926423483644787,1.316824607720511,4.919931003950419
16.0,0.04,1.0,1.0,64.55,9.472729974840316,0.17617856384818972,0.5736900914537436,0.06052577481163074,0.4075075997163881,5.725748745244372,1.3414400573418546,0,0.0,4,0.4,0.4,0.291926067844596,0.6143104456157137,1.0885849996773076,1.7211398250033239,6.00989872583607,0.11606653077415527,0.11081048913952429,2.7097142274196706,13.3,32.0,0.24667020904882103,0.5730283821169083,1.0533821711358544,1.4981193187736868,5.595954394822489
14.0,0.04,1.25,1.0,64.55,9.530945654233411,0.19075750805820457,0.6788273176693868,0.20835109598930834,0.5496910157171482,5.118914271989241,1.2609530553707284,0,0.0,5,0.5,0.5,0.22993784895303152,0.468805053512498,0.8103201814513618,1.342066270442374,4.567672749183956,0.08744201875265432,0.08271652077081701,1.8643562816455646,12.100000000000001,30.900000000000002,0.1874280195352172,0.4308645758314908,0.7791057254204663,1.1332290375058678,4.186400972128832
16.0,0.09,0.5,1.0,64.55,9.644383803045208,1.1703000116145228,0.01658515513215758,1.5055428140399234,0.32581017458497163,3.955814864916906,0.4048640344051127,0,0.0,1,0.1,0.1,0.5899170531223334,1.3623014956665145,2.565415259454994,3.584735676288514,13.44824823934389,0.2677431302144593,0.2617950750259683,5.0,9.8,19.2,0.5635296554303157,1.3371600934397863,2.5423951109569116,3.4538462930745375,13.196941411611727
18.0,0.07,0.5,1.0,64.55,9.65501857760583,1.1703000116145228,0.03194589574181575,1.4664575366714812,0.30516200920460634,4.006384404354833,0.43413203512188603,0,0.0,1,0.1,0.1,0.5807025706857862,1.3410529632140056,2.525590332943716,3.5287736553324325,13.238805244377357,0.2635610367727084,0.25771119624978267,5.0,9.9,19.6,0.5547270929734468,1.3163023344170575,2.50292275134879,3.3999257796752196,12.99139947441466
15.0,0.05,1.0,1.0,64.55,9.676846623008212,0.2857878058029126,0.5309583451133938,0.17023665568683272,0.3604052675295612,5.725748745244372,1.341440057341855,0,0.0,3,0.30000000000000004,0.30000000000000004,0.3083354799106977,0.6635084630717653,1.1856745839110625,1.829774163816987,6.487677421491938,0.1277006153971437,0.12227378089767939,2.9622351723769134,13.3,32.00000000000001,0.2709929982990909,0.6294563267802897,1.1566709147558734,1.6457627527079757,6.146259742700363
18.0,0.07,1.5,1.0,64.55,9.682740218580602,0.9388594777090538,0.06583785421401255,1.2777075284240988,0.1808187850229161,4.3098016409824,1.0853450510700893,0,0.0,1,0.1,0.1,0.5621221412970385,1.2411448859837604,2.1688171038487254,3.352637628793528,11.977539810055871,0.2543336602511918,0.23798939293699034,4.4668005974591125,10.500000000000002,28.5,0.5377774336929276,1.2200690311684736,2.1525482194719365,3.233587132184066,11.76548188442678
12.7,0.07,1.0,1.0,64.55,9.68389949608022,0.2901392658691962,0.5292788560842582,0.17442121127211738,0.35812131633945465,5.725748745244372,1.341440057341855,0,0.0,3,0.30000000000000004,0.30000000000000004,0.3094395921975883,0.6658809907853916,1.1898955612132809,1.8363228118268236,6.510844495602463,0.12815787069704923,0.12271100992336646,2.972260192058516,13.3,32.00000000000001,0.2719634756526774,0.6317075176250919,1.1607899846037002,1.6516534244022398,6.1682113935876055
16.0,0.09,1.5,1.0,64.55,9.748358696602205,0.9661957256878378,0.05102456473802083,1.313692366304883,0.19940120683930124,4.259232101544471,1.0853450510700893,0,0.0,1,0.1,0.1,0.5710362338399236,1.260748193025989,2.2026659277618195,3.405721038313163,12.166029102313095,0.25836670542411466,0.2417493180438407,4.529778636975521,10.4,28.5,0.5463061733711359,1.2393428768158377,2.1861528327339212,3.2847903363327484,11.95066215921734
14.0,0.06,1.0,1.0,64.55,9.765856600646758,0.34073233124004004,0.5097046457657541,0.22318863281873005,0.3315054474104247,5.725748745244372,1.341440057341855,0,0.0,3,0.30000000000000004,0.30000000000000004,0.32230789897426254,0.693530744979402,1.2390776444059144,1.9126447140146763,6.780820408689329,0.13348711742288724,0.12780654080437062,3.088817960800375,13.3,32.00000000000001,0.2832743262450171,0.6579434186474071,1.2087853615409463,1.7203071824442393,6.424025419242705
18.0,0.06,1.25,1.0,64.55,9.831765729487103,0.8904192937007257,0.1950866742059074,0.9808712623767138,0.05682313559639398,4.8660665747996035,1.2097340541163755,0,0.0,2,0.2,0.2,0.5069221802164959,1.1037849883158508,1.9483099263283314,3.014890780429011,10.719799972142404,0.21914455992211795,0.2069740488347661,4.3552026991291655,11.600000000000001,30.200000000000003,0.46457434333391684,1.0661859332845811,1.9178966652432934,2.807051691204932,10.342337966683635
18.0,0.08,0.5,1.0,64.55,9.833174998240397,1.1703000116145228,0.10629492469003061,1.8181522247756048,0.49091868344041323,3.348980391661775,0.2219390299252803,0,0.0,1,0.1,0.1,0.6636295180990803,1.5322470837652427,2.883720556889611,4.032375393763372,15.123013040580208,0.30119828638206486,0.29445849776964667,5.0,8.600000000000001,16.7,0.6339471980989582,1.5039818401191343,2.8578878917098374,3.885158099110308,14.84052675997376
12.7,0.05,1.0,1.0,64.55,9.83386158601282,0.06360557175621276,0.6657236140187793,0.16698346594148777,0.5251111063925913,5.725748745244372,1.348757057521048,0,0.0,5,0.5,0.5,0.23876950362884813,0.4920485423732676,0.8652617377424576,1.3993266905719617,4.816997070745058,0.09100961451463184,0.08703887429490376,2.157292593725758,13.3,32.1,0.1942756237895524,0.45142912304092,0.8305326196780732,1.180027914061645,4.409622070347516
12.7,0.04,1.5,1.0,64.55,9.834808157415694,0.39922992430394,0.7399273515925744,0.36576602089407834,0.6323645913549537,4.562649338172037,1.180466053399602,0,0.0,6,0.6000000000000001,0.6000000000000001,0.19424104834783343,0.3841813981508836,0.648052082809237,1.1230425361931282,3.729080023525155,0.07080701021665613,0.0662688065889931,1.3840714935285308,11.000000000000002,29.8,0.1530708950090631,0.34823375691035474,0.6195297772531687,0.9213971947712304,3.3668937981702207
16.0,0.09,0.75,1.0,64.55,9.876050319701315,1.1703000116145228,0.025330604207808267,1.45580737420671,0.29223198295490077,4.158093022668616,0.558521038168172,0,0.0,1,0.1,0.1,0.5851178201129505,1.3358633566057967,2.466937225375442,3.538618751193282,13.107650569235641,0.26536210665876897,0.2565983994275213,5.0,10.200000000000001,21.3,0.5591550807988017,1.3117153727287718,2.4457660103702956,3.4103210279398173,12.866096637283562
16.0,0.05,1.0,1.0,64.55,9.887850047778965,0.45195267646757176,0.4663663268840697,0.3311426464231925,0.2725979042358936,5.675179205806444,1.3341230571626614,0,0.0,3,0.30000000000000004,0.30000000000000004,0.3507992094171354,0.7547374334219485,1.3478854085458547,2.081614385285878,7.378344306881581,0.14528634662526313,0.1390862638777774,3.345050612121224,13.2,31.900000000000002,0.30831761199834057,0.7160218007859859,1.314972310631087,1.8723023161061387,6.990218392267275
12.7,0.08,1.0,1.0,64.55,9.905581642050533,0.46292954639907985,0.46206601938316766,0.34185306808714294,0.266754322693109,5.675179205806444,1.3341230571626614,0,0.0,3,0.30000000000000004,0.30000000000000004,0.3536263168059396,0.7608099066614354,1.3586757175083624,2.0983798205050928,7.437618203477536,0.14645714224339412,0.1402053569650564,3.370339442865279,13.2,31.900000000000002,0.3108026039941362,0.7217840163692721,1.325503061536676,1.887383663499772,7.046385251075355
18.0,0.04,1.0,1.0,64.55,9.915331871132812,0.4689665236096177,0.4596991978929041,0.3477478020587477,0.2635382310352705,5.675179205806444,1.3341230571626614,0,0.0,3,0.30000000000000004,0.30000000000000004,0.3551823133856569,0.7641520348580226,1.3646140487147982,2.1076071883233283,7.470240369006349,0.14710152970385307,0.14082127632341138,3.38424760574191,13.2,31.900000000000002,0.31217030718141814,0.7249553954274659,1.3312985742437706,1.8956841540331515,7.077297491943687
18.0,0.08,0.75,1.0,64.55,9.9218585348447,1.1703000116145228,0.09643395959461365,1.7619383669610171,0.4528914996084855,3.500689009975557,0.3390110327923731,0,0.0,1,0.1,0.1,0.6582174633455142,1.5023532176113632,2.772024032297917,3.9802888412393873,14.737287378024469,0.2985135540177316,0.2885849157890856,5.0,8.9,18.3,0.6290145227418293,1.4752135081605773,2.7482936335733767,3.8360018604192856,14.465862865174635
18.0,0.07,0.75,1.0,64.55,9.946606540604726,1.1703000116145228,0.04055225400935562,1.417527830700164,0.27213606134905655,4.259232101544471,0.5951060390641385,0,0.0,1,0.1,0.1,0.5759797387539188,1.315044444078232,2.428750704578563,3.4833997418090106,12.903809214315894,0.2612178818830668,0.252598708858236,5.0,10.4,21.8,0.5504221048568608,1.2912708420592367,2.4079007242629493,3.357101422787998,12.665994104935494
15.0,0.06,1.0,1.0,64.55,9.949822763809486,0.5261995009188313,0.43719823735593966,0.4037839942819515,0.23296778624251605,5.624609666368516,1.326806056983468,0,0.0,3,0.30000000000000004,0.30000000000000004,0.3699749456361098,0.7959227482057386,1.4210515473769483,2.1953279167887927,7.780329202416317,0.15322760929115936,0.14667629467114793,3.516102595842189,13.1,31.8,0.32517292110507495,0.7551032442792998,1.3863796745738703,1.97459386366624,7.371135330306867
14.0,0.04,1.0,1.0,64.55,9.963655624118648,0.08864355551903219,0.6750256779954521,0.19013956109988842,0.538301006337213,5.725748745244372,1.348757057521048,0,0.0,5,0.5,0.5,0.2321246491515217,0.4783693621837463,0.8412823806272823,1.3603989362078222,4.683206387804412,0.08847704777581653,0.08461937795449703,2.0996093618480756,13.3,32.1,0.18886845068349734,0.4388763946399251,0.8075069284995604,1.1471968763423532,4.287121318326122
14.0,0.07,1.0,1.0,64.55,9.98729370333845,0.5494336466292868,0.4280314446629028,0.42661080847747795,0.2205157923429344,5.624609666368516,1.326806056983468,0,0.0,3,0.30000000000000004,0.30000000000000004,0.3760014215925291,0.8088647948829258,1.4440350266859292,2.231063788029081,7.906634995090438,0.15572334726223966,0.14906138563883573,3.569630093391183,13.1,31.8,0.3304701795748319,0.7673843598257482,1.408811264112761,2.0067404976967547,7.490823111516574
16.0,0.08,0.5,1.0,64.55,10.009963134437218,1.1703000116145228,0.1271407485000562,1.2223368879622027,0.20093495224550015,4.562649338172037,0.6170570396017184,0,0.0,2,0.2,0.2,0.5478114960278658,1.2334993513373032,2.3025089608234417,3.302937379114911,12.181586524751019,0.2376434212406579,0.23220391567724033,5.0,11.000000000000002,22.1,0.5009318708476501,1.188813900437827,2.261529777390568,3.070379953570494,11.734856532827944
15.0,0.09,0.5,1.0,64.55,10.088381175998453,1.1703000116145228,0.1369400140812071,1.197419125097091,0.18748798988708315,4.6637884170478925,0.6390080401392984,0,0.0,2,0.2,0.2,0.5416612502267844,1.2196691559558572,2.2768032436732124,3.265874271083586,12.04518835001404,0.23497548709852814,0.2296003490719533,5.0,11.200000000000001,22.400000000000002,0.49530764776424335,1.1754831470358722,2.2362760550840988,3.0359243012150965,11.60344566485215
18.0,0.08,1.0,1.0,64.55,10.095782361694651,1.1703000116145228,0.08667617050601081,1.707098017094067,0.41643238385448844,3.7029671677272677,0.48535103637623905,0,0.0,1,0.1,0.1,0.6528656168277541,1.4732760713460904,2.666593602652147,3.9292552748688814,14.36746728715044,0.29585691220660854,0.2828548466689657,5.0,9.3,20.3,0.6241341531324254,1.4472151579135606,2.6447828627304233,3.7878192902446504,14.106487094425384
15.0,0.09,1.25,1.0,64.55,10.110315311451757,0.9614563913758443,0.16157676920784594,1.0630906245005831,0.10056471239835785,4.8660665747996035,1.2024170539371821,0,0.0,2,0.2,0.2,0.5280277614251947,1.149599737634659,2.028431021715081,3.140267680894048,11.16348911745861,0.22826791910689398,0.21556485157626842,4.5188600213771455,11.600000000000001,30.1,0.4839192013925518,1.1104520322485056,1.9968028062224334,2.923802067617156,10.770505971986491
16.0,0.08,1.25,1.0,64.55,10.191278828853715,0.9815304463748522,0.15206202118792914,1.0864322591810844,0.11298093810986956,4.8660665747996035,1.2024170539371821,0,0.0,2,0.2,0.2,0.5340204685570912,1.1626063052613254,2.0511662730928992,3.175864988685048,11.28943209841092,0.23085839090152782,0.21800373426794262,4.565107210456029,11.600000000000001,30.1,0.48941200499915277,1.1230191197955788,2.0191938118245085,2.9569503539824615,10.892044677775422
12.7,0.09,1.0,1.0,64.55,10.208665153684034,0.6331120866524237,0.3930430689426765,0.511535726678595,0.18987449475341728,5.675179205806445,1.3341230571626614,0,0.0,2,0.2,0.2,0.3818006032353941,0.8411126282748691,1.5147938321537864,2.2815075187342857,8.217442518111922,0.165249232787907,0.1579348821153088,3.7624109061251954,13.200000000000001,31.900000000000002,0.349638534577539,0.8118187632035336,1.4899402136550364,2.1230589332506047,7.923813968620114
16.0,0.09,1.0,1.0,64.55,10.228493649867394,1.1703000116145228,0.033984944443185,1.4072763139232718,0.2600187517324231,4.410940719858255,0.7780310435439709,0,0.0,1,0.1,0.1,0.5803717254040066,1.3101403395441624,2.373894252726961,3.4934262201517314,12.78089826458775,0.2630058882666497,0.25152756507705704,5.0,10.700000000000001,24.3,0.554826683706726,1.2869450079554092,2.35441436742629,3.367650698114761,12.54856162948659
18.0,0.06,0.5,1.0,64.55,10.271685516668443,1.1703000116145228,0.17145107738877566,1.1096580189755323,0.140124076835699,4.916636114237531,0.7268120422896178,0,0.0,2,0.2,0.2,0.5200013392370948,1.1709587392897098,2.1862470144156303,3.135342176857589,11.564756330022108,0.22557955397303264,0.2204305096133292,5.0,11.700000000000001,23.6,0.47550033425520927,1.1285320668787118,2.1473131036991937,2.9145757571611357,11.140582970208955
12.7,0.04,1.25,1.0,64.55,10.29093939085003,0.32899699168325985,0.7366613147853662,0.35077909403431784,0.6231349046610696,5.118914271989241,1.2682700555499216,0,0.0,6,0.6000000000000001,0.6000000000000001,0.1961498483830266,0.3920749089761893,0.6725471431472998,1.1385585533970213,3.8227006037636317,0.0716962167633349,0.06783473618304121,1.5458761570423845,12.100000000000001,31.0,0.15424282893217414,0.35464890588658277,0.6416929018073183,0.9326585860566735,3.446552277488345
16.0,0.06,1.0,1.0,64.55,10.294004978496796,0.7211428677364375,0.357775441212433,0.5992014990513095,0.14297519433505287,5.624609666368517,1.326806056983468,0,0.0,2,0.2,0.2,0.40398634614819207,0.8898948856018553,1.6021284852305002,2.4139848712943297,8.693161777450964,0.1748511470695677,0.16709476049652033,3.9652187682016606,13.100000000000001,31.8,0.36995695903443493,0.858910031757655,1.5758671972760883,2.246346828888854,8.382604972431968
18.0,0.07,1.0,1.0,64.55,10.308323764703342,1.1703000116145228,0.049069001127441635,1.3697816587160099,0.24045020389607905,4.512079798734109,0.8219330446191305,0,0.0,1,0.1,0.1,0.5713091681319669,1.2897385415849802,2.3372446777936,3.4389343555750975,12.582406282831002,0.2588991243978188,0.2476098846374916,5.0,10.9,24.9,0.5461625338720005,1.266901932808738,2.3180577360739942,3.315117348075689,12.353656228493563
18.0,0.09,0.75,1.0,64.55,10.32657215899539,1.1703000116145228,0.23340074788908555,2.1061120116418865,0.6334047591168208,2.9444240761583536,0.14876902813334747,0,0.0,1,0.1,0.1,0.7404439225044661,1.6895238696758885,3.114388102768576,4.476993578286247,16.568309021165142,0.3358039374451968,0.3245463707785167,5.0,7.800000000000001,15.700000000000001,0.7075971194404168,1.6590255332759434,3.0878012227268643,4.314731371177164,16.263364830197276
18.0,0.08,1.25,1.0,64.55,10.333412657019101,1.1703000116145228,0.07702033653212571,1.6535918085376713,0.381455940523334,3.9052453254789783,0.6902270413936513,0,0.0,1,0.1,0.1,0.6475731999096325,1.4449888574317158,2.5669930953325872,3.8792475323352997,14.012686564039793,0.2932280285503459,0.27726417713225526,5.0,9.700000000000001,23.1,0.619305445341569,1.4199620705457947,2.546936772611155,3.7405858005320534,13.761575988357952
14.0,0.08,1.0,1.0,64.55,10.347961515749608,0.7543448675373898,0.34440276372152623,0.6324376822029362,0.12519700328769354,5.624609666368517,1.326806056983468,0,0.0,2,0.2,0.2,0.41239870014068675,0.9083893908349607,1.6352243576248655,2.464214640532099,8.873493419970009,0.1784919732676357,0.17056748864668408,4.041710496587758,13.100000000000001,31.8,0.3776613110774065,0.8767636716480951,1.6084303434236717,2.293092661964516,8.556521596049723
18.0,0.09,0.5,1.0,64.55,10.34874252982283,1.1703000116145228,0.24452259491208145,2.1696831682585174,0.6765027704685629,2.8432849972824985,0.06828202616222125,0,0.0,1,0.1,0.1,0.7465488286515993,1.7233452483915,3.2411904269674183,4.535850167824818,17.0054702124056,0.3388319557339623,0.3311886902083348,5.0,7.6000000000000005,14.600000000000001,0.7131606506401814,1.69157066347087,3.212210656072789,4.370272784211372,16.687968554839756
15.0,0.07,1.0,1.0,64.55,10.359738786557363,0.7615948205377482,0.3414775285918309,0.639707660268148,0.12130843727199911,5.624609666368517,1.326806056983468,0,0.0,2,0.2,0.2,0.41423888067233383,0.9124348198965091,1.64246256249346,2.4752020681556957,8.912936774740238,0.1792883936331867,0.17132710226907136,4.058413148206335,13.100000000000001,31.8,0.3793466213120851,0.8806689366076085,1.6155520913233932,2.303318024792709,8.594561961147349
18.0,0.09,1.0,1.0,64.55,10.38312029081742,1.1703000116145228,0.22239583491695905,2.044109680484189,0.5921121759569906,3.096132694472137,0.25120703064205335,0,0.0,1,0.1,0.1,0.7344072933804783,1.656636830335555,2.9948281404252293,4.419338180838841,16.149461044718603,0.3328077554551936,0.31806797222701,5.0,8.100000000000001,17.099999999999998,0.7020928840035585,1.6273610464454786,2.970421973383919,4.260300421224869,15.85636072983682
16.0,0.08,0.75,1.0,64.55,10.411614908580008,1.1703000116145228,0.13554015866442096,1.1758775062332751,0.17040084453714058,4.8660665747996035,0.8292500447983241,0,0.0,2,0.2,0.2,0.5431610653428774,1.209211372755821,2.2139728320029524,3.2597103000237566,11.871866273616707,0.23535660974793085,0.2273495434999901,5.0,11.600000000000001,25.000000000000004,0.4970512832863671,1.1662969449307397,2.176262905388633,3.0318246039447394,11.442507976242313
18.0,0.05,1.0,1.0,64.55,10.427913532418579,0.8080909625141923,0.3226727719331899,0.6864394883245822,0.09631405393207358,5.624609666368517,1.319489056804275,0,0.0,2,0.2,0.2,0.42606842491692354,0.938439058838153,1.6889808820341587,2.545832665490997,9.166465279942623,0.1844081499974323,0.17620994137426652,4.165532306220473,13.100000000000001,31.700000000000003,0.39018061475541116,0.9057723364808796,1.6613224174300085,2.369050030440474,8.83907378031241
15.0,0.04,0.75,1.0,64.55,10.465066503309576,0.18250304628787742,0.6212714948976904,0.046844163774237446,0.4658009092943722,6.4337222973753585,1.421927059312981,0,0.0,4,0.4,0.4,0.25894391689010365,0.5509615445199142,0.994385043904347,1.533300633602517,5.41860525643495,0.10311208538972402,0.0995917939449695,2.7242847531668986,14.700000000000001,33.1,0.21847912527428076,0.5131798837017877,0.9608279070470505,1.3331895624993253,5.040280734705727
12.7,0.06,0.75,1.0,64.55,10.465278578469325,0.2677570559454293,0.5927742395572487,0.024804859117355263,0.4256796710497983,6.4337222973753585,1.421927059312981,0,0.0,4,0.4,0.4,0.2784286275167662,0.5923794847098606,1.0689122269488598,1.6486350200746387,5.825571790502914,0.11087070769158275,0.10707814030406347,2.9206954088396366,14.700000000000001,33.1,0.2349202500217468,0.5517641098911331,1.0328615690239726,1.433480646554032,5.41889227140441
18.0,0.09,1.25,1.0,64.55,10.482178591799418,1.1703000116145228,0.21150646076829158,1.9836304829191165,0.5525242879112349,3.247841312785919,0.3902300340467261,0,0.0,1,0.1,0.1,0.7284380503710312,1.6246529460539079,2.881993208843651,4.362852496294821,15.747904505240895,0.32984302990131764,0.311748720376538,5.0,8.4,19.0,0.6966472080527578,1.596548440988498,2.859576312575446,4.206951451234439,15.46598516695077
14.0,0.05,0.75,1.0,64.55,10.490646237174676,0.28313389085593005,0.587616757082469,0.0377709656812176,0.41841956804385616,6.4337222973753585,1.421927059312981,0,0.0,4,0.4,0.4,0.28195501295829073,0.5998747937851804,1.082395897003008,1.6695078668180101,5.899214057954723,0.11227487655178468,0.10843292171975512,2.956121006287479,14.700000000000001,33.1,0.2378958195216566,0.5587467051023093,1.0458944242003052,1.4516311390767787,5.487404467490982
15.0,0.09,0.75,1.0,64.55,10.498686132350585,1.1703000116145228,0.14524349771536316,1.1514994143671569,0.15731314647476138,4.967205653675458,0.8585180455150973,0,0.0,2,0.2,0.2,0.5370639637407948,1.1956638933132506,2.1893199633327862,3.2231464290630054,11.739112267199799,0.23271479242679757,0.22480236515870683,5.0,11.8,25.400000000000002,0.491471344955001,1.1532280076943913,2.15202248913306,2.997813835134195,11.314534759135103
16.0,0.04,0.75,1.0,64.55,10.530855346012745,0.338187202432999,0.5691073482775988,0.08430165339642907,0.3923669736232469,6.38315275793743,1.421927059312981,0,0.0,4,0.4,0.4,0.2946106885767412,0.6267728348296648,1.1307756405094007,1.7444158556242018,6.1634764416379495,0.11731422192845634,0.11329474440071434,3.0829544193696496,14.6,33.1,0.24857474584644784,0.5838050398319047,1.0926574397282334,1.5167695450848986,5.733260016162421
12.7,0.05,0.75,1.0,64.55,10.554510654849661,0.06394308805076254,0.6617615785261923,0.1477437256099477,0.5129181882962445,6.4337222973753585,1.421927059312981,0,0.0,5,0.5,0.5,0.24104844411379145,0.5021686996478483,0.8988707194528037,1.4185858630859405,4.940674948969963,0.09208831267578131,0.08904916493346374,2.4511428889024365,14.700000000000001,33.1,0.19577296806684666,0.4598850107752747,0.8612830377654268,1.194673666248797,4.517239288923526
14.0,0.04,0.75,1.0,64.55,10.578765753536242,0.035347713905011395,0.6711747743359541,0.17144281959405136,0.526453595487447,6.4337222973753585,1.421927059312981,0,0.0,5,0.5,0.5,0.23433967159640723,0.4882037544606827,0.8739353638381574,1.3791159460125189,4.80337964122738,0.0895254893417834,0.08657293261651837,2.3852640380690935,14.700000000000001,33.1,0.19032385380102496,0.44709374877613706,0.8373831244552542,1.1614306823597542,4.3916906490832295
16.0,0.07,1.0,1.0,64.55,10.604555884411784,0.9840688085903192,0.25080201769207927,0.8649992028781087,0.0008363917060398677,5.523470587492662,1.3121720566250814,0,0.0,2,0.2,0.2,0.47128057744831375,1.0377997046508813,1.8665772293902025,2.8157528037671797,10.13493522197627,0.20397557956371576,0.1948669978836234,4.570955162817183,12.900000000000002,31.6,0.4315882520618639,1.0016932161063627,1.836070245113799,2.620252981023616,9.773120292660419
14.0,0.09,1.0,1.0,64.55,10.609082024021165,0.9556070542503086,0.26250134571972317,0.8359377915432191,0.016373176605300733,5.57404012693059,1.3121720566250814,0,0.0,2,0.2,0.2,0.4639207830434903,1.021628315505052,1.8376885304553094,2.7718172518505586,9.977339101376309,0.20079033711606073,0.1918304764886804,4.505384149160787,13.000000000000002,31.6,0.4248477216075222,0.9860814174001828,1.8076441292049885,2.579363730835739,9.621123632881341
15.0,0.08,1.0,1.0,64.55,10.632094178258095,0.9921876173091743,0.24745939269601713,0.87330200273268,0.003602255015474499,5.523470587492662,1.3121720566250814,0,0.0,2,0.2,0.2,0.47338335274771476,1.0424198445147816,1.8748295499641887,2.8283054661294154,10.179958275880923,0.20488563790201453,0.19573452730625912,4.589659509394631,12.900000000000002,31.6,0.4335141002132401,1.0061534995084929,1.84419047962512,2.631935320184172,9.816543811202761
18.0,0.09,1.5,1.0,64.55,10.696011389537103,1.1703000116145228,0.20073124893736458,1.9246302894315424,0.5145474624317196,3.4501194705376297,0.587789038884945,0,0.0,1,0.1,0.1,0.7225353156821513,1.593542256332201,2.77541070262858,4.307506053715902,15.362689648558536,0.3269093860180753,0.30558400429422883,5.0,8.8,21.7,0.6912593656050855,1.5665600583911627,2.754810087813276,4.15465687005527,15.09133472075087
16.0,0.07,0.5,1.0,64.55,10.715504992179469,1.1703000116145228,0.23621512783768986,0.9449400431790926,0.0512132768411104,5.472901048054734,0.9097370467694502,0,0.0,2,0.2,0.2,0.4793541101123867,1.0795343954224983,2.016199041172836,2.8903699501815954,10.66289682373179,0.20794698549691845,0.2032197261495159,5.0,12.8,26.1,0.43832993203225085,1.0404110115422582,1.9802611744187806,2.6868401034518943,10.271715498647717
18.0,0.06,0.75,1.0,64.55,10.715954049998784,1.1703000116145228,0.1794170214694734,1.0656356620835459,0.11121154572909336,5.220053350865096,0.97559004838219,0,0.0,2,0.2,0.2,0.515591046927381,1.1479473373636648,2.1024611937913606,3.09437003370716,11.271484409951725,0.22341075734116364,0.2158307733163569,5.0,12.3,27.000000000000004,0.47181986356696176,1.1071973659904868,2.066618234495884,2.878029910872309,10.863750956497878
15.0,0.08,0.5,1.0,64.55,10.723737103669984,1.1703000116145228,0.23280641068968233,0.9536104015579487,0.055893781039829865,5.472901048054734,0.9024200465902571,0,0.0,2,0.2,0.2,0.48149348578623935,1.084346760713058,2.0251526878084976,2.9032639771455613,10.710373139388649,0.2088750379907222,0.2041256604283378,5.0,12.8,26.000000000000004,0.44028630550662723,1.0450494604001448,1.989056932944595,2.6988268368148507,10.317454661043877
16.0,0.09,1.25,1.0,64.55,10.76005551493967,1.1703000116145228,0.04254924592428945,1.3599156136508308,0.22909778546696213,4.71435795648582,1.1219300519660558,0,0.0,1,0.1,0.1,0.5756780872912071,1.2851093588300657,2.2859169552649194,3.4491345776811695,12.467253944978822,0.26067418369800516,0.24657901739643914,5.0,11.3,29.0,0.5505439000402733,1.262827686679381,2.2679854087333737,3.3258140171232062,12.243635212102474
12.7,0.04,1.0,1.0,64.55,10.760842413230755,0.24474038869006048,0.7333508285684136,0.3353859314034477,0.6135376394216076,5.725748745244372,1.348757057521048,0,0.0,6,0.6000000000000001,0.6000000000000001,0.19808412383589138,0.4001931414440218,0.69836753073344,1.154402811722319,3.920049687239715,0.07259752504323772,0.06944311187842112,1.7399889583654593,13.3,32.1,0.1554268993146267,0.3612271564168033,0.6649866043128662,0.944132580699313,3.529203498142162
18.0,0.08,1.5,1.0,64.55,10.765587346996307,1.1703000116145228,0.06746525294689124,1.6013816898643929,0.34788260529626847,4.158093022668616,1.0341260498157363,0,0.0,1,0.1,0.1,0.6423394452571787,1.4174658141633805,2.47282284202201,3.8302393013603213,13.672138154462514,0.2906265750519342,0.2718089313234052,5.0,10.200000000000001,27.8,0.6145277643217197,1.3934304528717507,2.4543712107858617,3.694277555761276,13.43036168001493
14.0,0.09,0.5,1.0,64.55,10.80612129475794,1.1703000116145228,0.248145710407427,0.9145929214006349,0.034830646918943865,5.57404012693059,0.9536390478446101,0,0.0,2,0.2,0.2,0.4718662534054593,1.0626906288163158,1.9848579917073215,2.845240197839616,10.49672094257628,0.20469878201577946,0.20004886553667986,5.0,13.000000000000002,26.700000000000003,0.4314825929201725,1.024176004213937,1.9494729099112165,2.6448859710854014,10.111620293387892
15.0,0.05,0.75,1.0,64.55,10.816519889996783,0.4637813631857243,0.5260899232139051,0.19516965345364906,0.34418674016435624,6.433722297375358,1.421927059312981,0,0.0,3,0.30000000000000004,0.30000000000000004,0.3110597903915676,0.6767491080284869,1.2313420977509912,1.8540443514044382,6.652188741637859,0.129026085035289,0.124878939342552,3.3723018830396465,14.7,33.1,0.2730870500115713,0.6413161389143717,1.199936623388886,1.666279823119862,6.297442603888485
12.7,0.07,0.75,1.0,64.55,10.82483003343663,0.4687703916451988,0.52439282285074,0.19944519346651451,0.34184322877832035,6.433722297375358,1.421927059312981,0,0.0,3,0.30000000000000004,0.30000000000000004,0.3121737596990707,0.6791700113354604,1.2357316620249366,1.8606812971403515,6.675959959776991,0.12948813517200727,0.12532567500085826,3.3837957512439854,14.7,33.1,0.2740650953967885,0.6436106237510083,1.2042153439817467,1.6722450852701323,6.319949204727233
18.0,0.07,1.25,1.0,64.55,10.863719503470225,1.1703000116145228,0.05749718860453165,1.3231856515973932,0.21003326834777825,4.815497035361676,1.1877830535787952,0,0.0,1,0.1,0.1,0.5666901890439329,1.265112619364552,2.2507108674168324,3.3953544364736894,12.273874558022266,0.2566044780347637,0.2427412369691407,5.0,11.500000000000002,29.9,0.5419478257327699,1.2431747077960096,2.2330466859917766,3.273952671264197,12.053699373894522
14.0,0.06,0.75,1.0,64.55,10.870867677236562,0.5267928090678189,0.5046132606454768,0.24927392209737043,0.3145324187067521,6.38315275793743,1.421927059312981,0,0.0,3,0.30000000000000004,0.30000000000000004,0.325157002424252,0.7073840825081434,1.2868812300357286,1.9380330291877752,6.952984952117992,0.1348732907111434,0.13053209800718876,3.5174694763329333,14.6,33.1,0.2854641871342796,0.6703515445860827,1.2540738831512968,1.741768775960798,6.582238197347279
16.0,0.08,1.0,1.0,64.55,10.984952350653007,1.1703000116145228,0.14384686890340442,1.1305873222892477,0.14110460122808108,5.220053350865096,1.1585150528620225,0,0.0,2,0.2,0.2,0.5385642948593901,1.1855875486303975,2.1303008901730855,3.217360326739604,11.574702199865515,0.23309503660534847,0.2226173365557995,5.0,12.3,29.500000000000004,0.49321149298477956,1.144371494650986,2.0955848455269948,2.994020896243817,11.161770479616232
16.0,0.05,0.75,1.0,64.55,11.075843296751604,0.6544517136923558,0.46081966433660704,0.35958359684870983,0.2540811641746978,6.38315275793743,1.414610059133788,0,0.0,3,0.30000000000000004,0.30000000000000004,0.353903139287994,0.7698435140723089,1.400062292635453,2.109287594673865,7.566167361569117,0.1467964730998137,0.14205795556419992,3.811573756712053,14.6,33.00000000000001,0.3107030845052215,0.7295509125897297,1.3644020311560723,1.8956938601099609,7.162813581329838
15.0,0.09,1.0,1.0,64.55,11.087942252855546,1.1703000116145228,0.15345537348842547,1.1067344522499547,0.1283601602982917,5.321192429740952,1.2024170539371821,0,0.0,2,0.2,0.2,0.5325197031658955,1.17231451275996,2.1066365172703714,3.181284955316409,11.445429994401325,0.23047903878133835,0.22012503673696196,5.0,12.500000000000002,30.1,0.4876753591012959,1.1315570285727785,2.072297140595171,2.9604458338369675,11.037085038165205
12.7,0.08,0.75,1.0,64.55,11.096789153316218,0.6670588559126088,0.45647413486200744,0.37052820346690063,0.24808402474770866,6.38315275793743,1.414610059133788,0,0.0,3,0.30000000000000004,0.30000000000000004,0.35675555866531944,0.7760405416043517,1.4112878370952329,2.1262801122008,7.626998860139682,0.14797958078833434,0.143201517787397,3.840618455953598,14.6,33.00000000000001,0.31320750446601625,0.7354245733570153,1.3753449030142952,1.9109670006841974,7.220411045319148
18.0,0.04,0.75,1.0,64.55,11.10830830368079,0.673993037696978,0.45408242033496626,0.37655186311299477,0.2447833879380959,6.38315275793743,1.414610059133788,0,0.0,3,0.30000000000000004,0.30000000000000004,0.3583254886034344,0.7794512416976034,1.4174658141727627,2.135632490296224,7.660478602575271,0.14863074559166356,0.14383090812155674,3.856593624702758,14.6,33.00000000000001,0.31458590189479313,0.7386573065473748,1.3813673332490108,1.9193730735772467,7.252110937301902
15.0,0.06,0.75,1.0,64.55,11.166927227523994,0.7397529472757418,0.43134467925460807,0.4338149335507405,0.21340814825194587,6.3325832184995035,1.414610059133788,0,0.0,3,0.30000000000000004,0.30000000000000004,0.3732506551638724,0.8118745360108368,1.4761850958694414,2.2245426537449764,7.978730807873321,0.1548212907137266,0.14981411852110096,4.008093208232327,14.5,33.00000000000001,0.3276902336045453,0.7693890219977672,1.4386089816867418,1.9992873311098165,7.553446356299855
18.0,0.06,1.0,1.0,64.55,11.178602256382973,1.137340167752491,0.1872951943501348,1.022717409833176,0.08346488674470395,5.523470587492662,1.3048550564458883,0,0.0,2,0.2,0.2,0.5112315525030934,1.125562834023657,2.0232503656988645,3.054226606895029,10.990038419426499,0.22126585717167066,0.2113464009061515,4.9240661574767435,12.900000000000002,31.500000000000004,0.4681780223657074,1.0864210871940116,1.9902398532777903,2.8421943448926736,10.597855895161137
14.0,0.07,0.75,1.0,64.55,11.211243785414453,0.7664595027153784,0.42208135743785197,0.45714219720125604,0.20062774583640883,6.3325832184995035,1.414610059133788,0,0.0,3,0.30000000000000004,0.30000000000000004,0.3793311625229505,0.825082793942762,1.500099983432791,2.2607636060174254,8.108367785758677,0.1573433095670575,0.15225149963601012,4.069620543846561,14.5,33.00000000000001,0.3330289571306561,0.7819083049099408,1.4619224704388243,2.031843625824263,7.6761935542016735
12.7,0.04,0.75,1.0,64.55,11.287610193826668,0.14275018637906017,0.7299952441120644,0.3195742699413699,0.6035542856220119,6.4337222973753585,1.421927059312981,0,0.0,6,0.6000000000000001,0.6000000000000001,0.20004426309968343,0.40854351854127935,0.7255984245311248,1.1705838820137868,4.021315028788469,0.07351111170580496,0.07109521499777492,1.974956939209564,14.700000000000001,33.1,0.15662324925800208,0.3679733053830164,0.6894792080675245,0.9558241260553773,3.6149892985178784
15.0,0.08,0.75,1.0,64.55,11.292736948223803,1.1703000116145228,0.2401733948011056,0.9129487017499366,0.029214102175922414,5.826887824120228,1.2170510542955686,0,0.0,2,0.2,0.2,0.47741498968974005,1.0630953293126753,1.94790004400175,2.865403519254599,10.439749975389987,0.20686931335017367,0.19987706699290655,5.0,13.500000000000002,30.3,0.43688238033267457,1.0253448995347063,1.9146504630747494,2.6650542875783225,10.061989858076132
16.0,0.07,0.75,1.0,64.55,11.342851512439626,1.1703000116145228,0.2435488780714971,0.9044645803230046,0.024657222185484422,5.877457363558156,1.2316850546539553,0,0.0,2,0.2,0.2,0.47529402319610603,1.0583804813134787,1.9393078439387201,2.852682004867933,10.393527631887839,0.20595030906473133,0.1989905919372631,5.0,13.600000000000001,30.500000000000004,0.43494135212991586,1.0207967813828014,1.9062026244163766,2.653221316563021,10.017433765173118
12.7,0.09,0.75,1.0,64.55,11.45126532637659,0.8626954300352154,0.3871840730267661,0.5433282269523672,0.1693755813764287,6.383152757937431,1.4146100591337876,0,0.0,2,0.2,0.2,0.38504229093749737,0.8576868779338479,1.5731857122860626,2.3112850235754405,8.425371587457649,0.1668443947021553,0.16125676508126582,4.291331659371657,14.600000000000001,33.0,0.352347477503433,0.8272059796929899,1.5462507847413103,2.14964641107139,8.120278747275382
14.0,0.09,0.75,1.0,64.55,11.500280618023044,1.1703000116145228,0.25536317661948826,0.8747689012633597,0.008706925850271045,6.029165981871938,1.2902210560875016,0,0.0,2,0.2,0.2,0.4678705787709915,1.0418778105589228,1.9092306055771833,2.8081557490109152,10.231737091493024,0.2027337649063478,0.19588779820977067,5.0,13.900000000000002,31.3,0.4281477062412633,1.0048777386086294,1.8766308874424376,2.6118050956091987,9.861475985720856
16.0,0.06,0.75,1.0,64.55,11.570204597612237,0.9640231375207007,0.3515715240229958,0.6328885899345712,0.12124455599484799,6.332583218499504,1.4146100591337876,0,0.0,2,0.2,0.2,0.407418958473899,0.907458211713052,1.6640528131433807,2.4455294662687863,8.913584749306615,0.17654021676030887,0.17061460235903883,4.524773365456582,14.500000000000002,33.0,0.3728252862345784,0.8752147985019632,1.635583044357212,2.274511092931113,8.590870229821448
15.0,0.04,0.5,1.0,64.55,11.5795369806985,0.35780790131901724,0.6172004295314109,0.025446460740037927,0.45199408891919846,7.192265388944274,1.495097061104914,0,0.0,4,0.4,0.4,0.26133009286510017,0.5621961558126509,1.0333752997147052,1.5541462492433984,5.558653621850076,0.10422046786957347,0.101827562274224,3.1281571535101294,16.200000000000003,34.1,0.2201688389144498,0.5228761906000386,0.9970501396469708,1.3498686423410935,5.165305667880087
12.7,0.05,0.5,1.0,64.55,11.629143668352564,0.22057913124709128,0.6577481261731113,0.12798933980627883,0.5002298469663742,7.192265388944272,1.4877800609257206,0,0.0,5,0.5,0.5,0.24335686310173696,0.5125761843373932,0.9343364082121249,1.4382510884603217,5.069378112681192,0.09318100951840921,0.091113229009553,2.8120055400522297,16.2,34.0,0.19728590404924387,0.4685588798370949,0.8936479852964715,1.2095997211537253,4.629014937746501
14.0,0.08,0.75,1.0,64.55,11.634118299797679,1.0022630256488279,0.3380679315840141,0.6668445113740942,0.10299817031878081,6.332583218499504,1.4146100591337876,0,0.0,2,0.2,0.2,0.4159037803573712,0.9263284960984489,1.6984920396982863,2.4964303312780816,9.098665486162005,0.1802166856763736,0.17416253335068788,4.612871526824788,14.500000000000002,33.0,0.38059013000245706,0.8934170237165127,1.6694411513690202,2.3218557214535913,8.769272248523269
14.0,0.04,0.5,1.0,64.55,11.646247509921142,0.18751689114288192,0.667273916977071,0.1522463748290339,0.5141254407838464,7.192265388944272,1.4877800609257206,0,0.0,5,0.5,0.5,0.2365833328071684,0.49831710446650657,0.9083893908360711,1.3982272755596121,4.928429281036453,0.09058753123106138,0.08857869945846926,2.735835794101729,16.2,34.0,0.19179440630923456,0.4555227563207105,0.8688255657996862,1.1759367151126714,4.500295468051241
15.0,0.07,0.75,1.0,64.55,11.648073020996174,1.0106146963240699,0.3351140497493572,0.6742720292748029,0.0990071036519122,6.332583218499504,1.4146100591337876,0,0.0,2,0.2,0.2,0.41775981843152143,0.9304561802926544,1.706024387138063,2.5075646365489166,9.13914854799446,0.18102090535316825,0.1749386077387114,4.632112347519041,14.500000000000002,33.0,0.3822886767970249,0.8973985899086846,1.6768464433248143,2.3322121360755648,8.808294580954723
18.0,0.05,0.5,1.0,64.55,11.658728637873033,1.1703000116145228,0.30950477494516987,0.7585006917847708,0.04944414730765622,6.282013679061577,1.180466053399602,0,0.0,2,0.2,0.2,0.43335624774493176,0.9760535482632987,1.8235946523838968,2.6131281595482623,9.64188638571091,0.18799325017222257,0.18373935498500557,5.0,14.400000000000002,29.8,0.396266920935601,0.940670957924065,1.7910568079018454,2.429107962762054,9.288073506856646
12.7,0.06,0.5,1.0,64.55,11.670797364461244,0.4566337206363228,0.5883940605874164,0.04784139093523148,0.41080863278086494,7.192265388944274,1.495097061104914,0,0.0,4,0.4,0.4,0.28099605090180596,0.604475300664991,1.1109254948943967,1.6710720430908754,5.976414964021327,0.11206324900250841,0.10948514390496179,3.355834937200015,16.200000000000003,34.1,0.2367381344278917,0.5622028728767277,1.071890114895223,1.4514318949687464,5.553547599083236
14.0,0.05,0.5,1.0,64.55,11.701034554175717,0.47447151667672144,0.5831805924902344,0.06110452518593057,0.403355549006861,7.192265388944274,1.495097061104914,0,0.0,4,0.4,0.4,0.28455526425112787,0.6121267088151565,1.1249575974632493,1.6922332474543138,6.0520147162805875,0.11348266042882292,0.1108709606656192,3.3969301681472075,16.200000000000003,34.1,0.2397369158888193,0.5693200311349016,1.0854320600625569,1.469812883177881,5.623806038412008
18.0,0.05,0.75,1.0,64.55,11.730239694306949,1.0641904903724357,0.31612505804761726,0.7220174453751822,0.07335307597498525,6.332583218499504,1.4072930589545942,0,0.0,2,0.2,0.2,0.42969134851561186,0.9569896601799566,1.7544360535152854,2.5791400938974176,9.399368102159753,0.18619082128882153,0.17992735297990356,4.755541812942372,14.500000000000002,32.9,0.3932077966529068,0.9229929106774934,1.7244418761891185,2.398787177067991,9.059125789768828
12.7,0.04,0.5,1.0,64.55,11.76016389663218,0.01808628236812987,0.7265939024818675,0.3033314392232703,0.5931652288326075,7.141695849506344,1.4877800609257206,0,0.0,6,0.6000000000000001,0.6000000000000001,0.20203066101362768,0.4171337353270924,0.7543312392658015,1.18711059338386,4.126695585790369,0.07443715615159537,0.07279236942780544,2.2621612504655704,16.099999999999998,34.0,0.15783202369292645,0.374892305649933,0.7152437260920527,0.9677383018976817,3.704059459278334
16.0,0.04,0.5,1.0,64.55,11.801994920867624,0.5383684420630741,0.5644701546598093,0.10870228349826122,0.3766094261522357,7.192265388944274,1.4877800609257206,0,0.0,4,0.4,0.4,0.29732881836695607,0.6395855627511521,1.1753089147582174,1.7681769701874632,6.323311849523351,0.1185767376827353,0.1158442776804471,3.544137754758283,16.200000000000003,34.0,0.25049918521332354,0.5948617764987163,1.1340251428292056,1.5357791497171158,5.87593695268708
15.0,0.07,0.5,1.0,64.55,11.95935158332448,1.1703000116145228,0.3286800948071566,0.7097145485772767,0.07578732771559568,6.484291836813286,1.2609530553707284,0,0.0,2,0.2,0.2,0.4213215178535851,0.9489753407467965,1.773172092102766,2.54058759454645,9.374676466575472,0.18277260479605706,0.17864186794560427,5.0,14.8,30.900000000000002,0.3852617538307459,0.9145719481416446,1.7415255025923004,2.3616725618038705,9.03064641905648
14.0,0.08,0.5,1.0,64.55,12.027333208974982,1.1703000116145228,0.331662948542958,0.702125279572022,0.0798854686608286,6.534861376251214,1.275587055729115,0,0.0,2,0.2,0.2,0.41944943364576337,0.9447629987769657,1.765327393527971,2.5293032689662693,9.333107305463427,0.18196049727056746,0.17784889277172594,5.0,14.900000000000002,31.1,0.38354982740856536,0.9105119445291228,1.7338195076644862,2.351182406227796,8.990599263109669
15.0,0.05,0.5,1.0,64.55,12.084065799631158,0.6843283587417897,0.5211646968707917,0.22073123592854466,0.32731019223199564,7.192265388944272,1.495097061104914,0,0.0,3,0.30000000000000004,0.30000000000000004,0.3138167794210943,0.6903563759233041,1.279536822809544,1.8788123599632591,6.823374640168634,0.13036702017065108,0.12754977632218747,3.880404436547898,16.2,34.1,0.27520302087261145,0.6534853399665038,1.2455228304604453,1.687193487657772,6.454573185038296
12.7,0.07,0.5,1.0,64.55,12.09398500206025,0.6901318411205479,0.5194497757730352,0.22510014265768125,0.3249045521186878,7.192265388944272,1.495097061104914,0,0.0,3,0.30000000000000004,0.30000000000000004,0.3149407264344675,0.6928270521646868,1.2841049933501163,1.8855394803048777,6.847776056026236,0.13083392215528183,0.1280062675298119,3.893774667271071,16.2,34.1,0.27618871495339586,0.655824294629944,1.2499703834926488,1.6932348318593107,6.477657910615235
14.0,0.06,0.5,1.0,64.55,12.209365569514508,0.7576568797556198,0.4994624179682832,0.27601801356462524,0.2968687518352889,7.192265388944272,1.495097061104914,0,0.0,3,0.30000000000000004,0.30000000000000004,0.3280403136241955,0.7216217711451401,1.3373393368104376,1.9639429671301853,7.132154927924576,0.1362756518294763,0.13332649105963962,4.049340806223535,16.2,34.1,0.2876769891162832,0.6830839756541318,1.3017995615205717,1.763645877536795,6.746692970021883
16.0,0.06,0.5,1.0,64.55,12.308164903105284,1.1703000116145228,0.34529894117084986,0.6674304038351706,0.09862090021850242,6.7371395340029245,1.3414400573418546,0,0.0,2,0.2,0.2,0.41089128259109425,0.9255059736443654,1.7294618358635703,2.477716965614702,9.143065971274913,0.1782479812669437,0.1742237511275086,5.0,15.3,32.0,0.37572383848652535,0.8919513874719447,1.698588243299186,2.303226708761491,8.807516460429811
16.0,0.05,0.5,1.0,64.55,12.405463938725152,0.9064203107796676,0.4552081128775295,0.3887454370896141,0.2348065126721358,7.141695849506346,1.487780060925721,0,0.0,3,0.30000000000000004,0.30000000000000004,0.35704440820260913,0.7853703985796741,1.4551567802415062,2.1375312988309476,7.761678229642247,0.14832426613736424,0.1451049704110359,4.3920663055276155,16.1,34.00000000000001,0.31311358971280084,0.7434349889089956,1.416509921529183,1.9195397355182082,7.342257564610715
12.7,0.08,0.5,1.0,64.55,12.430555994491778,0.9211263190024377,0.4508168209274207,0.39993042393873646,0.22864908414594545,7.141695849506346,1.487780060925721,0,0.0,3,0.30000000000000004,0.30000000000000004,0.35992245123569194,0.7916956197135755,1.4668439204353172,2.154755772821116,7.824135607722142,0.14951983305253083,0.1462736490921274,4.425946433030886,16.1,34.00000000000001,0.3156376457502696,0.7494231549520438,1.427889059092059,1.935008540338221,7.401346338884678
18.0,0.04,0.5,1.0,64.55,12.444357839577998,0.929216039418225,0.4483999157590832,0.4060864217055043,0.22526019311652973,7.141695849506346,1.487780060925721,0,0.0,3,0.30000000000000004,0.30000000000000004,0.361506486142942,0.7951768964364401,1.4732760713487134,2.1642358457612954,7.8585105496959695,0.15017785622411428,0.14691686695620856,4.4445837651335784,16.1,34.00000000000001,0.31702685200577135,0.7527189278788348,1.434151713474953,1.9435223276108624,7.433867331254735
15.0,0.06,0.5,1.0,64.55,12.575271650849542,1.0059738858274336,0.4254225605743963,0.46460890639624036,0.19304474400972765,7.141695849506346,1.487780060925721,0,0.0,3,0.30000000000000004,0.30000000000000004,0.3765658211119351,0.8282718911967986,1.534415950185635,2.254361033649315,8.185285351274064,0.15643363834221344,0.15303166898013168,4.62142071393889,16.1,34.00000000000001,0.3302339923987173,0.7840505835684054,1.4936810428930576,2.024461453112731,7.743019680749974
14.0,0.07,0.5,1.0,64.55,12.628451333935201,1.0371672901392743,0.416061553028832,0.48844992360580614,0.17992142587910612,7.141695849506346,1.487780060925721,0,0.0,3,0.30000000000000004,0.30000000000000004,0.3827010269607914,0.8417541811611151,1.5593191613477837,2.291077527152918,8.318400666971296,0.15898225297345522,0.15552273033980965,4.693284981885503,16.1,34.00000000000001,0.3356146262150625,0.796814607561921,1.517928550910827,2.0574357134644803,7.868957099837517
12.7,0.09,0.5,1.0,64.55,12.85861452174592,1.149668505088307,0.38126031752801987,0.5759250531905452,0.14803819305809426,7.141695849506346,1.495097061104914,0,0.0,2,0.2,0.2,0.3883214257660841,0.8747168279342636,1.634845522640671,2.3416677965430286,8.64180565953291,0.16845718796853373,0.1646626891480243,4.952468537953728,16.1,34.1,0.35508492694301336,0.8429994636925178,1.6056464090974154,2.1767530289145127,8.324613349650967
