policy,class,width,dcpa_m,ct_deg,crossing_side,dcpa_below_floor,crossing_escapable,outcome,collided,collided_target,steps,return,colregs_integral,frames_v_port,frames_v_bow,frames_v_side,frames_v_hold,frames_v_r8,integral_v_port,integral_v_bow,integral_v_side,integral_v_hold,integral_v_r8,mean_speed,max_speed,min_target_range,estops,estop_reasons,estop_then_target_collision,first_engaged_cls,engaged_frames,p_port_sense,ever_port_sense_non_overtaking,r_path_max,set,scenario
model,head_on,9.556232149411287,0.7589141160070894,188.5960326544994,,,,goal,False,False,66,73.59881244598344,-31.494447686350266,11,0,8,0,9,4.469421766337884,0.0,0.864852707818157,0.0,1.3905200432960818,0.6071627240947723,0.8432726537758031,1.5789184325777263,0,,False,head_on,29,0.0,False,0.0,development,0
model,head_on,5.7479461611789,1.2248627607666025,177.49061558127943,,,,goal,False,False,63,98.85665186297877,-6.7047341675741485,10,0,0,0,1,1.3469429794908834,0.0,0.0,0.0,0.008303648687616941,0.6180103311602461,0.8681150425703891,2.7272668646240423,0,,False,head_on,28,0.0,False,0.0,development,1
model,head_on,7.111260720178818,0.8488119099963607,179.77841623459886,,,,collision:target,True,True,35,-330.3472657427322,-11.522513173670971,3,0,16,0,4,0.08220986081556607,0.0,2.664573006254623,0.0,0.3384692311371718,0.47734607655483013,0.6784908143935734,1.0722058551234779,1,"8(e) in extremis: head_on, compliant alteration inadmissible (DCPA 0.70 m, TCPA 3.2 s)",True,head_on,29,0.0,False,0.0,development,2
model,head_on,9.924433511599638,0.5577780141895179,181.73638987831518,,,,goal,False,False,63,96.55094494566663,-15.657937255293877,3,0,7,0,4,1.2243790924257385,0.0,1.2727702221874424,0.0,1.1145084328692614,0.6357877475640646,0.8764556764970487,1.1665052930287712,0,,False,head_on,22,0.0,False,0.0,development,3
model,head_on,7.777153961253272,0.23241010159911024,174.96382864421315,,,,goal,False,False,63,105.86265207664431,-9.620548107201023,11,0,0,0,3,1.8223172747677894,0.0,0.0,0.0,0.13335057713343706,0.6221183657575033,0.8788271063404411,2.136050826415449,0,,False,head_on,29,0.0,False,0.0,development,4
model,head_on,9.472351939506785,1.2005729403251244,185.37459793469242,,,,goal,False,False,66,72.80012713709016,-24.11218189911841,8,0,11,0,2,3.0472695418828724,0.0,2.3462305366298817,0.0,0.12928171887347098,0.6144227764080933,0.8964131685616518,1.2042643096990324,0,,False,head_on,28,0.0,False,0.0,development,5
model,head_on,6.791254452278463,0.4570427385228544,170.45725794523702,,,,collision:target,True,True,25,-297.00222489660234,-7.740939017978188,0,0,10,0,3,0.0,0.0,1.3740295209152085,0.0,0.6209850539296526,0.514192314745678,0.6096548550637264,1.7611343375537147,0,,False,head_on,11,0.0,False,0.0,development,6
model,head_on,7.618572716555467,1.9112000156973665,175.31745985542278,,,,goal,False,False,61,125.9636685889096,-0.9802759840504955,2,0,0,0,0,0.1980355523334334,0.0,0.0,0.0,0.0,0.6365760022512815,0.8340112671699758,3.23272740337826,0,,False,crossing,13,1.0,True,0.0,development,7
model,head_on,8.61263148724731,1.840716953859967,178.36331706632063,,,,goal,False,False,65,100.28304100446185,-34.657094502191256,4,0,26,0,0,0.3697350405092069,0.0,9.118585014352966,0.0,0.0,0.5908443853082114,0.7491095277238526,1.5420823691636973,0,,False,head_on,26,0.0,False,0.0,development,8
model,head_on,7.715636756725871,0.7429086685850401,175.34012998128836,,,,goal,False,False,59,95.02023131491394,-15.683711494085946,11,0,0,0,0,3.168426564461807,0.0,0.0,0.0,0.0,0.6690081026707199,0.8891161532606442,3.0806145286382627,0,,False,head_on,21,0.0,False,0.0,development,9
model,head_on,7.643066319700785,1.7056406923796066,175.83686086831378,,,,goal,False,False,67,63.97863298582366,-40.30543153987949,12,0,32,0,4,1.250165718458191,0.0,9.295049468431001,0.0,0.14554069936885386,0.5831360547888376,0.8727281928915599,1.1909749044397233,0,,False,head_on,33,0.0,False,0.0,development,10
model,head_on,7.958885684444756,0.5220743990799206,173.00682712496027,,,,goal,False,False,64,94.73243665511026,-23.046809429393456,10,0,2,0,4,3.860726003590571,0.0,0.053318779099632535,0.0,0.8320595793025448,0.6206360126286302,0.8508017769928307,1.586637592534926,0,,False,head_on,26,0.0,False,0.0,development,11
model,head_on,8.919597231476935,0.015575077797397752,189.9520951299898,,,,goal,False,False,63,81.3144193482004,-20.58301734190249,14,0,4,0,7,3.072641894125806,0.0,0.439775612534006,0.0,0.8422772801905183,0.6157395346741199,0.847850007478861,1.8331106870927758,0,,False,head_on,32,0.0,False,0.0,development,12
model,head_on,6.8745535936065325,1.611600490742285,187.4718115037299,,,,goal,False,False,60,111.5233032459581,-4.358710460407108,8,0,0,0,2,0.5763106195866841,0.0,0.0,0.0,0.33466064298956044,0.6546899007291149,0.9068965803297293,3.354057780946909,0,,False,head_on,21,0.0,False,0.0,development,13
model,head_on,7.392424952880393,1.4530951074163598,170.337965767494,,,,collision:target,True,True,30,-327.30207260842934,-24.351993191144494,4,0,22,0,6,0.32235897375298267,0.0,5.792913994620769,0.0,0.4226279756516582,0.4481572136576728,0.6066722663503383,1.7058079226416307,0,,False,head_on,25,0.0,False,0.0,development,14
model,head_on,8.211625632198505,1.4671958493469026,183.96019323639712,,,,goal,False,False,59,110.68277632004947,-7.645631952658712,9,0,0,0,4,1.21023065530522,0.0,0.0,0.0,0.3677756019773052,0.6649524053802817,0.9089767073397096,3.0968473857883154,0,,False,head_on,19,0.0,False,0.0,development,15
model,head_on,6.670301727029801,0.3400603298527174,181.04111298916908,,,,goal,False,False,61,39.42111921709464,-13.622670821408056,9,0,5,0,2,2.251264988688598,0.0,0.5461192015669281,0.0,0.11397333372412308,0.6404393465230932,0.8536151886298892,1.4338392305007421,0,,False,head_on,26,0.0,False,0.0,development,16
model,head_on,5.356479981505558,1.47502256148603,173.8525041139263,,,,goal,False,False,55,63.01875641096606,-18.41191999339536,6,0,12,0,2,0.8345547746117624,0.0,3.83017406244638,0.0,0.10938827428003768,0.710649544522231,0.8856405107408236,2.9034305364213093,0,,False,head_on,12,0.0,False,0.0,development,17
model,head_on,5.304665427323811,1.4300146119796155,188.9556404236401,,,,goal,False,False,69,79.13638080195281,-12.475615337772457,18,0,0,0,2,2.2860986555157323,0.0,0.0,0.0,0.2576504428821286,0.5513168271918909,0.7153953954520877,2.4550945742137595,1,"8(e) in extremis: head_on, compliant alteration inadmissible (DCPA 2.14 m, TCPA 1.9 s)",False,head_on,28,0.0,False,0.0,development,18
model,head_on,9.457641443617554,0.5956007947889601,171.4137351270706,,,,goal,False,False,64,93.4330428371095,-21.114191341908604,7,0,10,0,5,2.5912373898969445,0.0,1.4287379249627328,0.0,0.6986910515673088,0.6158813221857748,0.8973355635599256,1.8959132666127845,0,,False,head_on,28,0.0,False,0.0,development,19
model,crossing,4.667290875464451,1.7227470900651785,236.13301209616918,starboard,,True,goal,False,False,65,81.53295810953189,-2.9481603841081023,0,0,0,0,2,0.0,0.0,0.0,0.0,0.6551467520240228,0.5960316368573747,0.7739542972948618,2.706077179862582,1,"8(e) in extremis: crossing, compliant alteration inadmissible (DCPA 0.51 m, TCPA 4.8 s)",False,crossing,7,0.0,False,0.0,development,20
model,crossing,3.7739332766476075,1.173528774453069,270.329950237396,starboard,,True,collision:target,True,True,20,-333.7703337043032,0.0,0,0,0,0,0,0.0,0.0,0.0,0.0,0.0,0.6486527761753039,0.7632487530140513,1.150718602313606,0,,False,never,0,0.0,False,0.0,development,21
model,crossing,6.835819471068554,1.5587616535741629,95.48905312983425,port,,True,goal,False,False,73,75.39231980912264,-18.286149909581923,23,0,0,0,6,3.4594957329168405,0.0,0.0,0.0,0.2581435625874566,0.5455421025970972,0.8397328513082266,2.6910801466740617,0,,False,crossing,23,1.0,True,0.0,development,22
model,crossing,8.158253975323385,0.44228992836946146,258.61746858688855,starboard,,True,collision:target,True,True,18,-348.6646199558556,-50.2289644383719,12,7,0,0,11,4.222920765945778,3.133232313251319,0.0,0.0,3.070223710299169,0.48795151732443315,0.591897453584434,1.1774739351820136,0,,False,crossing,16,0.0,False,0.0,development,23
model,crossing,9.79861013596842,0.44328075371819986,82.03474253870037,port,,True,goal,False,False,57,33.39182250451046,-83.43926991198906,10,15,0,0,21,6.947731211045192,5.0538038400998175,0.0,0.0,5.743475221984266,0.7015023397966389,0.9339265743149894,1.9713518142188913,0,,False,crossing,21,1.0,True,0.0,development,24
model,crossing,6.794447015498243,0.5473514842917628,131.07964188304754,port,,True,collision:target,True,True,22,-371.8007713234119,-36.33406283522326,13,7,0,0,14,1.8660484494132712,1.6008484928411586,0.0,0.0,4.260649549125295,0.34928103757044265,0.7345144380878,1.291752235665311,1,"8(e) in extremis: crossing, compliant alteration inadmissible (DCPA 0.45 m, TCPA 3.7 s)",True,crossing,16,1.0,True,0.0,development,25
model,crossing,4.54979421904873,1.3867036468224696,202.19120555738766,starboard,,True,goal,False,False,60,-303.70177436725135,-9.156640850193916,3,1,0,0,6,0.4886862587567622,0.08086321605347654,0.0,0.0,1.4083046555296082,0.6451948461584467,0.9370479449845982,0.9919914038210987,0,,False,crossing,13,0.0,False,0.0,development,26
model,crossing,9.679268550899316,0.5087939358206104,67.81442945798263,port,,True,goal,False,False,56,36.36070213793222,-69.88309413698599,10,16,0,0,20,5.821313349439695,4.768221757224062,0.0,0.0,4.4225310725931,0.7148603044903553,0.9583796445674797,2.0029012930827177,0,,False,crossing,22,1.0,True,0.0,development,27
model,crossing,6.058594996054423,0.9795735001537526,250.52553445208008,starboard,,True,collision:target,True,True,24,-292.9156792634373,0.0,0,0,0,0,0,0.0,0.0,0.0,0.0,0.0,0.5697750557991857,0.6527736126533892,1.426021876859151,0,,False,never,0,0.0,False,0.0,development,28
model,crossing,5.474427570062953,0.4460543842171416,107.4313409364459,port,,True,collision:target,True,True,19,-307.48927164053146,0.0,0,0,0,0,0,0.0,0.0,0.0,0.0,0.0,0.4520553507955987,0.5995397348813414,1.4652421888054397,0,,False,never,0,0.0,False,0.0,development,29
model,crossing,3.9950540465771436,1.7781064429160531,255.25704639569454,starboard,,True,goal,False,False,72,-3.9103292915136194,-11.099000095457415,2,3,0,0,4,0.35753535309215645,1.4017040922022084,0.0,0.0,0.5312810758334017,0.5376831217183329,0.7887586078122767,1.7311191063522013,0,,False,crossing,9,0.0,False,0.0,development,30
model,crossing,7.735291501066443,0.8388778432043928,94.48823574345055,port,,True,collision:target,True,True,26,-372.08295040502094,-72.0973515624337,14,4,0,0,10,7.569637041198677,3.064153316118584,0.0,0.0,5.140174605856484,0.5507903410742407,0.9017131202939856,1.071971240815358,0,,False,crossing,19,1.0,True,0.0,development,31
model,crossing,7.0168699613170915,1.3350829370449335,259.65497700971713,starboard,,True,goal,False,False,71,93.04189946393934,-18.90766168320804,12,3,0,0,2,2.9541360284169316,0.6900752854413846,0.0,0.0,0.1930701510243063,0.5381697925104525,0.6681629779899886,1.66004499983992,0,,False,crossing,17,0.0,False,0.0,development,32
model,crossing,5.7425453375411974,2.4838158273022763,81.51973469732295,port,,True,collision:target,True,True,21,-324.14152040725645,-31.55861815203367,9,2,0,0,6,4.792391690994698,0.8756630781524906,0.0,0.0,0.7781660099455735,0.6143755425534743,0.7018502661876894,1.3131996785979436,0,,False,crossing,13,1.0,True,0.0,development,33
model,crossing,4.158950744671773,1.7839877353952436,251.91684018788132,starboard,,True,collision:boundary,True,False,68,-597.3607395375577,-20.448972650631568,5,2,0,0,4,1.7040170958876635,0.9380260791652629,0.0,0.0,1.637968652026574,0.3859677227345045,0.6854369492096326,2.7337718610395187,1,"8(e) in extremis: crossing, compliant alteration inadmissible (DCPA 0.92 m, TCPA 4.6 s)",False,crossing,12,0.0,False,0.0,development,34
model,crossing,7.317595379330987,0.8351865361628191,113.10816249444454,port,,True,collision:target,True,True,15,-368.7861224216208,-77.92608960361947,10,5,0,0,14,7.269136873807433,1.645375392324298,0.0,0.0,7.945781139375518,0.6243170132310732,0.726742890620906,1.1249826765664541,0,,False,crossing,14,1.0,True,0.0,development,35
model,crossing,4.125240439053129,1.0096759554242565,290.7369904682177,starboard,,True,collision:boundary,True,False,27,-390.53146388767277,-19.783946415370156,5,2,0,0,1,2.577682300685921,1.2044900102139398,0.0,0.0,0.23604299475907564,0.46231514830771897,0.7773832956044749,3.298700894060196,1,"8(e) in extremis: crossing, compliant alteration inadmissible (DCPA 0.79 m, TCPA 4.7 s)",False,crossing,6,0.0,False,0.0,development,36
model,crossing,3.80127026892346,2.2456241657517846,68.44938096346765,port,,True,goal,False,False,61,104.6312491547055,0.0,0,0,0,0,0,0.0,0.0,0.0,0.0,0.0,0.6280757263810253,0.7449601561769474,2.2379288499210133,0,,False,never,0,0.0,False,0.0,development,37
model,crossing,4.882180392282005,0.8698810019652079,96.53683227753992,port,,True,collision:boundary,True,False,28,-411.0356964441785,-41.069406189567346,12,4,0,0,3,5.79021808423343,1.6798565700285857,0.0,0.0,0.9094525891045258,0.3610719005788943,0.804025604810422,2.455538601704398,1,"8(e) in extremis: crossing, compliant alteration inadmissible (DCPA 0.30 m, TCPA 4.3 s)",False,crossing,15,1.0,True,0.0,development,38
model,crossing,4.159052935705747,1.804027892232582,217.08416514541523,starboard,,True,collision:boundary,True,False,37,-462.28156885708637,-12.649296686926133,4,10,0,0,5,1.403143706949911,0.5636613333188207,0.0,0.0,0.647469275021314,0.5756793008723919,0.873276223022609,1.555317731065599,0,,False,crossing,15,0.0,False,0.0,development,39
model,overtaking,9.556232149411287,0.16856401487441053,1.6101026039999748,,,,goal,False,False,61,66.33699609547566,-2.777590301661352,11,0,0,0,0,0.5611293538709802,0.0,0.0,0.0,0.0,0.6486881510537538,0.945509463989886,3.1314596342546355,0,,False,overtaking,33,0.0,False,0.0,development,40
model,overtaking,5.7479461611789,1.2248627607666025,-2.509384418720579,,,,goal,False,False,71,13.517614284857103,-73.53991035863456,20,0,51,0,5,3.7954471263604543,0.0,14.938321865095949,0.0,0.21655297084552563,0.5398913144230649,0.9770518984087976,1.717235204230264,0,,False,overtaking,55,0.0,False,0.0,development,41
model,overtaking,7.111260720178818,1.545817447677813,0.5482643252125285,,,,goal,False,False,57,86.26623085076167,-0.02933571605062794,6,0,0,0,0,0.005926407282955139,0.0,0.0,0.0,0.0,0.6804837128107563,0.8936212458780304,3.9395503199316,0,,False,overtaking,42,0.0,False,0.0,development,42
model,overtaking,9.924433511599638,0.5577780141895179,1.7363898783151903,,,,goal,False,False,58,79.5843671145897,-2.229568699984163,16,0,1,0,0,0.2671005310297206,0.0,0.25206140871862387,0.0,0.0,0.6794729676869946,0.8564065454900378,3.5444021999376116,0,,False,overtaking,46,0.0,False,0.0,development,43
model,overtaking,7.777153961253272,0.17836430215336274,-2.1298098963724676,,,,goal,False,False,99,-11.283006478112398,-30.85145462904775,24,12,0,0,0,1.6527310695859132,4.579886027191409,0.0,0.0,0.0,0.40097601346514616,0.5949926798251969,2.1955473408239583,0,,False,overtaking,79,0.0,False,0.0,development,44
model,overtaking,9.472351939506785,0.6293837659105992,1.594090426277182,,,,goal,False,False,67,22.782145933484856,-74.91467845214466,28,0,48,0,8,4.3204975604882065,0.0,14.42267440158979,0.0,0.3570194848899544,0.5620393394701532,0.9728954439159494,1.9008490693292837,0,,False,overtaking,53,0.0,False,0.0,development,45
model,overtaking,6.791254452278463,0.4570427385228544,-9.542742054762993,,,,goal,False,False,58,65.64438135251486,-7.461409720978186,18,0,0,0,1,1.5072990466353458,0.0,0.0,0.0,6.209780738301214e-05,0.6819550546843725,0.9269450505214107,2.8859069990303197,0,,False,overtaking,40,0.0,False,0.0,development,46
model,overtaking,7.618572716555467,1.9884273638462515,8.064555095613034,,,,goal,False,False,53,69.42821111962083,-0.10024336215464055,1,0,0,0,0,0.020251184273664756,0.0,0.0,0.0,0.0,0.732692636164458,0.9663810175987195,4.289420253269776,0,,False,overtaking,19,0.0,False,0.0,development,47
model,overtaking,8.61263148724731,0.8361574141727877,8.499933444466564,,,,goal,False,False,57,69.3770743412325,-0.5282540139545852,11,0,0,0,1,0.10194771747573007,0.0,0.0,0.0,0.005247291655493644,0.690514366618509,0.9389807859570032,3.7861437710208943,0,,False,overtaking,30,0.0,False,0.0,development,48
model,overtaking,7.715636756725871,0.7429086685850401,-4.659870018711645,,,,goal,False,False,78,25.263943265667137,-65.44035149392562,30,0,61,0,9,2.6020523852861244,0.0,13.81431162050582,0.0,0.6285934117640808,0.4912005676858793,0.8931233684769961,2.2024191202468204,0,,False,overtaking,76,0.0,False,0.0,development,49
model,overtaking,7.643066319700785,1.7056406923796066,-4.163139131686235,,,,goal,False,False,59,53.752754169047876,-3.71844049028916,10,6,0,0,0,0.47114969101457926,0.28005040803373576,0.0,0.0,0.0,0.6665790168083893,0.9153418687843018,3.549697825060997,0,,False,overtaking,23,0.0,False,0.0,development,50
model,overtaking,7.958885684444756,0.5220743990799206,-6.99317287503974,,,,goal,False,False,57,76.29538702260506,-4.735554822593105,16,0,0,0,0,0.9566777419380009,0.0,0.0,0.0,0.0,0.700704409331233,0.9361248916015065,3.1558105387877884,0,,False,overtaking,39,0.0,False,0.0,development,51
model,overtaking,8.919597231476935,0.7654242004525413,6.942858355735275,,,,goal,False,False,55,21.4243771801775,-64.0215086802146,18,3,33,0,10,5.102057017591442,0.17080691565786207,9.5236596192505,0.0,0.807923906961941,0.6946321857506021,1.0221086500820955,1.8248146564100287,0,,False,overtaking,37,0.0,False,0.0,development,52
model,overtaking,6.8745535936065325,1.7843068933306978,-9.842023706633043,,,,goal,False,False,69,55.27837083091456,-50.783332048136316,20,0,50,0,0,1.9040805808349819,0.0,11.488370325834206,0.0,0.0,0.555065044290177,0.8918019246419037,2.788920250510615,0,,False,overtaking,60,0.0,False,0.0,development,53
model,overtaking,7.392424952880393,1.4530951074163598,-9.662034232505992,,,,goal,False,False,52,68.48369338474373,0.0,0,0,0,0,0,0.0,0.0,0.0,0.0,0.0,0.7575621868255609,1.0011318916144833,4.024420789907165,0,,False,never,0,0.0,False,0.0,development,54
model,overtaking,8.211625632198505,1.3168745938909003,6.239889037475514,,,,goal,False,False,56,79.76932446884804,-0.42972220359018803,3,0,0,0,1,0.0828733716587452,0.0,0.0,0.0,0.004333114195422059,0.7052989789804663,0.8959103313804229,4.128980278423431,0,,False,overtaking,28,0.0,False,0.0,development,55
model,overtaking,6.670301727029801,0.3400603298527174,1.041112989169072,,,,goal,False,False,65,71.98485572812895,-6.626155461682349,26,0,0,0,1,1.317965788079758,0.0,0.0,0.0,0.02271662459723288,0.600900061227787,0.9124003993761302,2.700858758875778,0,,False,overtaking,47,0.0,False,0.0,development,56
model,overtaking,5.356479981505558,1.932059312507918,-4.09721214978468,,,,goal,False,False,51,40.249635947908956,-55.050627138297216,13,0,27,0,18,2.552959031739816,0.0,9.541465952983962,0.0,1.792045000098412,0.7387605488475781,0.9901551588398418,2.2000198064941943,0,,False,overtaking,27,0.0,False,0.0,development,57
model,overtaking,5.304665427323811,1.4300146119796155,8.955640423640077,,,,goal,False,False,51,14.80014112739164,-73.78394159098866,14,8,30,0,21,4.184574710349384,0.5956236829652185,9.623230151616262,0.0,3.439629110725072,0.7399563236564748,1.0423329110506745,1.924366973137211,0,,False,overtaking,31,0.0,False,0.0,development,58
model,overtaking,9.457641443617554,1.0041574093420087,-0.5511930446619502,,,,goal,False,False,53,63.579225378133955,0.0,0,0,0,0,0,0.0,0.0,0.0,0.0,0.0,0.7586923988572771,0.9622821212708393,4.448872806700041,0,,False,overtaking,19,0.0,False,0.0,development,59
model,being_overtaken,9.556232149411287,1.8516685154475563,5.892331698869267,,False,,goal,False,False,42,-1.1634275635661027,-18.06796551824808,0,0,0,6,0,0.0,0.0,0.0,4.461226053888415,0.0,0.9223253681484833,1.0517862677441965,2.8142272126783054,0,,False,being_overtaken,6,0.0,False,0.0,development,60
model,being_overtaken,5.7479461611789,1.6904407083818338,-2.5233037070053843,,False,,goal,False,False,46,13.721023343931165,-13.840858020247182,0,0,0,8,0,0.0,0.0,0.0,3.4174958074684403,0.0,0.8511405902563385,0.9828564673421432,3.0709736070288427,0,,False,being_overtaken,10,0.0,False,0.0,development,61
model,being_overtaken,7.111260720178818,1.6591462177952323,5.798605650555382,,False,,goal,False,False,42,0.05955364114647921,-15.199714246828172,0,0,0,6,0,0.0,0.0,0.0,3.753015863414363,0.0,0.9257641704113387,1.0767763673786985,3.3409486163782796,0,,False,being_overtaken,6,0.0,False,0.0,development,62
model,being_overtaken,9.924433511599638,1.8595356156267682,-5.761505074223892,,False,,goal,False,False,45,12.154307929466015,-6.213844441525838,0,0,0,5,0,0.0,0.0,0.0,1.5342825781545282,0.0,0.9056485825901531,1.0307880773105786,2.3893561778588586,0,,False,being_overtaken,5,0.0,False,0.0,development,63
model,being_overtaken,7.777153961253272,1.4989473412166083,5.817347188610187,,False,,goal,False,False,44,1.5250418553934395,-32.71987063544673,0,0,0,13,0,0.0,0.0,0.0,8.07898040381401,0.0,0.8730134926400431,1.0202087424611104,2.7229641006579515,0,,False,being_overtaken,14,0.0,False,0.0,development,64
model,being_overtaken,9.472351939506785,1.9738570974627374,7.020402118408914,,False,,goal,False,False,40,29.835910959823877,-8.183877193679642,0,0,0,4,0,0.0,0.0,0.0,2.020710418192504,0.0,0.9390389207036531,1.0301177619310997,3.944479053782328,0,,False,being_overtaken,4,0.0,False,0.0,development,65
model,being_overtaken,6.791254452278463,1.5734762792775023,4.906307916812494,,False,,collision:obstacle,True,False,29,-400.6494245682196,-28.349939815283665,0,0,0,11,0,0.0,0.0,0.0,6.999985139576214,0.0,0.7921133748157935,0.9718056080371039,3.8569940837525087,0,,False,being_overtaken,11,0.0,False,0.0,development,66
model,being_overtaken,7.618572716555467,0.56048132483702,9.634710761628313,,True,,collision:obstacle,True,False,23,-368.1221131819885,-20.96578949911855,0,0,0,8,0,0.0,0.0,0.0,5.1767381479305055,0.0,0.8522360141847295,0.9983307418648856,2.836307487910392,0,,False,being_overtaken,10,0.0,False,0.0,development,67
model,being_overtaken,8.61263148724731,1.404032640487198,-3.382325262425738,,False,,goal,False,False,39,26.562626404766377,-6.615273115048014,0,0,0,5,0,0.0,0.0,0.0,1.633400769147658,0.0,0.9609436853398926,1.0832251105523805,3.8060440142507255,0,,False,being_overtaken,5,0.0,False,0.0,development,68
model,being_overtaken,7.715636756725871,1.4454487561777294,5.5446980820429825,,False,,goal,False,False,41,8.65014492883084,-13.855621875889293,0,0,0,8,0,0.0,0.0,0.0,3.421141203923282,0.0,0.9453121493635239,1.103296755399303,3.5392661640075085,0,,False,being_overtaken,8,0.0,False,0.0,development,69
model,being_overtaken,7.643066319700785,1.904501364148537,4.629622213453132,,False,,goal,False,False,42,21.28898168476097,-15.955904861457462,0,0,0,10,0,0.0,0.0,0.0,3.9397295954215945,0.0,0.9176027068259289,1.0148880628058747,3.059462690428525,0,,False,being_overtaken,10,0.0,False,0.0,development,70
model,being_overtaken,7.958885684444756,1.982710486307465,9.96521668439594,,False,,goal,False,False,40,22.37746269622164,-9.454808525704468,0,0,0,4,0,0.0,0.0,0.0,2.3345206236307323,0.0,0.9487203791675421,1.0386485960793173,3.44900604770991,0,,False,being_overtaken,4,0.0,False,0.0,development,71
model,being_overtaken,8.919597231476935,1.87257929162381,2.993931110256792,,False,,goal,False,False,44,4.322758189957639,-22.75947601761131,0,0,0,12,0,0.0,0.0,0.0,5.619623708052175,0.0,0.8836952670127672,1.0269120875707105,3.5415429887796117,0,,False,being_overtaken,12,0.0,False,0.0,development,72
model,being_overtaken,6.8745535936065325,1.7462657111291175,-8.88513336617301,,False,,collision:boundary,True,False,30,-442.7582902951003,-26.057447656060432,0,0,0,9,0,0.0,0.0,0.0,6.433937692854428,0.0,0.7989056422793557,0.9628394314453356,3.2682310155446657,0,,False,being_overtaken,9,0.0,False,0.0,development,73
model,being_overtaken,7.392424952880393,1.5363389434046424,-5.05426633209524,,False,,goal,False,False,40,17.281541949560847,-12.550299132255102,0,0,0,5,0,0.0,0.0,0.0,3.0988392919148398,0.0,0.9585432300857996,1.0595990584159343,3.635117691946168,0,,False,being_overtaken,5,0.0,False,0.0,development,74
model,being_overtaken,8.211625632198505,1.875489588308004,0.25446250814855453,,False,,goal,False,False,40,24.34052835816746,-5.697747939409805,0,0,0,4,0,0.0,0.0,0.0,1.4068513430641492,0.0,0.9416661858077997,1.0396333679745837,3.6987427639267247,0,,False,being_overtaken,4,0.0,False,0.0,development,75
model,being_overtaken,6.670301727029801,1.9755597225591721,9.402902688460479,,False,,collision:target,True,True,42,-450.5050771750914,-32.22089907131937,0,0,0,12,0,0.0,0.0,0.0,7.95577754847392,0.0,0.9071288878122801,1.0452570458399257,1.9015263752203113,0,,False,being_overtaken,18,0.0,False,0.0,development,76
model,being_overtaken,5.356479981505558,1.576932168108137,4.511814481422334,,False,,goal,False,False,41,35.58409572885084,0.0,0,0,0,0,0,0.0,0.0,0.0,0.0,0.0,0.930104865258004,1.0456691160036344,4.092723086400891,0,,False,never,0,0.0,False,0.0,development,77
model,being_overtaken,5.304665427323811,1.89055549279566,4.230252884692726,,False,,goal,False,False,40,30.355439845549142,0.0,0,0,0,0,0,0.0,0.0,0.0,0.0,0.0,0.9464502999405091,1.0369747124179125,4.2148584111238225,0,,False,never,0,0.0,False,0.0,development,78
model,being_overtaken,9.457641443617554,1.8255296863556782,7.514933632708885,,False,,goal,False,False,41,14.570319710302556,-15.615022047184361,0,0,0,7,0,0.0,0.0,0.0,3.855560999304781,0.0,0.9353941765431583,1.0473026366421267,3.5239308870622064,0,,False,being_overtaken,7,0.0,False,0.0,development,79
model,null,9.556232149411287,0.3549204557349615,4.39460585019685,,,,goal,False,False,69,87.70350573534314,-20.787233202028258,11,0,6,0,0,2.8568396996565975,0.0,1.846076857980027,0.0,0.0,0.5661738618993526,0.695584823454222,4.752265641702396,0,,False,overtaking,26,0.0,False,0.0,development,80
model,null,7.111260720178818,4.098204589788674,0.7798740741336943,,,,goal,False,False,59,76.51696401030485,0.0,0,0,0,0,0,0.0,0.0,0.0,0.0,0.0,0.6528472709153265,0.8402156062680158,8.128175323268065,0,,False,never,0,0.0,False,0.0,development,81
model,null,9.924433511599638,6.062334617550908,-2.036564089612069,,,,collision:obstacle,True,False,64,-427.94170699645986,0.0,0,0,0,0,0,0.0,0.0,0.0,0.0,0.0,0.3997323470963082,0.5758372986546855,8.285504304158328,0,,False,never,0,0.0,False,0.0,development,82
model,null,7.777153961253272,8.559003963480428,7.264527238106524,,,,goal,False,False,66,105.9053909883103,-2.140376588911061,0,0,4,0,0,0.0,0.0,0.5945490524752947,0.0,0.0,0.592446407409817,0.7896776006825038,8.367150395613244,0,,False,overtaking,7,0.0,False,0.0,development,83
model,null,9.472351939506785,9.596358425588157,-3.940947096756009,,,,goal,False,False,63,106.16818919003481,0.0,0,0,0,0,0,0.0,0.0,0.0,0.0,0.0,0.6234335570565299,0.7764601393185555,7.290542674914216,0,,False,never,0,0.0,False,0.0,development,84
model,null,8.61263148724731,1.9887933450307789,-1.1270768060442258,,,,collision:obstacle,True,False,53,-388.08670237805785,0.0,0,0,0,0,0,0.0,0.0,0.0,0.0,0.0,0.5508867964988657,0.6896929985859283,9.209750913826543,0,,False,never,0,0.0,False,0.0,development,85
model,null,7.715636756725871,2.762014081009041,-0.40637360625555274,,,,goal,False,False,59,31.48162610963567,-11.359327418943156,3,0,7,0,0,1.3783726632743054,0.0,1.2601063154820396,0.0,0.0,0.6754318673976332,0.8620954850486553,6.845329412942557,0,,False,overtaking,10,0.0,False,0.0,development,86
model,null,7.643066319700785,6.330355979488411,5.301646114803592,,,,goal,False,False,63,104.25684343612274,-9.294921565521808,4,1,0,0,1,1.4404100633388632,0.3937121545500711,0.0,0.0,0.04800368599368477,0.6251618993233663,0.8514167151916497,7.42181195706301,0,,False,overtaking,6,0.0,False,0.0,development,87
model,null,7.958885684444756,4.951431692942184,6.252128618956611,,,,goal,False,False,61,82.78200230490825,-17.961618055036006,9,1,3,0,0,2.978693397569655,0.2411601681094998,0.5620396958122741,0.0,0.0,0.6307756302991785,0.9032862714966473,4.820847736823878,0,,False,overtaking,30,0.0,False,0.0,development,88
model,null,8.919597231476935,0.626960535485727,-3.3771176787976476,,,,goal,False,False,64,53.33415100926301,0.0,0,0,0,0,0,0.0,0.0,0.0,0.0,0.0,0.5924610834952287,0.882225568684752,8.54725865407435,0,,False,never,0,0.0,False,0.0,development,89
model,null,7.392424952880393,0.37408620081980476,0.7022053571200253,,,,goal,False,False,63,91.7278902450635,0.0,0,0,0,0,0,0.0,0.0,0.0,0.0,0.0,0.6025141616460984,0.8758798012354703,7.318493918423822,0,,False,never,0,0.0,False,0.0,development,90
model,null,8.211625632198505,1.93888858249201,-1.3615912338901808,,,,goal,False,False,60,22.69720170498627,0.0,0,0,0,0,0,0.0,0.0,0.0,0.0,0.0,0.649600524726334,0.9655424605452643,9.461642311435337,0,,False,never,0,0.0,False,0.0,development,91
model,null,9.457641443617554,10.004690033584042,9.415486285425988,,,,goal,False,False,60,150.5976126736215,0.0,0,0,0,0,0,0.0,0.0,0.0,0.0,0.0,0.6274527098174075,0.7001238258625925,9.262832947839991,0,,False,never,0,0.0,False,0.0,development,92
model,null,7.939459934530462,7.476427947356887,3.8322546318339885,,,,goal,False,False,64,63.92642213461797,0.0,0,0,0,0,0,0.0,0.0,0.0,0.0,0.0,0.6297933948728669,0.7936643634940916,8.448460185409022,0,,False,never,0,0.0,False,0.0,development,93
model,null,7.215085798855989,2.7182057261496078,-0.19104598519173344,,,,collision:obstacle,True,False,41,-354.6465969882607,0.0,0,0,0,0,0,0.0,0.0,0.0,0.0,0.0,0.5852119816423949,0.9160986298388932,8.607877351974972,0,,False,never,0,0.0,False,0.0,development,94
model,null,8.956662509461438,5.673113485616097,6.037207914043499,,,,goal,False,False,66,65.36901901520466,0.0,0,0,0,0,0,0.0,0.0,0.0,0.0,0.0,0.6138552076213682,0.8114757460531862,6.713686385789429,0,,False,never,0,0.0,False,0.0,development,95
model,null,7.341087164074281,4.050003896849897,-0.4719636139186445,,,,goal,False,False,66,88.14412050409253,-3.3467715219317653,0,0,3,0,0,0.0,0.0,0.929658756092157,0.0,0.0,0.5941656449998131,0.7043770901061343,6.08365706684496,0,,False,overtaking,3,0.0,False,0.0,development,96
model,null,8.017900515989506,7.956631424829709,2.2392977017838227,,,,goal,False,False,66,-5.530221091280822,0.0,0,0,0,0,0,0.0,0.0,0.0,0.0,0.0,0.6224280815531845,0.7877752799297782,7.6141877471003045,0,,False,never,0,0.0,False,0.0,development,97
model,null,7.7229461986988115,8.603862173067107,5.171725639694904,,,,goal,False,False,60,149.31269719365997,0.0,0,0,0,0,0,0.0,0.0,0.0,0.0,0.0,0.6313922256980573,0.7050995759724291,8.054450714457689,0,,False,never,0,0.0,False,0.0,development,98
model,null,7.3766880761663485,2.173235525894135,-0.6741613811790081,,,,goal,False,False,59,143.32751288805542,0.0,0,0,0,0,0,0.0,0.0,0.0,0.0,0.0,0.639162749273513,0.7111770566201674,6.0970627649084435,0,,False,never,0,0.0,False,0.0,development,99
model,no_target,9.556232149411287,0.0,0.0,,,,goal,False,False,63,26.973947535641102,0.0,0,0,0,0,0,0.0,0.0,0.0,0.0,0.0,0.670222664828022,0.8677421485627882,inf,0,,False,never,0,0.0,False,0.0,development,100
model,no_target,5.7479461611789,0.0,0.0,,,,goal,False,False,59,62.22361344718127,0.0,0,0,0,0,0,0.0,0.0,0.0,0.0,0.0,0.6453554689490307,0.8967270870929912,inf,0,,False,never,0,0.0,False,0.0,development,101
model,no_target,7.111260720178818,0.0,0.0,,,,goal,False,False,57,-1.7154778272033582,0.0,0,0,0,0,0,0.0,0.0,0.0,0.0,0.0,0.7089984407634359,0.9172272518838508,inf,0,,False,never,0,0.0,False,0.0,development,102
model,no_target,9.924433511599638,0.0,0.0,,,,goal,False,False,61,33.242697417318325,0.0,0,0,0,0,0,0.0,0.0,0.0,0.0,0.0,0.700008314097123,0.9057939854315309,inf,0,,False,never,0,0.0,False,0.0,development,103
model,no_target,7.777153961253272,0.0,0.0,,,,goal,False,False,58,146.52924991389241,0.0,0,0,0,0,0,0.0,0.0,0.0,0.0,0.0,0.650009796021256,0.7172581717092894,inf,0,,False,never,0,0.0,False,0.0,development,104
model,no_target,9.472351939506785,0.0,0.0,,,,goal,False,False,59,71.73812648440926,0.0,0,0,0,0,0,0.0,0.0,0.0,0.0,0.0,0.6844211425450187,0.8610767991547623,inf,0,,False,never,0,0.0,False,0.0,development,105
model,no_target,6.791254452278463,0.0,0.0,,,,goal,False,False,57,-126.44122294001811,0.0,0,0,0,0,0,0.0,0.0,0.0,0.0,0.0,0.7001555485266203,0.931387181118825,inf,0,,False,never,0,0.0,False,0.0,development,106
model,no_target,7.618572716555467,0.0,0.0,,,,goal,False,False,58,41.152431482092396,0.0,0,0,0,0,0,0.0,0.0,0.0,0.0,0.0,0.6589228234934383,0.9821267409649908,inf,0,,False,never,0,0.0,False,0.0,development,107
model,no_target,8.61263148724731,0.0,0.0,,,,goal,False,False,56,58.401472343365796,0.0,0,0,0,0,0,0.0,0.0,0.0,0.0,0.0,0.7280848156441514,0.9196761211182164,inf,0,,False,never,0,0.0,False,0.0,development,108
model,no_target,7.715636756725871,0.0,0.0,,,,goal,False,False,64,43.91743579141934,0.0,0,0,0,0,0,0.0,0.0,0.0,0.0,0.0,0.6294445805075348,0.854503449446664,inf,0,,False,never,0,0.0,False,0.0,development,109
model,no_target,7.643066319700785,0.0,0.0,,,,goal,False,False,68,43.89782299798853,0.0,0,0,0,0,0,0.0,0.0,0.0,0.0,0.0,0.5588835695682307,0.894653716614846,inf,0,,False,never,0,0.0,False,0.0,development,110
model,no_target,7.958885684444756,0.0,0.0,,,,goal,False,False,61,58.07171027373576,0.0,0,0,0,0,0,0.0,0.0,0.0,0.0,0.0,0.667260906267845,0.8840951058256058,inf,0,,False,never,0,0.0,False,0.0,development,111
model,no_target,8.919597231476935,0.0,0.0,,,,goal,False,False,61,27.134655922150216,0.0,0,0,0,0,0,0.0,0.0,0.0,0.0,0.0,0.6792222542317906,0.8485420070872879,inf,0,,False,never,0,0.0,False,0.0,development,112
model,no_target,6.8745535936065325,0.0,0.0,,,,collision:boundary,True,False,39,-368.038084384171,0.0,0,0,0,0,0,0.0,0.0,0.0,0.0,0.0,0.6104411607730589,0.7759179302491018,inf,0,,False,never,0,0.0,False,0.0,development,113
model,no_target,7.392424952880393,0.0,0.0,,,,goal,False,False,56,55.96792452152971,0.0,0,0,0,0,0,0.0,0.0,0.0,0.0,0.0,0.6923894146993491,0.9777377913159835,inf,0,,False,never,0,0.0,False,0.0,development,114
model,no_target,8.211625632198505,0.0,0.0,,,,goal,False,False,59,83.99154575088777,0.0,0,0,0,0,0,0.0,0.0,0.0,0.0,0.0,0.6821243366895672,0.849336766151293,inf,0,,False,never,0,0.0,False,0.0,development,115
model,no_target,6.670301727029801,0.0,0.0,,,,goal,False,False,52,65.50368631374567,0.0,0,0,0,0,0,0.0,0.0,0.0,0.0,0.0,0.7537667709809933,0.9345278227965701,inf,0,,False,never,0,0.0,False,0.0,development,116
model,no_target,5.356479981505558,0.0,0.0,,,,goal,False,False,54,127.73793512510281,0.0,0,0,0,0,0,0.0,0.0,0.0,0.0,0.0,0.697617148679729,0.7699182247218823,inf,0,,False,never,0,0.0,False,0.0,development,117
model,no_target,5.304665427323811,0.0,0.0,,,,goal,False,False,54,124.97737396289435,0.0,0,0,0,0,0,0.0,0.0,0.0,0.0,0.0,0.695981312799951,0.7514611803110238,inf,0,,False,never,0,0.0,False,0.0,development,118
model,no_target,9.457641443617554,0.0,0.0,,,,goal,False,False,61,48.87212260929595,0.0,0,0,0,0,0,0.0,0.0,0.0,0.0,0.0,0.7311942624218577,0.9011376747107448,inf,0,,False,never,0,0.0,False,0.0,development,119
model,head_on,4.945698180779832,0.7589141160070894,188.5960326544994,,,,collision:target,True,True,32,-337.58751008735163,-33.52039447999015,11,0,10,0,7,5.017854061399904,0.0,1.4210183604452151,0.0,0.7925223952128557,0.46603338543563705,0.6758322909354819,1.8231160403373434,0,,False,head_on,28,0.0,False,0.0,head_on_width,0
model,head_on,4.999999999999999,1.2248627607666025,177.49061558127943,,,,goal,False,False,63,95.33858334611575,-8.996668258866356,10,0,0,0,3,1.5374561171337322,0.0,0.0,0.0,0.3080578842343066,0.6101010443486032,0.8581598798727541,2.341877554230169,0,,False,head_on,29,0.0,False,0.0,head_on_width,1
model,head_on,5.0,0.8488119099963607,179.77841623459886,,,,collision:target,True,True,33,-330.03411091607046,-24.497721152341445,12,0,11,0,1,3.9359978691263766,0.0,1.3030807793697277,0.0,0.07187575431885822,0.47193639842271434,0.6800000615930922,1.8509176503094265,0,,False,head_on,30,0.0,False,0.0,head_on_width,2
model,head_on,4.999999999999999,0.5577780141895179,181.73638987831518,,,,collision:target,True,True,29,-322.21955520959847,-26.704531758122865,8,0,9,0,4,3.6992599326454076,0.0,1.5710823311348088,0.0,0.6082885998761763,0.5456140791567123,0.7087764997662854,1.0179764731883492,0,,False,head_on,22,0.0,False,0.0,head_on_width,3
model,head_on,4.4593091952467665,0.23241010159911024,174.96382864421315,,,,goal,False,False,63,-126.74332455106034,-28.553483898737483,15,0,0,0,7,5.060959827440746,0.0,0.0,0.0,0.7781628339790647,0.6163770761763335,0.8212988515212474,1.404856837034066,0,,False,head_on,31,0.0,False,0.0,head_on_width,4
model,head_on,4.8197108149586025,1.2005729403251244,185.37459793469242,,,,collision:target,True,True,32,-342.96080122195895,-33.80193334800193,12,0,17,0,0,5.719513064595822,0.0,1.5250954661812803,0.0,0.0,0.4725300960303942,0.6780920881024176,1.8248603109566908,0,,False,head_on,28,0.0,False,0.0,head_on_width,5
model,head_on,4.869448784480107,0.4570427385228544,170.45725794523702,,,,goal,False,False,63,-53.32533784551778,-20.90032269462,8,0,5,0,4,3.0588361311252488,0.0,0.38243259915618627,0.0,0.9738503307972777,0.6188878972293436,0.8274423121991794,1.1057480373820898,0,,False,head_on,26,0.0,False,0.0,head_on_width,6
model,head_on,4.904119360050153,1.9112000156973665,175.31745985542278,,,,goal,False,False,61,115.21618756852793,-5.415455099372444,8,0,0,0,1,1.0559419091939255,0.0,0.0,0.0,0.0418983664138918,0.6270251348318004,0.8366890284312035,2.8766477314549053,0,,False,crossing,19,1.0,True,0.0,head_on_width,7
model,head_on,4.857233716719348,0.5951515892589716,176.60787727619308,,,,goal,False,False,61,92.90267196480933,-22.658735571734532,11,0,0,0,8,3.0901041693238387,0.0,0.0,0.0,1.6361599852403401,0.6298795901875609,0.8320480722645602,1.7683989755239946,0,,False,head_on,26,0.0,False,0.0,head_on_width,8
model,head_on,5.0,0.7429086685850401,175.34012998128836,,,,goal,False,False,57,76.61582220361655,-20.688264575711084,14,0,0,0,2,4.155884063021241,0.0,0.0,0.0,0.02591965861243276,0.682326257527852,0.8922978964753602,2.722699398965127,0,,False,head_on,22,0.0,False,0.0,head_on_width,9
model,head_on,5.022024725454443,1.7056406923796066,175.83686086831378,,,,goal,False,False,60,88.34980559450794,-39.633605498968635,7,0,24,0,0,2.030663423507947,0.0,8.217172653501194,0.0,0.0,0.6315733259203623,0.7853247514887576,1.6194004746851929,0,,False,head_on,24,0.0,False,0.0,head_on_width,10
model,head_on,5.0,0.5220743990799206,173.00682712496027,,,,collision:target,True,True,28,-348.655252280667,-28.86778405708277,11,0,4,0,7,3.8561645076350275,0.0,0.3210434431104206,0.0,1.916447410909305,0.5087572931870364,0.6749118904815478,0.9293570805006328,1,"8(e) in extremis: head_on, compliant alteration inadmissible (DCPA 0.83 m, TCPA 3.9 s)",True,head_on,19,0.0,False,0.0,head_on_width,11
model,head_on,4.571947971441031,0.015575077797397752,189.9520951299898,,,,goal,False,False,63,-119.03217982278869,-26.151843489855967,15,0,1,0,9,4.119026309269995,0.0,0.03512009303742766,0.0,1.252495760896612,0.6048067852622953,0.8649475317959543,1.271675514264602,0,,False,head_on,33,0.0,False,0.0,head_on_width,12
model,head_on,5.1750288030381615,1.611600490742285,187.4718115037299,,,,goal,False,False,59,108.68635289341466,-6.9061934274327905,7,0,0,0,5,1.0722200932905297,0.0,0.0,0.0,0.35526754792103765,0.6526957012312158,0.8793638541127029,3.005926288955962,0,,False,head_on,18,0.0,False,0.0,head_on_width,13
model,head_on,5.045624518855969,1.4530951074163598,170.337965767494,,,,collision:target,True,True,28,-324.431668638441,-29.521280391266043,10,0,21,0,2,2.3990122726975893,0.0,4.586838168228179,0.0,0.2519004968425604,0.49684192061838733,0.6645311093047682,1.7724189991359163,0,,False,head_on,23,0.0,False,0.0,head_on_width,14
model,head_on,4.960755548585612,1.4671958493469026,183.96019323639712,,,,goal,False,False,57,95.60044867567888,-18.631367706996034,9,0,0,0,3,3.5609150849844706,0.0,0.0,0.0,0.22329734140508958,0.6767817416416041,0.8630746967948849,2.7270418217348893,0,,False,head_on,18,0.0,False,0.0,head_on_width,15
model,head_on,5.0,0.3400603298527174,181.04111298916908,,,,collision:target,True,True,28,-316.72931475609585,-13.84632517959771,8,0,5,0,3,2.080306253416162,0.0,0.3888563027177743,0.0,0.4775392300897151,0.4902428146682975,0.693745789283912,0.9933757906063304,0,,False,head_on,25,0.0,False,0.0,head_on_width,16
model,head_on,5.011466406701184,1.47502256148603,173.8525041139263,,,,goal,False,False,68,56.438011668011725,-42.00382008937807,12,0,28,0,1,1.523992624702848,0.0,9.451993727219932,0.0,0.09619537313494009,0.5587971064969868,0.7600394419903872,1.7365351309046864,1,"8(e) in extremis: head_on, compliant alteration inadmissible (DCPA 1.38 m, TCPA 4.7 s)",False,head_on,28,0.0,False,0.0,head_on_width,17
model,head_on,5.030927178597801,1.4300146119796155,188.9556404236401,,,,goal,False,False,75,56.98708157368157,-19.105368692743767,10,0,0,0,4,3.268749838659163,0.0,0.0,0.0,0.6500126647513129,0.5219511921781255,0.6922079270975504,2.2213739237422523,1,"8(e) in extremis: head_on, compliant alteration inadmissible (DCPA 1.89 m, TCPA 1.3 s)",False,head_on,21,0.0,False,0.0,head_on_width,18
model,head_on,5.0,0.5956007947889601,171.4137351270706,,,,goal,False,False,61,55.3792319074265,-32.323871077734125,16,0,0,0,16,2.5826489717679966,0.0,0.0,0.0,4.3421685927739,0.6275877710946542,0.8336448050140729,1.6745246615331422,0,,False,head_on,19,0.0,False,0.0,head_on_width,19
model,head_on,5.934837816935798,0.7589141160070894,188.5960326544994,,,,collision:target,True,True,35,-331.01534373233983,-20.472692202833663,12,0,5,0,2,3.6741993136329114,0.0,0.47744736432236873,0.0,0.12591001973116017,0.4597534916487064,0.6426562616866441,0.8348420459622377,0,,False,head_on,32,0.0,False,0.0,head_on_width,20
model,head_on,6.0,1.2248627607666025,177.49061558127943,,,,goal,False,False,61,95.38342803816913,-10.733549975864301,12,0,0,0,4,1.993219017379084,0.0,0.0,0.0,0.19269240885285221,0.6331243073837431,0.9026014477587445,2.6103432497966317,0,,False,head_on,28,0.0,False,0.0,head_on_width,21
model,head_on,5.999999999999999,0.8488119099963607,179.77841623459886,,,,collision:target,True,True,35,-332.8214966186737,-11.432425690757448,6,0,14,0,6,0.3614423948763167,0.0,1.9931276255805275,0.0,0.5484503075621739,0.4655519493593336,0.6643614354018269,1.1717792278209866,1,"8(e) in extremis: head_on, compliant alteration inadmissible (DCPA 0.48 m, TCPA 3.5 s)",True,head_on,28,0.0,False,0.0,head_on_width,22
model,head_on,5.999999999999999,0.5577780141895179,181.73638987831518,,,,goal,False,False,65,70.78293860288682,-36.76461457774084,14,0,7,0,6,5.9559359212566365,0.0,1.0623093676329103,0.0,0.7685373431204459,0.6061804214135356,0.8021117380482067,0.8920617825903588,0,,False,head_on,26,0.0,False,0.0,head_on_width,23
model,head_on,5.35117103429612,0.23241010159911024,174.96382864421315,,,,goal,False,False,63,90.85667149024235,-24.64419146550343,18,0,0,0,5,3.9023020541027624,0.0,0.0,0.0,1.1839547328210562,0.6124091273677089,0.8418264271052999,1.5764566885190956,0,,False,head_on,30,0.0,False,0.0,head_on_width,24
model,head_on,5.7836529779503225,1.2005729403251244,185.37459793469242,,,,collision:target,True,True,31,-321.08313899780745,-19.565121487645914,8,0,16,0,6,1.7887243962264252,0.0,2.3541830413397924,0.0,0.4968615061115241,0.4985495117226833,0.6814717981167486,1.8373625954396604,0,,False,head_on,23,0.0,False,0.0,head_on_width,25
model,head_on,5.843338541376127,0.4570427385228544,170.45725794523702,,,,goal,False,False,61,79.41371683319849,-28.018892382643422,13,0,2,0,9,3.260846775308809,0.0,0.08892222951456037,0.0,2.5683512930249766,0.6343196728796209,0.8459572915476061,1.0352086851592903,0,,False,head_on,21,0.0,False,0.0,head_on_width,26
model,head_on,5.884943232060184,1.9112000156973665,175.31745985542278,,,,goal,False,False,58,122.83903623957036,0.0,0,0,0,0,0,0.0,0.0,0.0,0.0,0.0,0.657314717606265,0.8936630302671198,2.952481607144709,0,,False,never,0,0.0,False,0.0,head_on_width,27
model,head_on,5.828680460063218,0.5951515892589716,176.60787727619308,,,,goal,False,False,64,101.70622816066168,-14.524749474791733,13,0,0,0,3,2.504551764169203,0.0,0.0,0.0,0.47271516492315,0.5998237069108356,0.8004585309164733,1.823735951434811,0,,False,head_on,27,0.0,False,0.0,head_on_width,28
model,head_on,6.0,0.7429086685850401,175.34012998128836,,,,goal,False,False,61,87.18487062183391,-21.85277350619944,15,0,0,0,6,3.850694920666532,0.0,0.0,0.0,0.6204074775333568,0.6408990699845716,0.8469594728775584,2.8372322665999983,0,,False,head_on,23,0.0,False,0.0,head_on_width,29
model,head_on,6.026429670545331,1.7056406923796066,175.83686086831378,,,,goal,False,False,66,81.02573583200224,-35.75529955637651,3,0,29,0,7,0.08303028840194242,0.0,8.988758915868258,0.0,0.6632816737024771,0.5794492619579859,0.8000124692244244,1.2746767810751016,0,,False,head_on,29,0.0,False,0.0,head_on_width,30
model,head_on,6.0,0.5220743990799206,173.00682712496027,,,,goal,False,False,65,94.9387251342192,-9.538407454386519,6,0,0,0,4,1.634123720200714,0.0,0.0,0.0,0.3221100087539967,0.6075060261434463,0.8545142305865427,1.164555928160058,0,,False,head_on,25,0.0,False,0.0,head_on_width,31
model,head_on,5.486337565729238,0.015575077797397752,189.9520951299898,,,,goal,False,False,64,-146.49259216793274,-20.126214683898695,13,0,3,0,3,3.6354339345834314,0.0,0.33395493831030665,0.0,0.20635087328746743,0.6092418242699492,0.8647748403436745,1.5482694937322599,0,,False,head_on,32,0.0,False,0.0,head_on_width,32
model,head_on,6.210034563645794,1.611600490742285,187.4718115037299,,,,goal,False,False,61,118.1041638800214,-4.374402312029711,10,0,0,0,1,0.8404230756268642,0.0,0.0,0.0,0.04762401948371837,0.6406307699587106,0.8595934852481214,3.1784457648701574,0,,False,head_on,22,0.0,False,0.0,head_on_width,33
model,head_on,6.054749422627163,1.4530951074163598,170.337965767494,,,,collision:target,True,True,30,-326.4918946459638,-22.22464327519538,0,0,24,0,2,0.0,0.0,5.935318398833156,0.0,0.19055489764355918,0.44750782945420337,0.6410936526147639,1.6688839822131063,0,,False,head_on,27,0.0,False,0.0,head_on_width,34
model,head_on,5.952906658302735,1.4671958493469026,183.96019323639712,,,,goal,False,False,60,114.8667731705836,-5.945964342314975,8,0,0,0,3,1.160694442643923,0.0,0.0,0.0,0.044561522495012454,0.6390230239349913,0.8505182191685129,2.7362307077611816,0,,False,head_on,22,0.0,False,0.0,head_on_width,35
model,head_on,5.999999999999998,0.3400603298527174,181.04111298916908,,,,goal,False,False,65,86.47001250180026,-20.131916693206378,6,0,6,0,3,2.948315719201492,0.0,0.7739969501585915,0.0,0.6114144139084575,0.5966115241413228,0.7826609238206197,1.1991677221150863,0,,False,head_on,27,0.0,False,0.0,head_on_width,36
model,head_on,6.01375968804142,1.47502256148603,173.8525041139263,,,,collision:target,True,True,32,-334.17323379499476,-24.11513500965801,0,0,30,0,2,0.0,0.0,6.562391186177506,0.0,0.10900594209311071,0.42401157885442464,0.6720537451181471,1.7372594190459019,0,,False,head_on,30,0.0,False,0.0,head_on_width,37
model,head_on,6.037112614317362,1.4300146119796155,188.9556404236401,,,,goal,False,False,62,100.88659809309276,-9.058497410284177,8,0,0,0,3,1.5060346582154116,0.0,0.0,0.0,0.356361300470642,0.6273613683082223,0.8818112722297614,2.539687525809104,0,,False,head_on,22,0.0,False,0.0,head_on_width,38
model,head_on,5.999999999999999,0.5956007947889601,171.4137351270706,,,,goal,False,False,62,23.61353556400772,-14.911815158310096,13,0,0,0,4,2.764875196501432,0.0,0.0,0.0,0.27237398569511284,0.6263672849464162,0.8773103207109036,1.964058491750026,0,,False,head_on,28,0.0,False,0.0,head_on_width,39
model,head_on,6.923977453091764,0.7589141160070894,188.5960326544994,,,,collision:target,True,True,35,-345.56500639100534,-18.645283967358885,10,0,8,0,3,3.015306021900752,0.0,0.7502557859167623,0.0,0.22635518436662586,0.46195565721779913,0.6907274681329421,0.851741034138172,1,"8(e) in extremis: head_on, compliant alteration inadmissible (DCPA 0.65 m, TCPA 4.5 s)",True,head_on,28,0.0,False,0.0,head_on_width,40
model,head_on,6.999999999999999,1.2248627607666025,177.49061558127943,,,,goal,False,False,63,109.0878109438766,-6.692773226309064,8,0,0,0,1,1.2936803733448836,0.0,0.0,0.0,0.0642345285004199,0.6252824402956573,0.8628275486026346,3.0745913212610834,0,,False,head_on,27,0.0,False,0.0,head_on_width,41
model,head_on,6.999999999999999,0.8488119099963607,179.77841623459886,,,,goal,False,False,72,70.79109342271481,-31.324860014941194,7,0,16,0,3,4.0062105230772245,0.0,2.5150245431822893,0.0,0.5422287933894874,0.5595231761776169,0.7329546006580394,0.9737658332569231,0,,False,head_on,33,0.0,False,0.0,head_on_width,42
model,head_on,6.999999999999999,0.5577780141895179,181.73638987831518,,,,goal,False,False,63,88.25045503894741,-24.27831751157506,9,0,6,0,8,2.86714595114986,0.0,0.9077175751882163,0.0,1.5151470628234833,0.6285940870241605,0.8584233722954112,1.2790106163265822,0,,False,head_on,25,0.0,False,0.0,head_on_width,43
model,head_on,6.243032873345474,0.23241010159911024,174.96382864421315,,,,goal,False,False,62,88.4418546904518,-30.947992055719173,14,0,0,0,19,3.759457451932626,0.0,0.0,0.0,2.741928370811704,0.6274982386308402,0.8428506222112636,1.6456339618559819,0,,False,head_on,29,0.0,False,0.0,head_on_width,44
model,head_on,6.747595140942042,1.2005729403251244,185.37459793469242,,,,collision:target,True,True,32,-320.6794666246334,-21.941091044753012,6,0,15,0,2,2.3547656722010903,0.0,2.4706774305733394,0.0,0.3090138260652414,0.5033142967756647,0.6769354220748608,1.3362323740367155,1,"8(e) in extremis: head_on, compliant alteration inadmissible (DCPA 0.41 m, TCPA 4.6 s)",True,head_on,25,0.0,False,0.0,head_on_width,45
model,head_on,6.817228298272148,0.4570427385228544,170.45725794523702,,,,goal,False,False,62,72.31820172484845,-37.80560883338744,12,0,5,0,10,4.6334787254632195,0.0,0.3420351764676728,0.0,3.0307916682357483,0.631249276241242,0.8919624257911263,1.1342895240831747,0,,False,head_on,28,0.0,False,0.0,head_on_width,46
model,head_on,6.865767104070214,1.9112000156973665,175.31745985542278,,,,goal,False,False,62,121.89293820679362,-7.8989945951405005,15,0,0,0,0,1.5957564838667675,0.0,0.0,0.0,0.0,0.6238091241160251,0.8348727392226786,3.2489708664366517,0,,False,head_on,29,0.0,False,0.0,head_on_width,47
model,head_on,6.800127203407088,1.840716953859967,178.36331706632063,,,,collision:target,True,True,27,-332.69637740776403,-24.42229457162508,0,0,24,0,3,0.0,0.0,6.5118582252914745,0.0,0.21768999123905883,0.43435655878580615,0.6413458411938935,1.614551174076541,0,,False,head_on,25,0.0,False,0.0,head_on_width,48
model,head_on,7.0,0.7429086685850401,175.34012998128836,,,,goal,False,False,59,96.60118483395654,-11.627999542786407,12,0,0,0,3,2.2736770470570558,0.0,0.0,0.0,0.08295514663421798,0.6743334036076052,0.8899415269430316,3.0151297758676603,0,,False,head_on,21,0.0,False,0.0,head_on_width,49
model,head_on,7.030834615636222,1.7056406923796066,175.83686086831378,,,,collision:target,True,True,32,-340.0863604139896,-29.013882331114896,5,0,26,0,3,0.3059944043032695,0.0,7.340015370907575,0.0,0.23892326545476572,0.429337177682372,0.636661676631273,1.662211389506874,0,,False,head_on,29,0.0,False,0.0,head_on_width,50
model,head_on,6.999999999999998,0.5220743990799206,173.00682712496027,,,,goal,False,False,64,90.5030955663837,-24.563893777495114,8,0,3,0,6,3.5789990382261156,0.0,0.24797483846212595,0.0,1.3233642488471524,0.6228295802280981,0.8595996411473292,1.5311483721521648,0,,False,head_on,26,0.0,False,0.0,head_on_width,51
model,head_on,6.400727160017443,0.015575077797397752,189.9520951299898,,,,goal,False,False,65,-13.993270041620221,-18.328745144349895,8,0,0,0,8,2.497897272471209,0.0,0.0,0.0,1.3253674768038688,0.5948567107693532,0.8258556063298992,1.7526805034125585,0,,False,head_on,26,0.0,False,0.0,head_on_width,52
model,head_on,7.245040324253426,1.611600490742285,187.4718115037299,,,,goal,False,False,65,117.6292574704668,-1.0620867551959912,2,0,0,0,2,0.047934777231466774,0.0,0.0,0.0,0.183291023977829,0.6202074712887271,0.8862768739097314,3.8975714938279,0,,False,head_on,20,0.0,False,0.0,head_on_width,53
model,head_on,7.063874326398356,1.4530951074163598,170.337965767494,,,,goal,False,False,71,63.537710956176234,-31.36857570054994,0,0,28,0,8,0.0,0.0,7.890666414797857,0.0,0.6582614682839221,0.5491793091878474,0.8415526786648246,1.1888701356187539,0,,False,head_on,32,0.0,False,0.0,head_on_width,54
model,head_on,6.945057768019857,1.4671958493469026,183.96019323639712,,,,goal,False,False,60,115.65392931632925,-5.678935912804073,8,0,0,0,3,0.885273602333293,0.0,0.0,0.0,0.28818479583428275,0.6433148884865031,0.8763162402209164,2.994944977381158,0,,False,head_on,23,0.0,False,0.0,head_on_width,55
model,head_on,6.999999999999999,0.3400603298527174,181.04111298916908,,,,goal,False,False,64,101.86270044869555,-17.770420730412365,15,0,4,0,4,2.514092709471125,0.0,1.0356638423493445,0.0,0.35494933023836805,0.6182539252713355,0.8348719870384507,1.369958551901688,0,,False,head_on,26,0.0,False,0.0,head_on_width,56
model,head_on,7.016052969381656,1.47502256148603,173.8525041139263,,,,collision:target,True,True,35,-341.419675199502,-32.09750105636088,10,0,33,0,1,0.5284404344687419,0.0,8.181971489187697,0.0,0.005916343258866857,0.4347775528378778,0.673338853947154,0.9941459194162969,0,,False,head_on,33,0.0,False,0.0,head_on_width,57
model,head_on,7.043298050036922,1.4300146119796155,188.9556404236401,,,,goal,False,False,61,106.60609674927485,-14.81818471354264,12,0,0,0,6,2.087797162799584,0.0,0.0,0.0,0.9963530572632663,0.6301555311697881,0.8869776262304754,2.6205876503513448,0,,False,head_on,25,0.0,False,0.0,head_on_width,58
model,head_on,6.999999999999999,0.5956007947889601,171.4137351270706,,,,goal,False,False,63,108.25706711455996,-12.51152254195718,12,0,2,0,4,2.1249199534539627,0.0,0.09404504754036574,0.0,0.36769035582549975,0.6210073717473661,0.8745589001664444,1.9419662092234669,0,,False,head_on,28,0.0,False,0.0,head_on_width,59
model,head_on,7.91311708924773,0.7589141160070894,188.5960326544994,,,,goal,False,False,66,92.54371474828886,-14.044987050129475,7,0,2,0,5,1.8979003985595855,0.0,0.08717894159480602,0.0,0.9636746416707165,0.5976012043965574,0.865436472072011,1.3715803064825742,0,,False,head_on,23,0.0,False,0.0,head_on_width,60
model,head_on,7.999999999999999,1.2248627607666025,177.49061558127943,,,,goal,False,False,61,113.52756563722427,-7.661717338328263,11,0,0,0,4,1.4435355851302203,0.0,0.0,0.0,0.11471470931859369,0.6475758964237486,0.8538380238313462,3.1268422950083443,0,,False,head_on,24,0.0,False,0.0,head_on_width,61
model,head_on,7.999999999999999,0.8488119099963607,179.77841623459886,,,,goal,False,False,72,72.30168885209956,-28.084571668582978,10,0,14,0,3,3.2136110065819947,0.0,3.2476397593334863,0.0,0.10793201164478931,0.5723593503555233,0.8423950103018162,1.3121574605615889,0,,False,head_on,32,0.0,False,0.0,head_on_width,62
model,head_on,7.999999999999998,0.5577780141895179,181.73638987831518,,,,goal,False,False,64,87.21077833473082,-28.199586294216623,10,0,8,0,1,4.498579248640597,0.0,1.2994955681346514,0.0,0.2785411040357601,0.6154859149197471,0.8285470080663442,1.2513362724867954,0,,False,head_on,25,0.0,False,0.0,head_on_width,63
model,head_on,7.134894712394826,0.23241010159911024,174.96382864421315,,,,goal,False,False,66,94.29715290605512,-21.510297838798042,10,0,0,0,6,3.2161931160579504,0.0,0.0,0.0,1.242253758735819,0.5858179945243611,0.826273101406332,1.7935380907435294,0,,False,head_on,32,0.0,False,0.0,head_on_width,64
model,head_on,7.711537303933762,1.2005729403251244,185.37459793469242,,,,collision:target,True,True,31,-323.2660119678474,-27.325971917131287,4,0,22,0,3,2.835314336405343,0.0,3.157169391807588,0.0,0.42785692031500405,0.5055807913650632,0.6661661464553318,1.670167796381893,0,,False,head_on,24,0.0,False,0.0,head_on_width,65
model,head_on,7.7911180551681705,0.4570427385228544,170.45725794523702,,,,goal,False,False,61,88.22550011627342,-23.295722798192656,6,0,5,0,7,2.9066069982591607,0.0,0.7927406629098248,0.0,1.34536706007432,0.6584989854574569,0.9263235147703236,1.6576374769495121,0,,False,head_on,24,0.0,False,0.0,head_on_width,66
model,head_on,7.846590976080244,1.9112000156973665,175.31745985542278,,,,goal,False,False,64,121.73538606991487,-11.292939098633019,9,0,0,0,0,2.2814018381076804,0.0,0.0,0.0,0.0,0.6106743910995227,0.762605168535259,3.3593887097651636,0,,False,crossing,27,1.0,True,0.0,head_on_width,67
model,head_on,7.771573946750956,1.840716953859967,178.36331706632063,,,,goal,False,False,63,86.43971675718859,-37.46439102169589,13,0,26,0,2,1.2655278927935834,0.0,8.525706626579588,0.0,0.11277424370692017,0.5980824019239478,0.7530092598891607,1.4492648661484653,0,,False,head_on,26,0.0,False,0.0,head_on_width,68
model,head_on,8.0,0.7429086685850401,175.34012998128836,,,,goal,False,False,61,88.77110110736523,-15.412829310523701,10,0,0,0,6,2.2778498878482654,0.0,0.0,0.0,0.9194383034832856,0.6576297794293753,0.9135394744751362,3.214583898066203,0,,False,head_on,21,0.0,False,0.0,head_on_width,69
model,head_on,8.03523956072711,1.7056406923796066,175.83686086831378,,,,goal,False,False,62,89.93757454703774,-39.92525470100021,11,0,28,0,7,1.0017239801922986,0.0,9.346076509080982,0.0,0.2935212369681785,0.607137463006343,0.8028591561660293,1.4432952243322152,0,,False,head_on,28,0.0,False,0.0,head_on_width,70
model,head_on,7.999999999999998,0.5220743990799206,173.00682712496027,,,,goal,False,False,64,93.02970219504813,-26.212985063048244,10,0,2,0,9,3.452441336622007,0.0,0.10861213803654299,0.0,1.9405326110750551,0.6223877466371233,0.863270664310013,1.5010450775543744,0,,False,head_on,26,0.0,False,0.0,head_on_width,71
model,head_on,7.315116754305651,0.015575077797397752,189.9520951299898,,,,goal,False,False,66,83.94551513466106,-10.70487916690069,8,0,2,0,3,1.8078745383515777,0.0,0.19650626909177385,0.0,0.2329950296288874,0.588524313944804,0.8406855040449548,1.8001487040223325,0,,False,head_on,33,0.0,False,0.0,head_on_width,72
model,head_on,8.28004608486106,1.611600490742285,187.4718115037299,,,,goal,False,False,61,108.0688240849297,-3.2765481209147973,7,0,0,0,2,0.23802507545587784,0.0,0.0,0.0,0.4662942216462669,0.6553180856629435,0.9057714572280746,3.713146388879214,0,,False,head_on,22,0.0,False,0.0,head_on_width,73
model,head_on,8.07299923016955,1.4530951074163598,170.337965767494,,,,collision:target,True,True,29,-325.51018658270044,-27.786065654941353,3,0,22,0,7,0.5283611739502638,0.0,5.831864833225889,0.0,0.9279920987276323,0.4799373144896584,0.6283316140803845,1.594103419047081,0,,False,head_on,24,0.0,False,0.0,head_on_width,74
model,head_on,7.937208877736978,1.4671958493469026,183.96019323639712,,,,goal,False,False,61,114.95753136251015,-4.8491831419780675,8,0,0,0,1,0.9223482793712181,0.0,0.0,0.0,0.06301314646456392,0.6440553277110911,0.8967174002414809,3.23504898249952,0,,False,head_on,23,0.0,False,0.0,head_on_width,75
model,head_on,7.999999999999998,0.3400603298527174,181.04111298916908,,,,goal,False,False,65,93.64828967113974,-24.829613390183226,10,0,6,0,5,3.8770625724966195,0.0,0.8966507116991431,0.0,0.5356024653795661,0.6121749047554655,0.8302722606667565,1.360093420663298,0,,False,head_on,25,0.0,False,0.0,head_on_width,76
model,head_on,8.018346250721892,1.47502256148603,173.8525041139263,,,,collision:target,True,True,34,-337.3841592968249,-33.88953367228279,8,0,29,0,3,0.9722643105913511,0.0,7.772467752608055,0.0,0.2435425389925774,0.4698008107152108,0.6360036783215022,1.1802803435238303,0,,False,head_on,29,0.0,False,0.0,head_on_width,77
model,head_on,8.049483485756483,1.4300146119796155,188.9556404236401,,,,goal,False,False,60,100.88749638670299,-15.53528971277745,9,0,0,0,3,2.72765111404048,0.0,0.0,0.0,0.45187037739490526,0.6463886815416605,0.8981385922630821,2.5962113340501043,0,,False,head_on,23,0.0,False,0.0,head_on_width,78
model,head_on,7.999999999999998,0.5956007947889601,171.4137351270706,,,,goal,False,False,64,110.43856238233073,-18.072097141677002,9,0,2,0,4,3.0196084281272704,0.0,0.16566957661976295,0.0,0.5619166548035261,0.6114984226405416,0.8457809009798235,1.9442438855753992,0,,False,head_on,25,0.0,False,0.0,head_on_width,79
model,head_on,9.891396361559664,0.7589141160070894,188.5960326544994,,,,goal,False,False,66,92.85556531065924,-19.589011405787094,5,0,5,0,6,2.910131701339945,0.0,0.7260020842770737,0.0,0.5711671068348666,0.6084810076949921,0.8553189063929048,1.466674546731044,0,,False,head_on,26,0.0,False,0.0,head_on_width,80
model,head_on,9.999999999999998,1.2248627607666025,177.49061558127943,,,,goal,False,False,60,111.50850121567564,-5.9151280298958175,10,0,0,0,2,1.1618275616243616,0.0,0.0,0.0,0.036462577745605906,0.6582017185587093,0.895593475243305,3.203914647098166,0,,False,head_on,22,0.0,False,0.0,head_on_width,81
model,head_on,10.0,0.8488119099963607,179.77841623459886,,,,goal,False,False,66,80.58101246830947,-25.65817322582068,5,0,19,0,5,2.1879957308101368,0.0,3.88322897939749,0.0,0.18843778499545222,0.6065435107440078,0.8717926491599138,1.1629746724071817,0,,False,head_on,32,0.0,False,0.0,head_on_width,82
model,head_on,9.999999999999998,0.5577780141895179,181.73638987831518,,,,goal,False,False,64,90.66815787615124,-24.610122891567784,6,0,6,0,6,3.0768121450274837,0.0,0.9122837102237735,0.0,1.3545958704169232,0.6279126278373119,0.8767338133333417,1.5308773199340842,0,,False,head_on,25,0.0,False,0.0,head_on_width,83
model,head_on,8.918618390493533,0.23241010159911024,174.96382864421315,,,,goal,False,False,64,99.40482026146084,-18.635147030807822,15,0,0,0,5,3.316537353340327,0.0,0.0,0.0,0.4929526959496011,0.6114900449468195,0.8016749320648614,2.189699887586828,0,,False,head_on,32,0.0,False,0.0,head_on_width,84
model,head_on,9.639421629917205,1.2005729403251244,185.37459793469242,,,,goal,False,False,65,71.85045110984701,-27.630794682936852,9,0,12,0,6,3.544440993764199,0.0,1.941163628570802,0.0,0.6883606002109275,0.6254044970437146,0.9039849975218495,1.2968962034771971,0,,False,head_on,28,0.0,False,0.0,head_on_width,85
model,head_on,9.738897568960214,0.4570427385228544,170.45725794523702,,,,goal,False,False,63,87.66239695933179,-22.779712986280018,10,0,11,0,4,2.9333506676881758,0.0,1.7374301039206257,0.0,0.44552862380206526,0.6466170932348094,0.9093954787103186,1.7571186360171096,0,,False,head_on,25,0.0,False,0.0,head_on_width,86
model,head_on,9.808238720100306,1.9112000156973665,175.31745985542278,,,,goal,False,False,61,130.35527602887706,-3.2242855626909828,12,0,0,0,1,0.6223103891733037,0.0,0.0,0.0,0.03196647472958413,0.6293604034419857,0.8221886613287085,3.261801253218465,0,,False,head_on,29,0.0,False,0.0,head_on_width,87
model,head_on,9.714467433438696,1.840716953859967,178.36331706632063,,,,goal,False,False,63,86.96866347054711,-33.66493889925022,15,0,22,0,1,1.7367838955527972,0.0,6.915072697640737,0.0,0.038577089946048554,0.6205584063353893,0.7383552214007915,3.1449284862965246,0,,False,head_on,22,0.0,False,0.0,head_on_width,88
model,head_on,10.0,0.7429086685850401,175.34012998128836,,,,goal,False,False,64,111.72896910973903,-4.796978144437715,4,0,0,0,2,0.8173697408989783,0.0,0.0,0.0,0.16688842821950495,0.6323905009670817,0.8809765524499844,3.094001624312094,0,,False,head_on,22,0.0,False,0.0,head_on_width,89
model,head_on,10.044049450908886,1.7056406923796066,175.83686086831378,,,,goal,False,False,64,83.86768083395798,-30.82181022878497,19,0,24,0,3,1.5451234279163926,0.0,6.354831247066843,0.0,0.06579039359070829,0.6222593360945565,0.7188217205439622,3.9707356752724396,0,,False,head_on,25,0.0,False,0.0,head_on_width,90
model,head_on,10.0,0.5220743990799206,173.00682712496027,,,,goal,False,False,62,89.92007737701124,-21.532394605150255,7,0,11,0,7,2.432570099148491,0.0,1.7273371049720274,0.0,0.727279785881317,0.6473296751384441,0.9105954421951455,1.5330153495717882,0,,False,head_on,26,0.0,False,0.0,head_on_width,91
model,head_on,9.143895942882063,0.015575077797397752,189.9520951299898,,,,goal,False,False,66,101.23740994972206,-14.252613110845079,10,0,4,0,6,1.8204551306759407,0.0,0.5259231737051707,0.0,0.7440081752579019,0.5924793994587073,0.8349373185525584,1.9370941821214165,0,,False,head_on,32,0.0,False,0.0,head_on_width,92
model,head_on,10.350057606076323,1.611600490742285,187.4718115037299,,,,goal,False,False,60,108.44100316714814,-6.4861261246335085,7,0,0,0,2,1.0889712498702304,0.0,0.0,0.0,0.2434929861724146,0.6621714253713332,0.929917222719156,3.216915798343899,0,,False,head_on,20,0.0,False,0.0,head_on_width,93
model,head_on,10.091249037711938,1.4530951074163598,170.337965767494,,,,goal,False,False,64,103.67851750506148,-36.567874074475014,5,0,24,0,3,0.7583031993721128,0.0,8.731995275657448,0.0,0.3064644989369431,0.5931701948484326,0.7389054736583278,1.8595710879740708,0,,False,head_on,24,0.0,False,0.0,head_on_width,94
model,head_on,9.921511097171225,1.4671958493469026,183.96019323639712,,,,goal,False,False,61,127.58807295944969,-8.600599185869324,3,0,0,0,4,0.8980674173590457,0.0,0.0,0.0,0.9233701044315661,0.6328396825970685,0.8498540618311485,1.7751474083425367,0,,False,head_on,16,0.0,False,0.0,head_on_width,95
model,head_on,10.0,0.3400603298527174,181.04111298916908,,,,goal,False,False,64,94.55423767143652,-22.562308661950976,7,0,11,0,6,2.9947787161863024,0.0,1.8711379124840974,0.0,0.22267945153022814,0.6261476975838035,0.8847154629714081,1.4166005881013801,0,,False,head_on,26,0.0,False,0.0,head_on_width,96
model,head_on,10.022932813402369,1.47502256148603,173.8525041139263,,,,goal,False,False,63,83.69437423684012,-15.943026368094575,11,0,13,0,4,0.8038179543296724,0.0,3.163166057286425,0.0,0.1281621528736817,0.6335838960274347,0.7235122414075432,4.385211786725668,0,,False,head_on,24,0.0,False,0.0,head_on_width,97
model,head_on,10.061854357195601,1.4300146119796155,188.9556404236401,,,,collision:target,True,True,28,-324.2836531767506,-11.058724083687151,2,0,8,0,6,0.7257085439621355,0.0,0.9783580405300173,0.0,0.8765284100370041,0.43269349352355896,0.6252758328069058,1.8034459532346687,0,,False,head_on,23,0.0,False,0.0,head_on_width,98
model,head_on,10.0,0.5956007947889601,171.4137351270706,,,,goal,False,False,63,100.87304536251803,-17.468021781442395,5,0,6,0,8,1.708003699528012,0.0,0.9325389812393925,0.0,1.2569473636259831,0.6244818905063675,0.8975552513886831,1.7255437356902323,0,,False,head_on,24,0.0,False,0.0,head_on_width,99
