episode_id,obstacle_count,group,seed,success,obstacle_collision,border_collision,timeout,term_reason,rms_cte,mean_cte,mean_signed_cte,max_cte,std_cte,min_obstacle_clearance,min_border_clearance,min_lateral_border_clearance,min_front_clearance,path_completion_steps,path_completion_time_s,mean_speed,mean_rpm,control_effort,control_effort_deg2s,mean_abs_rudder_rate,mean_abs_rudder_rate_achieved,mean_abs_rudder_deg,rudder_saturation_fraction,mean_abs_course_error,ep_reward,reference_path_length,actual_path_length,path_efficiency,d_end
4204000,4,obs_4,11040024,1,0,0,0,goal,1.6149610823964695,1.2388781741813082,-1.2162021006869208,2.8190693855285645,1.0625214105795224,0.4235985344886608,0.9882999427146815,1.1461559091672857,4.378037166595459,233,23.3,0.8562139473914394,12.304336215805087,12.402514125645107,19844.022601032168,71.76160997357862,15.357894845234483,26.69839319753033,0.017167381974248927,15.613157038088623,77.92855583043661,20.018483228397873,19.94978497422054,0.9965682587739776,1.314051649077219
4204001,4,obs_4,11040062,1,0,0,0,goal,1.6947486341237408,1.3255887852316868,-1.1850384927267201,2.9774272441864014,1.211551362353354,0.4997302170619287,0.9886712253271666,2.2807756001915998,5.924156951904297,242,24.200000000000003,0.8377212402721818,12.215670350169347,12.814759995880719,20503.615993409152,57.59079980652361,13.78246038375335,26.710198132459784,0.028925619834710745,18.572077237874364,87.75340877633033,20.000534417928638,20.272854014586798,1.0136156160114427,1.6592224132483107
4204002,4,obs_4,11040103,1,0,0,0,goal,1.65804694402443,1.2503773418349633,-1.2503773418349633,2.8097329139709473,1.0888875844707222,0.22968033956435996,0.9889501711036526,2.5539976828631,5.8224019527435305,207,20.700000000000003,0.9377128035195855,13.607720369014187,9.356664480312142,14970.66316849943,71.41871197709759,14.118480971514073,24.517895104228586,0.014492753623188406,10.940396305098714,87.11504310643781,20.0,19.41065503285542,0.970532751642771,1.9607587692495791
4204003,4,obs_4,11040110,1,0,0,0,goal,1.425329762125682,1.106634124571374,-0.7507457513111964,2.608490467071533,1.2115881097507688,0.35542759759895814,0.9882505991972417,1.1611408013271074,4.517176914215088,268,26.8,0.753035920640452,11.5679228650545,14.68410672972168,23494.570767554684,49.564382288786355,12.626785569777978,27.447379471650763,0.0037313432835820895,16.847197987952054,77.88838803144398,20.0,20.181362673164113,1.0090681336582057,1.9641966854729855
4204004,4,obs_4,11040124,1,0,0,0,goal,1.3530433319982185,1.0225297160967692,-0.9689368159460963,2.446094512939453,0.9443980648905855,0.2779944606154833,0.9882526275627894,2.147435544189948,4.509196853637695,227,22.700000000000003,0.8722150106712855,12.224261221644111,8.94328628711716,14309.258059387457,70.28739135877221,12.600233531320937,22.087915794439777,0.05726872246696035,14.17352894118612,82.10968269147398,20.0,19.79928074223818,0.9899640371119091,1.4014731575091455
4204005,4,obs_4,11040143,0,0,1,0,border,1.287372550192524,0.8757743255623306,-0.8757743255623306,2.7913551330566406,0.9435822241198949,0.32986152104397726,-0.0025102102773519874,-0.0025102102773519874,5.4028157711029055,150,15.0,0.7453345697415559,12.005740365982057,9.867156402749565,15787.4502443993,51.05474427242407,15.395086833251225,30.288270727793375,0.02666666666666667,11.422557038452403,-999.8943992814711,20.0,11.180018546123339,0.5590009273061669,9.664815029175847
4204006,4,obs_4,11040206,1,0,0,0,goal,1.5530702205613498,1.1883704431165825,-0.963345022923022,2.816985607147217,1.218192709222938,0.2989182255154451,0.9883272392298857,2.5557454888594897,3.9447569847106934,256,25.6,0.792810442708756,12.044600697699934,14.248563689945934,22797.70190391349,50.82343980377795,12.845870765654045,27.492459770292044,0.0,17.841278337301176,82.26159342773553,20.024534185789715,20.29594733334416,1.01355403052257,1.7598084182058453
4204007,4,obs_4,11040210,1,0,0,0,goal,1.3045746857130645,0.9830558356195348,-0.9830558356195348,2.3364367485046387,0.8576224895941799,0.21681591573598935,0.04099274278827636,0.04099274278827636,6.940702342987061,219,21.900000000000002,0.8779404737498515,12.570197003344967,10.376660674541125,16602.6570792658,61.074883675356524,12.658938803919124,24.69372212614643,0.0091324200913242,9.94998010543119,68.44843800293762,20.009664048529082,19.22689637512175,0.9608805189577947,1.705092652340397
4204008,4,obs_4,11040275,1,0,0,0,goal,1.6475262920946003,1.3005204272125603,-1.3005204272125603,2.7115426063537598,1.0114294347831898,0.25086668100632536,0.12281769371595352,0.12281769371595352,2.924178123474121,228,22.8,0.8493545523294688,12.886910607156,15.269737134595289,24431.579415352466,45.10250123061797,13.816036593389166,30.723152139730622,0.043859649122807015,11.688763129292386,56.55953389045791,20.0,19.365283793111885,0.9682641896555942,1.8811552531440199
4204009,4,obs_4,11040285,0,0,1,0,border,1.373043410997341,0.8656522205258769,-0.8360366192830139,3.369415283203125,1.0891698580575215,0.4160597693694269,-0.006868005745007011,-0.006868005745007011,5.0029326438903805,152,15.200000000000001,0.6876910052742391,11.745828385807966,8.829529124362518,14127.246598980026,65.99412153888221,14.780677919352467,28.20904121587151,0.1118421052631579,14.386064742613108,-998.743934941911,20.01296176677856,10.452903280168435,0.5223066631506894,10.866406264893019
4204010,4,obs_4,11040308,1,0,0,0,goal,1.7543109959436354,1.2941366107299712,-1.2941366107299712,3.132762908935547,1.1844059706270873,0.17251443432250543,0.7776880829218502,0.7776880829218502,3.588504934310913,265,26.5,0.7470792619815428,11.961238657303577,14.553706180623221,23285.929888997154,47.405950499303415,11.07110430019554,26.672993866902477,0.018867924528301886,14.739015624237659,74.80514961744097,20.0,19.797600442510884,0.9898800221255442,1.9835871309031832
4204011,4,obs_4,11040321,1,0,0,0,goal,1.3423536163913654,1.0249876344064452,-0.8984011773773957,2.4095914363861084,0.9973908741942079,0.19685949243546108,0.28046727769536517,0.28046727769536517,3.965738296508789,231,23.1,0.8610562958816953,12.27235016652516,11.503670707287663,18405.873131660257,65.64767194830853,13.734205444892142,25.51337866556077,0.012987012987012988,14.969747196719691,69.33262869108718,20.0,19.89040043486716,0.9945200217433581,1.6529126161161918
4204012,4,obs_4,11040339,0,1,0,0,obstacle,1.2019642769756729,0.8834255761432427,0.8834255761432427,2.6313421726226807,0.8150321309872586,0.0,0.9894970094814125,2.831510470363974,4.792499542236328,135,13.5,0.9980736708320354,11.99094066619873,3.823666278646803,6117.866045834886,87.49804817028898,13.277781330411475,17.74246992888274,0.0,9.861031133995981,-972.2807990354214,20.014932401870976,13.473994556232482,0.673197105325869,7.323651306614096
4204013,4,obs_4,11040373,0,1,0,0,obstacle,0.526498313323129,0.3506342469070182,0.3186274463701241,1.2362910509109497,0.419138431012659,0.0,0.9732031847133253,0.9732031847133253,0.11675433218479156,99,9.9,0.7643571734956341,12.22555176597653,5.3324023759617365,8531.843801538778,51.252936830326,14.064265890610145,25.890213118659126,0.20202020202020202,7.297732005786642,-980.9878198342218,20.0,7.56713601760678,0.37835680088033896,12.638574997852727
4204014,4,obs_4,11040397,1,0,0,0,goal,1.4917765455328331,1.1553725060032405,-1.1289890479184341,2.596450090408325,0.9750799923504226,0.3345686528779088,0.9882926732526243,1.9333488949024944,6.253383922576904,216,21.6,0.9157708744068208,12.639528773725033,10.463608407328929,16741.773451726283,61.77756353866222,13.028120451480465,23.554268059907137,0.08333333333333333,14.797654416038187,82.7619783683611,20.01409388357223,19.78065088718733,0.9883360696845481,1.32402582425329
4204015,4,obs_4,11040408,1,0,0,0,goal,1.6056244135382716,1.2904645749580512,-1.2904645749580512,2.6420178413391113,0.9553695296211068,0.430817303772885,0.9890187968588121,2.660619718778075,6.848082733154297,197,19.700000000000003,0.9894996874181688,13.854958452549077,11.194248300527157,17910.797280843453,73.82629951652216,16.11846945253871,27.85317986144632,0.06598984771573604,12.227948008781139,81.6295511464739,20.0,19.493143842137926,0.9746571921068963,1.385363040898597
4204016,4,obs_4,11040419,1,0,0,0,goal,1.5620513130670048,1.1205277095131319,-1.0471555591735746,2.8930208683013916,1.1590813343101645,0.23313484276646834,0.9891019765446718,2.2360929219739702,3.7506622314453124,261,26.1,0.778666456897883,12.27411629961825,11.462592966824651,18340.14874691944,57.04498749512892,12.74282591905667,23.600941846197134,0.0038314176245210726,16.523183712713653,94.64368142830459,20.001942154890493,20.32319452503475,1.0160610588540129,1.2405786594540829
4204017,4,obs_4,11040437,1,0,0,0,goal,2.0085151867463504,1.561380375252836,-1.398309553956066,3.5184643268585205,1.4418264967415164,0.3389533013013123,0.9884358524884167,1.6687880581213101,3.870497226715088,269,26.900000000000002,0.7725695354244384,12.097608110053832,14.635089674236355,23416.14347877817,47.5707785407109,12.055492432952388,26.996328724361263,0.06319702602230483,20.757774124960434,77.98631622721797,20.0,20.782120502917394,1.0391060251458697,1.721332378008331
4204018,4,obs_4,11040455,1,0,0,0,goal,1.5522493417806453,1.1882641690422153,1.1691197022628834,2.5641183853149414,1.0210960487824803,0.3060613474782328,0.9883535546200172,2.988678085054116,6.9294891357421875,217,21.700000000000003,0.8868255190159404,11.41078682566568,8.740523129011297,13984.837006418076,68.97672701764989,12.822076475446453,22.134906410621607,0.07373271889400922,9.174840704220726,83.61471035180824,20.0,19.24411376264591,0.9622056881322955,1.9004556112696005
4204019,4,obs_4,11040461,1,0,0,0,goal,1.5951428147949749,1.30020968026464,-1.30020968026464,2.696815252304077,0.9240862443182228,0.3724948052915802,0.9468303203989787,0.9468303203989787,5.2099940299987795,212,21.200000000000003,0.9330690591904449,13.363227266185689,11.99467285868451,19191.476573895216,52.37320068323216,13.46673682172828,27.37791750790938,0.16037735849056603,15.344760834774048,86.89997300557316,20.02987755659511,19.781064054837437,0.9875778820387372,1.312905945775234
4204020,4,obs_4,11040478,0,0,1,0,border,0.8449266675460889,0.5432773398776208,-0.2976331310406808,2.4092979431152344,0.7907689882876415,0.4911287483354386,-0.022308273475601936,-0.022308273475601936,5.617117500305175,155,15.5,0.7957409741168847,12.261771224775622,8.72693238673056,13963.091818768899,66.02575778961182,16.111041621787273,27.962898669704312,0.04516129032258064,13.13364449361392,-973.0408055029997,20.042778948374636,12.333985098811716,0.6153829830973583,8.671203190894387
4204021,4,obs_4,11040486,0,0,1,0,border,1.3187910539902994,0.908532832435494,-0.908532832435494,2.6648435592651367,0.9559173272158964,0.4685936728419608,-0.0054454457180721505,-0.0054454457180721505,5.176366329193115,167,16.7,0.8144189277170624,12.191108385959785,9.989570576995947,15983.312923193515,59.20970439910889,14.606719613108815,28.276111494281334,0.1377245508982036,9.066790289399902,-988.6654445456293,20.0,13.600796092874944,0.6800398046437472,7.266510179745925
4204022,4,obs_4,11040496,1,0,0,0,goal,1.5797731385388671,1.1801826515212566,-1.167611034667441,2.870832920074463,1.064127643176217,0.5231785951599687,0.988489910119361,2.05444969091549,6.091904926300049,249,24.900000000000002,0.8055899589751235,11.805056752928769,12.47933278616924,19966.932457870782,62.120662581536074,15.181806818727598,25.790362664494648,0.05220883534136546,15.491575915370987,84.65813491833552,20.0,20.059189978480582,1.0029594989240291,1.3138687727483556
4204023,4,obs_4,11040501,1,0,0,0,goal,1.6450789197399014,1.265127634912188,-1.265127634912188,2.87388014793396,1.0515401654497534,0.20496257987012012,0.9886257688756862,2.1624661942956305,5.5246381759643555,234,23.400000000000002,0.8429684952644497,12.42656139150644,11.578094711489001,18524.951538382396,68.24289186829661,14.557462727476334,25.459154966549995,0.01282051282051282,14.122203717317776,80.69802853655692,20.0,19.72546278918813,0.9862731394594064,1.497192135836251
4204024,4,obs_4,11040527,1,0,0,0,goal,2.076543435998006,1.7011534711043799,-1.7011534711043799,3.051739454269409,1.1908440323299796,0.23728510314106463,0.9884789324160602,2.4192411776432805,3.8328372955322267,208,20.8,0.9608875954207377,14.170295674640398,13.066675522340796,20906.680835745276,71.01489011792168,15.247639025550358,29.694921385783417,0.03365384615384615,12.099251117601476,72.83823024858744,20.0,19.986461984751344,0.9993230992375672,1.7707377077714526
4204025,4,obs_4,11040570,0,0,1,0,border,0.6569384404629853,0.4031253368455779,-0.4031253368455779,1.8840495347976685,0.5187080849100761,0.7103290822135883,-0.058175653557455576,-0.058175653557455576,4.216806125640869,135,13.5,0.7018584183698775,11.447565246952905,5.617766396682062,8988.4262346913,41.40200508174612,13.136800170725508,21.664368682437473,0.0,8.69401162889053,-984.530174378313,20.00196870115438,9.475088647993347,0.4737078029447426,10.99363822615154
4204026,4,obs_4,11040625,1,0,0,0,goal,1.7229036027234903,1.3055218328986609,-1.3055218328986609,3.069957733154297,1.1242818010189897,0.30905301248994094,0.9883093164775465,1.3834646270079247,3.251973819732666,255,25.5,0.791152323844556,12.138096002971425,14.49595423042108,23193.526768673724,61.768762333186594,14.847222038185377,27.263152823728674,0.07450980392156863,16.58463164039717,75.94215061325836,20.0,20.174384258036184,1.0087192129018092,1.3105725737204796
4204027,4,obs_4,11040671,0,1,0,0,obstacle,0.2927845709799984,0.18253976625204085,-0.18253976625204085,0.9979829788208008,0.2289149159416922,0.0,0.9883153322604532,3.464275485536964,1.8394513845443725,125,12.5,0.6862832750738633,11.856811148643494,6.146650617589609,9834.640988143376,52.46276893923359,15.064457050083908,24.913458232879638,0.048,5.6405638946055445,-983.1348739009496,20.005732476558475,8.578540938423293,0.4288041414367165,11.618555539451565
4204028,4,obs_4,11040705,1,0,0,0,goal,1.6030259017210784,1.283003585298755,-0.6934992573467691,2.8747386932373047,1.4452511275374107,0.3727559573926367,0.7285403586288783,0.7285403586288783,3.662467288970947,295,29.5,0.6972029732197748,11.409674242391425,17.683752178215446,28294.003485144713,41.82559438303214,10.878996976448022,29.397749682604257,0.020338983050847456,18.498542158508716,70.34673391324762,20.000133147823888,20.567487709983354,1.0283675392541674,1.9903967669912348
4204029,4,obs_4,11040720,1,0,0,0,goal,1.423260296989975,1.1171090333563525,1.1171090333563525,2.319470167160034,0.8818941436372211,0.22380950544689066,0.98885137423665,1.2735726083892627,6.136926746368408,205,20.5,0.9353015334424437,10.881411844637336,8.008383481399315,12813.413570238903,66.66512980180627,12.715071393720535,21.9464324625527,0.04390243902439024,8.170056585795278,90.30486674105937,20.0,19.173681435570096,0.9586840717785048,1.9488410911212888
4204030,4,obs_4,11040721,1,0,0,0,goal,1.6342649488329106,1.2958152685789985,-1.108319957911017,2.8294999599456787,1.2010198973705462,0.05871369138382253,0.9894675232827685,2.3859878807265824,1.5028241395950317,235,23.5,0.8594989753958984,12.813966919259823,13.514112356254692,21622.57977000751,51.22221514709994,12.878228965017527,28.23359586837444,0.0425531914893617,18.220206234849588,89.89751529882771,20.000408877585524,20.198225921803612,1.0098906500076497,1.6498599007387986
4204031,4,obs_4,11040729,1,0,0,0,goal,1.5302072682534826,1.252038309910344,-1.252038309910344,2.4277937412261963,0.87973538881452,0.18873888690604007,0.9884933212745595,1.5051791751115395,2.194736099243164,198,19.8,0.9783235474483832,13.953967690467834,12.240862672958256,19585.38027673321,57.739376053592274,14.722972611438347,28.849211148541382,0.045454545454545456,11.674206234313889,79.63825251432779,20.0,19.370806239477993,0.9685403119738997,1.4512448675239351
4204032,4,obs_4,11040735,1,0,0,0,goal,1.824906963269625,1.3957474950321638,-1.3957474950321638,3.2250003814697266,1.1756591150080047,0.29918458696105915,0.9884228422013841,1.4235142158950076,5.008804702758789,259,25.900000000000002,0.7858446775768914,11.981343381883555,13.844128426967902,22150.60548314864,64.78852763656498,14.674733448314857,26.835363399107944,0.04247104247104247,18.16450125022817,71.08932615304472,20.0,20.35337714924149,1.0176688574620745,1.320504678053483
4204033,4,obs_4,11040747,0,0,1,0,border,1.2535253871636187,0.8185087371211067,-0.8185087371211067,2.5955028533935547,0.9494047311447903,0.3062960849051293,-0.005882511144527314,-0.005882511144527314,2.7970653057098387,181,18.1,0.8234012003476343,12.345125057091371,9.896413590409338,15834.261744654941,54.79456981023152,14.59998130088486,26.150829133407846,0.12154696132596685,8.087563808057553,-985.5235491395466,20.0,14.903561726292182,0.7451780863146091,6.042632173880674
4204034,4,obs_4,11040753,1,0,0,0,goal,1.4845126763571683,1.1108852212960532,-1.1108852212960532,2.6547718048095703,0.9847395144763623,0.20088272653585157,0.988377988054046,1.6342897922722006,3.8355154991149902,236,23.6,0.8272556688789274,12.353533643282066,10.062711167428503,16100.337867885602,58.04910558335324,14.029083077727295,22.43129039214829,0.00423728813559322,11.625123114887483,82.1834311515502,20.009358244206183,19.52323378554269,0.9757051449261621,1.45457646719143
4204035,4,obs_4,11040779,0,0,1,0,border,0.6337514611361278,0.4012120995348511,-0.4012120995348511,1.7651176452636719,0.49058104904186184,1.8332943733927003,-0.009199541131946987,-0.009199541131946987,5.095850849151612,107,10.700000000000001,0.523462064876598,11.030686526097984,7.2808712417890336,11649.393986862453,29.325330932185334,13.546552891228986,31.006189952386872,0.08411214953271028,13.372824439460137,-1006.6974533197838,20.0,5.601044094179597,0.28005220470897985,14.917135788251057
4204036,4,obs_4,11040807,1,0,0,0,goal,1.3381033457596472,1.044834670993562,-0.7219200086017902,2.425079822540283,1.126655255663219,0.3715350083004505,0.26437495933592103,0.26437495933592103,4.8381349563598635,253,25.3,0.7914532862161615,11.64919056675651,12.70678160474202,20330.85056758723,52.814574847145686,12.429583825889083,25.741658173059758,0.02766798418972332,16.101852086910313,72.573175056846,20.00415180662143,20.02376814126889,1.000980613166561,1.9240032856512042
4204037,4,obs_4,11040816,0,1,0,0,obstacle,0.6670834300660355,0.47260953213047724,0.47260953213047724,1.3758596181869507,0.4707871417191412,0.0,0.9893534985023058,3.561897398720772,0.7047093391418457,115,11.5,0.9373795656710859,13.711564420098844,5.258554784605924,8413.68765536948,68.38752993366174,14.905525760330182,24.479442492775295,0.02608695652173913,6.002838048988875,-972.4857778253646,20.000997971496226,10.779865005217486,0.5389663566078083,9.437233128099097
4204038,4,obs_4,11040843,1,0,0,0,goal,1.513400080480994,1.1987520263098725,1.1987520263098725,2.469961166381836,0.923782107976688,0.15945198300933858,0.9888096161446283,2.643557203529212,5.66681342124939,205,20.5,0.9365772006306334,12.00130216144934,4.994909133391054,7991.854613425685,57.57697937535305,10.536421647296047,15.675902692283072,0.024390243902439025,9.93549118413267,88.32627401912018,20.02580159305415,19.199832612927985,0.958754760637764,1.7668491313768797
4204039,4,obs_4,11040895,1,0,0,0,goal,2.0406230209669514,1.5943398092713628,-1.5927398470288852,3.457292318344116,1.2756653532124678,0.40725724769228183,0.9884062712118166,2.477713382672279,4.767100048065186,239,23.900000000000002,0.8471335457991349,12.60192722755496,11.464569677360316,18343.311483776502,68.35325144920029,13.64059298264688,24.603329303374352,0.100418410041841,17.58568964637165,80.40707211429,20.0,20.246491744599325,1.0123245872299662,1.2973886966664083
4204040,4,obs_4,11040923,1,0,0,0,goal,1.5561251926045632,1.2451322328214212,-1.2451322328214212,2.551623582839966,0.9333655970988703,0.3935844695363795,0.988270061840465,1.9772994759026759,3.214052152633667,208,20.8,0.9319057737011683,13.48830618422765,11.74585762329174,18793.372197266784,65.64310552993258,14.256064712150922,27.51739466419587,0.04807692307692308,11.68966070705858,76.32503356034884,20.0,19.383640092984308,0.9691820046492154,1.5445961286542624
4204041,4,obs_4,11040966,1,0,0,0,goal,1.6708251519920498,1.3080813440751955,-0.9489392556494315,3.009958505630493,1.3751985229837762,0.4183830389321536,0.9882608753335161,1.6637487370562596,3.8391637325286867,276,27.6,0.742589621671381,11.662429944976516,15.375908990796132,24601.454385273813,45.21198498119007,11.77614883809181,26.89689856508504,0.03985507246376811,18.740896535146536,76.64260490501297,20.0,20.495473558130115,1.0247736779065058,1.956082576319347
4204042,4,obs_4,11041042,1,0,0,0,goal,1.5938856380791115,1.2396528692285897,-1.2396528692285897,2.7452633380889893,1.0018643576294057,0.2946098894119993,0.9885391713761086,2.598268905732872,5.552012634277344,218,21.8,0.9045246700047667,13.051938609792552,10.642159092758915,17027.45454841426,75.5779802524549,14.671721388702423,25.726450167664694,0.0,13.61818128761153,83.14620139696981,20.0,19.718637806103914,0.9859318903051957,1.2580699724090914
4204043,4,obs_4,11041047,1,0,0,0,goal,1.5346051254887834,1.1842786002128074,-1.174923364802574,2.74710750579834,0.9872020958331897,0.5718939455638599,0.9883711117615614,2.350277935952148,6.370160388946534,240,24.0,0.8303678139821756,11.896408129483461,11.034853490709953,17655.765585135923,73.82852263031644,14.606033612526996,24.33093015352885,0.0625,15.405972588409712,82.49515437535237,20.08291313814741,19.928827535572218,0.9923275273106416,1.2971047117268233
4204044,4,obs_4,11041048,1,0,0,0,goal,1.539585868428225,1.2615790502526438,1.2590941417819033,2.4685542583465576,0.8860059753717154,0.12754703705530268,0.9895317541468003,2.2787147180550953,4.620226287841797,208,20.8,0.9429125669798465,12.60097900319558,7.58360866540849,12133.773864653584,61.56791949617689,12.289179200980197,19.88553797969451,0.09615384615384616,13.672222591894354,92.13543711386974,20.046933459267148,19.61258139318081,0.9783332414920773,1.1889124795534314
4204045,4,obs_4,11041051,0,1,0,0,obstacle,0.7152006914781497,0.4795044632328133,0.4795044632328133,1.7586514949798584,0.5306481874374347,0.0,0.9885043137336109,3.398619867205947,2.745982456207275,93,9.3,0.7199546794555083,12.147880781081415,3.7543812235162903,6007.009957626065,54.04042757075766,13.974428805251577,21.82850614670784,0.043010752688172046,11.78491207392272,-987.9023442103577,20.0,6.6955785189362285,0.3347789259468114,13.729252100856645
4204046,4,obs_4,11041058,1,0,0,0,goal,1.7525529697013706,1.3625397814947804,-1.3625397814947804,3.0037307739257812,1.1022373861620056,0.38591698938730107,0.9882542411449052,1.0860507495774563,3.83962345123291,236,23.6,0.8422512836667666,12.940818233510194,14.264720639833753,22823.553023734003,71.43555417973944,15.017845511224028,28.94708145472963,0.1059322033898305,15.19273416131542,75.56636244938382,20.0,19.87713029453569,0.9938565147267845,1.2693636110833195
4204047,4,obs_4,11041088,1,0,0,0,goal,1.6594409161462333,1.3200941295728563,-1.3200941295728563,2.729184627532959,1.0055325172502048,0.42422894909250614,0.9884188857025911,2.5682890346386955,5.250195503234863,207,20.700000000000003,0.936673837273059,13.371669263943382,11.580147115734396,18528.235385175034,59.57683961368301,13.101059587520345,27.688152893729832,0.04830917874396135,11.72365869926575,76.45681527004825,20.0,19.38914843155232,0.969457421577616,1.7515632109552526
4204048,4,obs_4,11041092,1,0,0,0,goal,1.5823657814915097,1.2225762358248693,-1.2095275075766325,2.71040678024292,1.0202571611366893,0.40957211799739274,0.988883947440175,2.581779070341373,5.026862144470215,211,21.1,0.9314821725637538,13.536019278081108,10.010739598179013,16017.183357086418,83.07576679048084,15.897803105859458,24.57569096325698,0.014218009478672985,13.133778075240759,87.91915415480801,20.001235659681907,19.654273841095204,0.9826529808212748,1.295627009991127
4204049,4,obs_4,11041135,1,0,0,0,goal,1.8269476322442215,1.4647392226913485,-1.4647392226913485,3.011227607727051,1.0919142184587172,0.3773838284643668,0.9883042061734295,2.3365570475020734,3.8716917037963867,223,22.3,0.8809295764868034,13.53360456361899,13.673821227077674,21878.113963324282,76.96630374805348,15.395369245444087,29.144164917180355,0.04484304932735426,13.894057162197571,76.3695845823006,20.0,19.644729555655715,0.9822364777827858,1.4504535841143358
4204050,4,obs_4,11041140,1,0,0,0,goal,1.4972853520992626,1.1298240187294457,-1.0672474051542256,2.6681253910064697,1.050164940284423,0.1182065966968396,0.9882790841278306,2.5731623815233484,4.965373229980469,230,23.0,0.8676324760190223,12.552150478052056,10.949224384731941,17518.7590155711,54.49812943237838,11.883194591810843,24.047812099042147,0.12608695652173912,15.789120091694823,82.33051892580596,20.061729752684258,19.95554694843752,0.9947071959618771,1.4477056352546032
4204051,4,obs_4,11041176,1,0,0,0,goal,1.6157394351649852,1.260970599315097,-1.2375736731859246,2.8344919681549072,1.0387614383410482,0.4329331686218308,0.9884182613512822,1.5423164997859367,6.265159368515015,232,23.200000000000003,0.863394152834853,12.397287554525096,11.345095104147314,18152.1521666357,64.33355736010002,14.090925160755596,25.083538910438275,0.09051724137931035,16.909228971943993,80.80865410337599,20.07438219424564,20.030744345768593,0.9978261922058276,1.4072042178463757
4204052,4,obs_4,11041233,0,1,0,0,obstacle,0.3363742217051758,0.22511593572128175,-0.22511593572128175,0.9084722995758057,0.24994085802864344,0.0,0.9886144584629074,3.172841980126184,1.5557095766067506,67,6.7,0.5548958427836345,13.359257983627604,5.675894971829351,9081.431954926962,32.03940066424283,14.187970771503991,36.07534515323923,0.16417910447761194,10.544490805604628,-996.0035418870808,20.0,3.717802146650351,0.18589010733251754,16.477590232681933
4204053,4,obs_4,11041239,0,1,0,0,obstacle,0.5429749065685044,0.316263091328712,0.1801718731451803,1.781275749206543,0.5122107430447287,0.0,0.9883802478569179,2.4087680458401777,3.8177223682403563,159,15.9,0.8098369931129016,11.467057093134466,5.627326024123789,9003.721638598063,74.73213401021836,14.383086191996558,20.50389397819087,0.006289308176100629,7.175140366359378,-973.7820621470959,20.0,12.876408190495134,0.6438204095247567,7.645125641778754
4204054,4,obs_4,11041313,1,0,0,0,goal,1.7895542938147475,1.3395657230789462,-1.3395657230789462,3.2715368270874023,1.186620513922956,0.3532154756925444,0.3554320070166437,0.3554320070166437,3.7566537857055664,270,27.0,0.7951638409999188,12.560875712500678,14.12636265996466,22602.180255943458,37.12320115043328,8.793333900607601,24.80260932887042,0.1814814814814815,14.375639703205104,65.00294132292687,20.057039900276383,21.46942370699781,1.07041835753151,1.5982578372409004
4204055,4,obs_4,11041326,1,0,0,0,goal,1.479496992474188,1.1321236438723477,-0.9840853479216384,2.6565277576446533,1.1047567056805383,0.22743788120013494,0.9882532179735669,1.6608672953385426,3.7148375511169434,238,23.8,0.8429730742528775,12.238074075023667,10.367703990624381,16588.32638499901,54.27350555291156,10.967493023028931,22.786537248547337,0.0,16.19307016882479,81.26934532978032,20.0,20.062759167218484,1.0031379583609241,1.6448867533307598
4204056,4,obs_4,11041382,1,0,0,0,goal,2.9858550036151974,2.4044687941703096,-2.3588673901956594,4.905872821807861,1.8305940942998338,0.17919451003691936,0.7251543460135834,0.7251543460135834,2.4228948593139648,285,28.5,0.7846811853449713,12.435907388360876,15.464269887897018,24742.831820635227,39.93445853112449,11.19665113417256,25.55977641490468,0.11578947368421053,28.76220028444436,57.116954217107235,20.000803726654155,22.363413782331683,1.1181257557429547,1.543483282019481
4204057,4,obs_4,11041386,1,0,0,0,goal,1.242180776768962,0.8991004958747831,-0.8983102790884065,2.3328068256378174,0.8579345689844017,0.1722050076777716,0.9882550335196785,1.2370017759320682,4.988759517669678,236,23.6,0.8283479465492641,11.986932151145854,8.274115224221104,13238.584358753766,64.29626931535437,12.301618922286494,20.180014998225843,0.0,11.481938973759197,84.57485365967837,20.0,19.549011538562638,0.9774505769281319,1.2908629529613584
4204058,4,obs_4,11041457,1,0,0,0,goal,1.7158808672842336,1.2683740320844068,-1.2683740320844068,3.1517930030822754,1.1556273038683529,0.23250992539086418,0.9883650952239578,1.0706455957875889,4.144524955749512,275,27.5,0.7348847272348344,11.676332478956743,12.63414477701544,20214.6316432247,54.161372672032265,12.163079629450596,23.128712324662644,0.05454545454545454,16.49275481317088,74.59940357004757,20.0,20.209329998957948,1.0104664999478974,1.4740338743243162
4204059,4,obs_4,11041490,1,0,0,0,goal,1.5708007926968848,1.2373753603783317,-0.89810861514032,2.810102939605713,1.288726520929828,0.23359707128538876,0.9883303680394715,1.574170745441313,3.651898813247681,261,26.1,0.7771394260219329,12.061387631399878,15.421465817641156,24674.345308225842,46.05890384087195,12.284544963383137,28.485065356068226,0.01532567049808429,17.812390170796064,81.57478078320194,20.0,20.28333901917245,1.0141669509586224,1.8598986831798763
4204060,4,obs_4,11041519,1,0,0,0,goal,1.5459073347858217,1.165817049631606,-1.165817049631606,2.7267937660217285,1.0152340097400498,0.39093333285579723,0.9888841950914865,2.4098184103779383,6.141028308868409,230,23.0,0.842935433541411,12.374001352942509,11.832043609071965,18931.26977451514,49.50914997200778,11.24135910736776,25.494656148164168,0.09565217391304348,12.038995624001641,85.11350032453747,20.0,19.38751497145245,0.9693757485726225,1.9277843467730489
4204061,4,obs_4,11041539,1,0,0,0,goal,1.351126610383414,1.0415091994811587,-1.0258523906813934,2.2842588424682617,0.8793008528481273,0.3390377290697497,0.3498142194292555,0.3498142194292555,3.1999284744262697,212,21.200000000000003,0.919671303279501,12.965677682802362,11.608043964903397,18572.870343845432,79.70528263616335,14.557178932216477,27.386927492213697,0.009433962264150943,12.208335097737518,68.32779111434023,20.002620018171584,19.49703162952542,0.9747238917608365,1.2929319547897418
4204062,4,obs_4,11041544,1,0,0,0,goal,1.9810062471342105,1.6195244461007465,-1.6195244461007465,2.933471918106079,1.1408445642009426,0.07920917817138744,0.17345293614429558,0.17345293614429558,2.936415767669678,226,22.6,0.869559444895638,13.63526174109594,14.517578064297977,23228.124902876763,53.8239344490899,13.275072857552532,30.167773423996646,0.05309734513274336,13.23549191120243,51.61122730859882,20.0,19.652043454641415,0.9826021727320707,1.7884309292103735
4204063,4,obs_4,11041552,1,0,0,0,goal,1.6551554979163587,1.3591045330129856,-1.3591045330129856,2.6190569400787354,0.944655805373737,0.29956066915942575,0.9887273687870163,2.126514517632517,2.4459533214569094,191,19.1,1.0220502871409476,14.502787555075441,9.9920647559556,15987.303609528957,92.62961425279316,15.632579052204893,26.714082201113875,0.041884816753926704,12.520017777128034,83.41499730756009,20.0,19.521160484392098,0.9760580242196049,1.348468719710692
4204064,4,obs_4,11041554,1,0,0,0,goal,1.7239190174881074,1.3150638792916438,-1.236090345577778,3.057188034057617,1.2016561223688629,0.18036179000928035,0.9882725697430018,2.134576499903724,4.813847637176513,247,24.700000000000003,0.823981434362836,12.15765638510708,12.872352417615753,20595.763868185208,61.70564415009041,13.957643029636461,26.04235685788668,0.06477732793522267,17.778874351064744,80.91405750183037,20.0,20.352341428762045,1.0176170714381023,1.5240120472304144
4204065,4,obs_4,11041558,1,0,0,0,goal,1.6779457635649393,1.31516940012889,-1.3116321916573903,2.8396544456481934,1.0464812369429077,0.7038787190870744,0.988631994391005,1.5881288200386383,4.815982818603516,213,21.3,0.9282900198648278,13.030134463813942,9.670376942446053,15472.603107913681,67.26482791720696,13.525587618402053,23.40839531500015,0.051643192488262914,15.070146781539428,83.94684188320643,20.000378058113494,19.772577423120833,0.988610183550993,1.3067242536218993
4204066,4,obs_4,11041625,0,0,1,0,border,0.8561906757114895,0.5200120398458239,-0.5200120398458239,2.4121487140655518,0.6801837631042675,0.3937912059048417,-0.024881427697525993,-0.024881427697525993,3.8881272315979003,128,12.8,0.5906703125889995,11.45376884099096,6.07116162450783,9713.858599212528,37.275794922836184,12.27719300248004,23.735486809164286,0.0390625,14.245083894765582,-999.7369474186887,20.0,7.560580001139193,0.3780290000569596,13.317119898998593
4204067,4,obs_4,11041645,1,0,0,0,goal,1.9100561819299517,1.5009448325342458,-1.4777541967675738,3.2399168014526367,1.210188891068104,0.14296293739587698,0.9885083335184315,1.247364883397076,5.167526149749756,230,23.0,0.8819492772729897,12.769463885089625,10.850063234573547,17360.10117531767,63.64870571153132,13.044858837506514,24.56797048319941,0.0,18.442034641359317,81.42175765152612,20.018233704874955,20.28483337727876,1.0133178419402147,1.3630728733860553
4204068,4,obs_4,11041650,1,0,0,0,goal,1.8009338709975151,1.431692040871864,-1.431692040871864,3.0110604763031006,1.0925294997437145,0.47680187769906723,0.9889273434767648,2.591714318528871,6.834142017364503,211,21.1,0.9366934106493895,13.532537199592138,9.505893743779307,15209.429990046889,73.1383616583688,14.698838520615185,23.508093696069942,0.037914691943127965,14.12895240893118,81.27833878321039,20.0,19.76423096470212,0.9882115482351059,1.3334440537533583
4204069,4,obs_4,11041673,1,0,0,0,goal,1.6098168306844336,1.2080435616348588,-1.2080435616348588,2.879384994506836,1.064021137735261,0.211795453533197,0.9882547355791457,1.2665430860507723,4.056372165679932,252,25.200000000000003,0.8050828227770819,12.151379860582805,14.564657871222607,23303.452593956168,46.65916383978855,11.721086148237056,27.07957144767519,0.015873015873015872,11.989321401782792,73.83526676612455,20.029310028357354,20.288087133982465,1.0129199211185376,1.6258833370420493
4204070,4,obs_4,11041691,1,0,0,0,goal,2.2778963308430513,1.8584037450169713,-1.8584037450169713,3.6859347820281982,1.317249867935135,0.4194999631447776,0.9884747935212002,2.5080774550816547,5.082965660095215,237,23.700000000000003,0.8581548029967075,13.02193400075164,12.645528990985047,20232.84638557607,56.25001252707788,12.464278514941471,27.143464028080807,0.016877637130801686,19.724729292166415,67.75877249147301,20.0,20.33826883102197,1.0169134415510985,1.5851631937567172
4204071,4,obs_4,11041779,1,0,0,0,goal,2.0499786557845616,1.552039402206526,-1.552039402206526,3.635453462600708,1.339248365005792,0.5415530370113957,0.0529463431693209,0.0529463431693209,4.267360210418701,286,28.6,0.7211265915197739,11.70533038248549,16.094512223875288,25751.219558200457,41.78678094295034,11.225928436628285,26.994033701769954,0.11188811188811189,20.4370430611076,41.886847515777056,20.0,20.62422051746553,1.0312110258732765,1.6418447453178349
4204072,4,obs_4,11041798,1,0,0,0,goal,2.3120765451668888,1.8111958567815072,-1.8111958567815072,3.9726061820983887,1.4371038651010437,0.2072720863284604,0.6408930447260719,0.6408930447260719,2.8935454368591307,275,27.5,0.7513451643115586,12.312509592012926,15.975732961275481,25561.17273804077,56.23643406986319,13.916552283155882,28.030878933993254,0.06181818181818182,20.01910744561855,66.15200450509501,20.012102062925567,20.661992018567865,1.0324748471499297,1.2822284163949873
4204073,4,obs_4,11041840,1,0,0,0,goal,1.4500765709437446,1.0768236114212122,1.0494968581065793,2.5256028175354004,1.0006389990522992,0.18052098504342065,0.9882832084368007,2.533313169821335,4.2673908233642575,231,23.1,0.8397533294515138,11.707308026877316,7.0846998212133165,11335.519713941305,59.34918911560722,11.781886645636732,18.186490546057236,0.03463203463203463,10.119792947703212,82.70951928346781,20.0,19.39830191032997,0.9699150955164985,1.489079878394013
4204074,4,obs_4,11041878,1,0,0,0,goal,1.8066077752913032,1.4974385724181776,-1.4974385724181776,2.821110963821411,1.0106974698579207,0.12017268452228454,0.988724229850338,2.080347580336973,2.5027738571166993,200,20.0,0.9810241453387948,14.481642172336578,9.882311590579006,15811.69854492641,79.82422778354817,14.237070267703192,24.834763216972352,0.05,13.103372234333076,82.04221006607763,20.0,19.6204829067759,0.9810241453387951,1.4397835747040886
4204075,4,obs_4,11041880,1,0,0,0,goal,1.582947229652455,1.2624668860929973,-1.2624668860929973,2.6095335483551025,0.9549341827492785,0.32136441007801875,0.988267046376149,1.8737021481807226,3.2187987327575684,210,21.0,0.9271206631340736,13.431301367282867,12.20788759257905,19532.62014812648,62.13993729586806,14.778802087310039,28.019590854644775,0.0761904761904762,12.076276706076017,75.40847068515295,20.0,19.46953392581554,0.973476696290777,1.468290111205473
4204076,4,obs_4,11041890,0,1,0,0,obstacle,0.23272691140429186,0.16321085428557636,-0.16321085428557636,0.6104141473770142,0.16590368391073618,0.0,0.988950244586382,2.5571345187071017,1.2782882928848267,57,5.7,0.5422915410627861,13.435857521860223,5.374107158035438,8598.5714528567,20.987927487918306,14.150400136111134,38.79190198162146,0.15789473684210525,8.79396261909458,-996.6300345179128,20.0,3.091061784057881,0.15455308920289407,17.016181388343686
4204077,4,obs_4,11041938,1,0,0,0,goal,1.2982160071983417,0.9699105652282014,-0.9683842659472366,2.376960039138794,0.8646367531003043,0.24908292898317566,0.988258385442328,1.7292009871356218,5.793897438049316,230,23.0,0.8484206789391401,12.030927848556768,8.185745254730374,13097.192407568598,67.68389768475528,13.081244563307338,20.2868157469708,0.0,12.094071679076146,81.47019152556553,20.0,19.51367561560022,0.9756837807800111,1.3101732026196198
4204078,4,obs_4,11041941,1,0,0,0,goal,1.70144943485658,1.422158776897148,1.422158776897148,2.594846487045288,0.9340206596581171,0.183202867132755,0.9888842215351706,2.5516859029389742,5.189379358291626,203,20.3,0.9478605026726241,11.780364043313295,8.705553251664567,13928.885202663305,81.0938520006614,15.53647101934911,23.0090256982249,0.059113300492610835,11.060527773189907,86.89304379350037,20.007575803531243,19.241568204254268,0.9617141223505059,1.7307220025354488
4204079,4,obs_4,11041944,1,0,0,0,goal,1.2501773498024207,0.9223407200834852,-0.8273338466803444,2.329570770263672,0.9372630965188529,0.2568543795823485,0.6818910169942072,0.6818910169942072,4.565681838989258,235,23.5,0.8426894156918352,12.034349033680368,11.220355257828189,17952.568412525095,77.30592377165443,14.57863813422592,25.351150259058524,0.0,14.045309121017816,79.1638794229228,20.025263867205584,19.803201268758123,0.9889108777831825,1.5660963292955894
4204080,4,obs_4,11041946,0,1,0,0,obstacle,0.5628227310055425,0.3530269389476821,0.14456853491787106,1.6727299690246582,0.5439387513757753,0.0,0.9882959030934937,2.7626337279522293,0.10982232987880707,173,17.3,0.8401129994715579,11.674082705051223,6.87189224912507,10995.02759860011,62.045258976692374,13.420728641766981,21.6262189639097,0.08670520231213873,7.074015026156465,-968.3239770119153,20.0,14.533954890857956,0.7266977445428978,5.991805844230099
4204081,4,obs_4,11041961,1,0,0,0,goal,1.4265845808361706,1.0720183843339564,-0.9474417646019625,2.6362037658691406,1.0665353575795937,0.38263613982465955,0.9882499212436305,1.1100422169856827,4.730531692504883,247,24.700000000000003,0.8110352989943258,11.8796354114768,12.46088566922854,19937.417070765667,56.57572843194977,13.861664450834994,24.9766619292348,0.0,15.971347718745506,80.86417333873725,20.0,20.03257188515985,1.0016285942579926,1.6812252052804408
4204082,4,obs_4,11041964,0,1,0,0,obstacle,1.1403025834898723,0.7759979541914968,0.7759979541914968,2.720052480697632,0.8355340549638229,0.0,0.9892518381321633,2.2644118593085203,3.612761926651001,130,13.0,1.0174393893271214,12.926236328711877,2.3210680277997153,3713.708844479544,77.46467331583186,10.508685051297759,13.932829545094418,0.0,9.632932902111556,-973.9497838152165,20.0,13.22671206125258,0.6613356030626291,7.637876366542699
4204083,4,obs_4,11041991,1,0,0,0,goal,1.5396921954556515,1.2447421178318212,-1.2447421178318212,2.452578067779541,0.9062389954325495,0.363789288412998,0.9887420582687281,2.2247042660027176,8.03348445892334,193,19.3,0.9976946864387055,13.847812920036711,9.684900280140123,15495.840448224197,74.11241022249062,14.07182819966847,25.18272388784379,0.11917098445595854,11.016920210768482,78.82638272485869,20.0,19.255507448267018,0.9627753724133509,1.553540152850413
4204084,4,obs_4,11042030,1,0,0,0,goal,1.7785256170241242,1.3677523803740066,-1.3175659655965097,3.09751296043396,1.1946435856408295,0.3121815539543343,0.9884174178767976,2.353957649763407,3.7463877201080322,243,24.3,0.8338366240699072,12.289731570967922,13.810531440909765,22096.850305455624,62.73223664149765,14.766456394194321,27.688320860450652,0.02880658436213992,17.48076790797251,83.14774066119907,20.0,20.262229964898747,1.0131114982449374,1.4281015321580441
4204085,4,obs_4,11042045,1,0,0,0,goal,1.4583622879575229,1.0939266732893884,1.0671793143348853,2.4486169815063477,0.9939561730742585,0.2286947660435743,0.9883466384503558,3.094702271642535,6.333212041854859,222,22.200000000000003,0.8639326025380001,11.137940476875048,8.129017900013997,13006.428640022394,59.52284886286809,12.966635889872393,21.11193685918241,0.036036036036036036,8.58277742659245,83.58883749190494,20.0,19.179303776343602,0.9589651888171801,1.9143107105863217
4204086,4,obs_4,11042093,0,0,1,0,border,1.5045416754648444,1.0369823797917381,-1.0369823797917381,2.974771022796631,1.0900977924993815,0.189502966331016,-0.009926464071448038,-0.009926464071448038,4.272370338439941,154,15.4,0.6998266139032533,12.27484721642036,9.629940459058824,15407.904734494121,52.91802259831646,14.177812203912628,29.843089116084112,0.03896103896103896,13.050287416736001,-1002.7704158873022,20.0,10.777329854110103,0.5388664927055051,10.252619417353008
4204087,4,obs_4,11042156,0,1,0,0,obstacle,0.8788532554946613,0.6352328260486223,0.6352328260486223,1.9092711210250854,0.607340350548064,0.0,0.5797748826170788,0.5797748826170788,2.9739609718322755,98,9.8,0.6946124163524853,11.158493947009651,4.568551292884935,7309.682068615896,59.376959702403276,14.195687510693146,24.143765872838546,0.04081632653061224,13.874164847538994,-989.5240489692861,20.059556827725594,6.807201680254356,0.33934955486382873,13.694517404802315
4204088,4,obs_4,11042183,0,0,1,0,border,0.7268452719192883,0.47717466574561385,-0.4646649389389575,1.8218188285827637,0.5589190852281563,0.21207754026037737,-0.010774905572253246,-0.010774905572253246,2.207991027832031,91,9.1,0.6125554681247677,13.201393085521657,7.291033241753374,11665.6531868054,49.48238982094659,13.902362722066787,34.62542756573185,0.26373626373626374,14.397801843876005,-999.5384217738122,20.000031646133813,5.574254759935386,0.278712296988437,14.946029905701218
4204089,4,obs_4,11042300,0,0,1,0,border,0.7169383824570849,0.4688185722120106,-0.4688185722120106,1.8328402042388916,0.5424110900316043,1.1810361285192759,-0.020981248016544995,-0.020981248016544995,6.142863988876343,125,12.5,0.645028113275916,11.302833578109741,6.9428916836744605,11108.62669387914,52.817148354745676,15.286417026357638,26.911469535827635,0.04,9.643052424097084,-1000.3547523315696,20.0,8.062851415948952,0.4031425707974476,12.335598321535832
4204090,4,obs_4,11042360,1,0,0,0,goal,1.505372472055753,1.1341259184787704,-1.1341259184787704,2.683698892593384,0.9899013489524777,0.4005006412841316,0.9882854074101411,1.7566520950669773,3.7208149909973143,228,22.8,0.8638167178547348,12.711554406504883,10.577562085779341,16924.09933724695,76.51962771814826,14.45060222180681,24.352053152887446,0.05263157894736842,12.933116444209276,81.20476453322334,20.0,19.69502116708795,0.9847510583543976,1.3035581041286632
4204091,4,obs_4,11042390,1,0,0,0,goal,1.5002349852181964,1.1481176552596615,-1.1023608955279025,2.6493546962738037,1.0175978905656016,0.3842766603568867,0.9883657329682436,2.3448705510295764,4.2536825180053714,223,22.3,0.8910644701715259,12.552675194269874,9.770270977282216,15632.43356365154,72.1002348908433,13.233197715812887,23.431043806632005,0.0,15.15573196391384,84.89172848807951,20.0,19.87073768482503,0.9935368842412515,1.3968998636167007
4204092,4,obs_4,11042393,0,1,0,0,obstacle,0.6493574145933511,0.4368667589345326,0.4368667589345326,1.582857608795166,0.4804294816363773,0.0,0.9893957581927124,2.779903683209181,0.1593248128890991,102,10.200000000000001,0.9289039345413576,13.817803989438449,3.6678801366067386,5868.608218570782,66.62890981919695,13.873954207135526,20.66041104933795,0.049019607843137254,7.545796207177191,-976.7593234033237,20.0,9.474820132321847,0.47374100661609236,10.818902988957769
4204093,4,obs_4,11042425,1,0,0,0,goal,1.716795057357539,1.388757870537324,-1.388757870537324,2.764291286468506,1.0093249456879154,0.5584074070892051,0.9888993568156716,2.5869949639688357,4.1365516662597654,196,19.6,0.9923939678711325,14.072930654700922,10.385708390326158,16617.133424521853,64.18228858556503,14.352198400098619,25.64141575171023,0.05102040816326531,12.470629158525592,80.50878176991264,20.0,19.4509217702742,0.9725460885137099,1.5557224865307075
4204094,4,obs_4,11042478,1,0,0,0,goal,1.2303822299078524,0.8873020166855143,-0.8873020166855143,2.2958014011383057,0.8523705548990056,0.1629979601543535,0.4285224755300465,0.4285224755300465,2.9647379875183106,230,23.0,0.8434297054497822,12.671574574190638,7.28045510786539,11648.728172584626,56.21388197986319,11.489103148960348,18.740709408469822,0.013043478260869565,10.709144620435634,88.6270428907646,20.012587218315524,19.398883225344992,0.9693341002702105,1.494424028062451
4204095,4,obs_4,11042495,0,0,1,0,border,1.127497814559055,0.7803417155581632,0.7678147570023801,2.3580431938171387,0.8256584165166738,0.21993074343341962,-0.006464405455809341,-0.006464405455809341,5.334640264511108,149,14.9,0.9221415555027217,11.344165361967663,6.695546997384537,10712.87519581526,84.71644118025496,15.754535951204353,23.972101467567803,0.08053691275167785,8.154382544316443,-980.3410591423568,20.0,13.739909176990555,0.6869954588495277,6.945156018285975
4204096,4,obs_4,11042501,1,0,0,0,goal,1.8317181814828922,1.3929265960517787,-1.2450478933644944,3.2660622596740723,1.3435204648994479,0.31149382456865815,0.9884567409916947,1.5976569371137614,4.33254041671753,262,26.200000000000003,0.7865230019213469,12.072149562699193,14.484596501354611,23175.354402167373,54.80066295784552,13.38102608053768,27.40391836821578,0.061068702290076333,19.428213548537542,79.38547053655195,20.02715265765084,20.606902650339293,1.028948198608102,1.7267027150669507
4204097,4,obs_4,11042516,0,0,1,0,border,1.3308796226387192,0.9567966199320581,-0.9567966199320581,2.622267246246338,0.9250842113243357,0.2164885888584336,-0.002406370269255831,-0.002406370269255831,2.54944109916687,111,11.100000000000001,0.7118254170447434,13.917760236843213,8.217583261591676,13148.133218546684,46.793153285980225,14.170001109231197,32.93127861108866,0.26126126126126126,16.648614644372948,-998.9166323998418,20.012066208864145,7.9012621291966525,0.3948249044717265,12.948320091462184
4204098,4,obs_4,11042555,0,0,1,0,border,0.7810505167896132,0.4972180528722954,-0.4972180528722954,2.069042205810547,0.6023405329837975,0.4559352329248562,-0.004577688293693427,-0.004577688293693427,3.6184317111968993,104,10.4,0.5447497164816525,11.847668464367207,8.382418636436196,13411.869818297913,26.070021425636067,11.37307602709993,34.804878532886505,0.11538461538461539,15.683553380976491,-1006.0738354080165,20.0,5.665397051409187,0.28326985257045934,15.017674852545579
4204099,4,obs_4,11042597,1,0,0,0,goal,1.2221927180608634,0.8713195193925956,-0.8154630199937251,2.2319724559783936,0.9103708602013332,0.4864572658391327,0.9890501522511185,2.237187280061173,6.876123523712158,203,20.3,0.9569743587026392,13.136679830222294,11.899842539708487,19039.748063533574,71.57270943764412,14.280065100316076,28.142692020961217,0.07389162561576355,8.452450211626214,93.47304896582139,20.03358350815814,19.42657948166358,0.9697006765540785,1.8529396643922342
