policy,class,width,dcpa_m,ct_deg,crossing_side,dcpa_below_floor,outcome,collided,collided_target,steps,return,colregs_integral,frames_v_port,frames_v_bow,frames_v_side,frames_v_hold,frames_v_r8,integral_v_port,integral_v_bow,integral_v_side,integral_v_hold,integral_v_r8,mean_speed,max_speed,min_target_range,estops,estop_reasons,estop_then_target_collision,first_engaged_cls,engaged_frames,p_port_sense,ever_port_sense_non_overtaking,r_path_max,scenario
follower,head_on,9.556232149411287,0.7589141160070894,188.5960326544994,,,goal,False,False,68,150.73555394382498,-23.59392681745598,0,0,21,0,19,0.0,0.0,4.1809613254912055,0.0,1.8983257879305853,0.5499470845518935,0.5576958521762974,0.7911676026366926,0,,False,head_on,21,0.0,False,0.0,0
follower,head_on,5.7479461611789,1.2248627607666025,177.49061558127943,,,goal,False,False,69,136.66049681029892,-43.12860373503557,0,0,0,0,27,0.0,0.0,0.0,0.0,9.58413416334124,0.5461950835614,0.5574844451973853,1.2494482552584518,0,,False,head_on,27,0.0,False,0.0,1
follower,head_on,7.111260720178818,0.8488119099963607,179.77841623459886,,,goal,False,False,69,94.39121921093678,-78.77910820080939,0,0,32,0,31,0.0,0.0,7.104547188687186,0.0,11.822830738119,0.5426130857181701,0.5572649370173868,0.8539727365974287,0,,False,head_on,32,0.0,False,0.0,2
follower,head_on,9.924433511599638,0.5577780141895179,181.73638987831518,,,collision:target,True,True,28,-328.79660480521113,-60.07318097286348,0,0,21,0,22,0.0,0.0,3.3327961085259226,0.0,10.6833588849267,0.5392947967939021,0.5579682112984838,1.7889082208157367,0,,False,head_on,22,0.0,False,0.0,3
follower,head_on,7.777153961253272,0.23241010159911024,174.96382864421315,,,collision:target,True,True,29,-301.03537031056504,-32.514193940502345,0,0,3,0,26,0.0,0.0,0.1544615524072966,0.0,7.101807189296906,0.5473239771289647,0.5646970381054253,1.8550703223551674,0,,False,head_on,26,0.0,False,0.0,4
follower,head_on,9.472351939506785,1.2005729403251244,185.37459793469242,,,goal,False,False,68,111.8424071149855,-70.82461219068708,0,0,25,0,25,0.0,0.0,7.229818886485374,0.0,9.954947599853275,0.5535439097319751,0.5578765815395261,1.220563115472093,0,,False,head_on,25,0.0,False,0.0,5
follower,head_on,6.791254452278463,0.4570427385228544,170.45725794523702,,,collision:target,True,True,24,-328.20351657548747,-53.30973137849716,0,0,20,0,22,0.0,0.0,2.5703429613781505,0.0,9.79033260389685,0.5417817476717927,0.5575835827011653,1.8225936219649967,0,,False,head_on,22,0.0,False,0.0,6
follower,head_on,7.618572716555467,1.9112000156973665,175.31745985542278,,,goal,False,False,67,160.61108190300422,-23.13891809699578,0,0,0,0,28,0.0,0.0,0.0,0.0,5.141981799332395,0.565459943804486,0.5665493324938993,1.9204367700578635,0,,False,head_on,29,0.0,False,0.0,7
follower,head_on,8.61263148724731,1.840716953859967,178.36331706632063,,,goal,False,False,68,154.1477042468479,-27.638322835619316,0,0,21,0,0,0.0,0.0,7.677311898783141,0.0,0.0,0.5519100340495581,0.557847510425062,1.8417101439139105,0,,False,head_on,21,0.0,False,0.0,8
follower,head_on,7.715636756725871,0.7429086685850401,175.34012998128836,,,goal,False,False,70,154.70703626184405,-17.487692319118224,0,0,0,0,24,0.0,0.0,0.0,0.0,3.8861538486929397,0.5412212892350616,0.5571736970491616,0.7515995927534699,0,,False,head_on,24,0.0,False,0.0,9
follower,head_on,7.643066319700785,1.7056406923796066,175.83686086831378,,,goal,False,False,67,153.0014466593481,-30.7485533406519,0,0,24,0,6,0.0,0.0,8.416646167515875,0.0,0.09969491946550048,0.5599933397368805,0.5602933856996017,1.7153622417329726,0,,False,head_on,24,0.0,False,0.0,10
follower,head_on,7.958885684444756,0.5220743990799206,173.00682712496027,,,collision:target,True,True,25,-310.69656741556594,-37.66969759538963,0,0,21,0,23,0.0,0.0,2.902220424117445,0.0,6.049267570792629,0.542874678181347,0.5580318232465658,1.7675663602668026,0,,False,head_on,23,0.0,False,0.0,11
follower,crossing,9.556232149411287,0.23519249649824908,258.40989345087365,starboard,,collision:target,True,True,17,-334.6488950055939,-54.40528087011297,0,9,0,0,15,0.0,3.337458140891453,0.0,0.0,8.41885846060006,0.5429911152350385,0.5573501625469612,1.697588479583319,0,,False,crossing,15,0.0,False,0.0,12
follower,crossing,5.7479461611789,1.333675450454277,114.37929260507168,port,,collision:target,True,True,19,-280.58779171535167,0.0,0,0,0,0,0,0.0,0.0,0.0,0.0,0.0,0.5539272534159202,0.5578085634175971,1.404648834398822,0,,False,never,0,0.0,False,0.0,13
follower,crossing,7.111260720178818,1.9159006827859524,210.17026842970967,starboard,,goal,False,False,69,177.75888210064858,0.0,0,0,0,0,0,0.0,0.0,0.0,0.0,0.0,0.5425611532698763,0.5572583526848081,1.8981687902561473,0,,False,crossing,12,0.0,False,0.0,14
follower,crossing,7.777153961253272,0.2905126269988878,94.18057896264564,port,,collision:target,True,True,22,-337.4776391680186,-64.96416960528371,0,14,0,0,18,0.0,5.486167820029523,0.0,0.0,8.401697532475017,0.5601083084484425,0.5610225161706026,1.6260090622583057,0,,False,crossing,18,1.0,True,0.0,15
follower,crossing,9.472351939506785,0.02908361676498966,91.03611382454581,port,,collision:target,True,True,23,-308.1769317711965,-34.10238876941875,0,5,0,0,15,0.0,2.637374076408599,0.0,0.0,4.677197131376931,0.5527058969056374,0.5577424381101519,1.3917791099473928,0,,False,crossing,15,1.0,True,0.0,16
follower,crossing,6.791254452278463,1.3867036468224696,202.19120555738766,starboard,,goal,False,False,68,151.57265186877075,-29.18452089987632,0,0,0,0,15,0.0,0.0,0.0,0.0,6.4854490888614045,0.55004167349943,0.5576976817533756,1.3986767112690268,0,,False,crossing,15,0.0,False,0.0,17
follower,crossing,7.618572716555467,0.2983096088221926,73.39891847527933,port,,collision:target,True,True,14,-329.0212180942518,-46.132226851900064,0,8,0,0,12,0.0,3.908482640336958,0.0,0.0,5.95227506271825,0.5773375983812731,0.5890539452532675,1.4030902394603697,0,,False,crossing,12,1.0,True,0.0,18
follower,crossing,8.61263148724731,1.063209475296138,68.91040871652827,port,,collision:target,True,True,18,-349.6490614443575,-71.95865676429945,0,16,0,0,16,0.0,6.530209726618342,0.0,0.0,8.807581915008587,0.5565437032429165,0.55802646072397,1.2656672599987269,0,,False,crossing,16,1.0,True,0.0,19
follower,crossing,7.715636756725871,0.015920309608921934,125.05212011493529,port,,collision:target,True,True,13,-315.70104100291246,-31.374010296283522,0,5,0,0,10,0.0,0.3665366638966846,0.0,0.0,6.568811957776652,0.5514541820362647,0.5611226121217463,1.7204078132854572,0,,False,crossing,10,1.0,True,0.0,20
follower,crossing,7.643066319700785,0.9005926304107195,232.04698227358332,starboard,,collision:target,True,True,15,-295.26206478102415,-13.153887565492624,0,12,0,0,8,0.0,1.9892933066262914,0.0,0.0,0.734863488376107,0.5435782151188664,0.5586253447229588,1.089888321393278,0,,False,crossing,14,0.0,False,0.0,21
follower,crossing,7.958885684444756,2.3471367729985007,99.26568482874778,port,,goal,False,False,67,178.3377866991262,-5.412213300873795,0,0,0,0,14,0.0,0.0,0.0,0.0,1.2027140668608434,0.5625218260792993,0.5632409769890998,2.3345674819586635,0,,False,crossing,21,1.0,True,0.0,22
follower,crossing,8.919597231476935,2.22514847495875,94.45670133270548,port,,goal,False,False,67,158.1598706741308,-25.590129325869214,0,14,0,0,14,0.0,2.0165651803301587,0.0,0.0,3.4684737073855385,0.5584329332422743,0.5584734152750599,2.2316933729521318,0,,False,crossing,15,1.0,True,0.0,23
follower,overtaking,9.556232149411287,0.16856401487441053,10.868192576999832,,,collision:target,True,True,30,-311.454567896378,-38.43713625526052,0,0,14,0,21,0.0,0.0,2.2697310181445216,0.0,6.72580101998672,0.5376391418148392,0.5574761059513698,1.8782821671016212,0,,False,overtaking,25,0.0,False,0.0,24
follower,overtaking,5.7479461611789,1.2248627607666025,-16.93834482636391,,,collision:target,True,True,40,-288.94997549120546,-37.72075024772102,0,0,28,0,20,0.0,0.0,6.400650063706128,0.0,3.261868892973098,0.5648534220933186,0.5666867486496479,1.940378856453391,0,,False,overtaking,30,0.0,False,0.0,25
follower,overtaking,7.111260720178818,1.545817447677813,3.7007841951845677,,,goal,False,False,69,145.73601238013742,-34.889311503372795,0,0,0,0,34,0.0,0.0,0.0,0.0,7.7531803340828445,0.5476832767884,0.5575654252902562,1.5601114988673843,0,,False,overtaking,47,0.0,False,0.0,26
follower,overtaking,9.924433511599638,0.5577780141895179,11.720631678627527,,,collision:target,True,True,39,-277.2823657099425,-17.167347861305892,0,0,5,0,16,0.0,0.0,0.3755965636843015,0.0,3.514488940453869,0.5522000009238051,0.5616135535375903,1.9074619161357733,0,,False,overtaking,28,0.0,False,0.0,27
follower,overtaking,7.777153961253272,1.5401458527507434,7.176268164230322,,,goal,False,False,67,91.49318351442447,-92.25681648557553,0,17,49,0,35,0.0,1.8115195850400678,15.532827197619255,0.0,6.08258147293286,0.560028112429655,0.5602952104323222,1.547955714543547,0,,False,overtaking,50,0.0,False,0.0,28
follower,overtaking,9.472351939506785,0.6293837659105992,10.760110377370978,,,collision:target,True,True,52,-294.5405946476391,-46.320908695837346,0,17,37,0,20,0.0,2.45978459972695,5.962698317945618,0.0,2.817613551685495,0.5448297661534492,0.5576128037205543,0.9478746662683805,0,,False,overtaking,45,0.0,False,0.0,29
follower,overtaking,6.791254452278463,1.9286740819227624,7.381996928413358,,,goal,False,False,69,92.7812359090316,-87.18399491397606,0,17,50,0,34,0.0,1.0711465289431945,17.263926270781607,0.0,4.384818893531887,0.5465034157242833,0.5574812195117844,1.8867811710930529,0,,False,overtaking,50,0.0,False,0.0,30
follower,overtaking,7.618572716555467,0.80683254823558,-26.65182120749268,,,collision:target,True,True,29,-303.43513942904434,-33.10419601427571,0,0,18,0,21,0.0,0.0,1.5479242409112048,0.0,6.118148610443416,0.5686693509613622,0.5781820044203982,1.8766268560073365,0,,False,overtaking,22,0.0,False,0.0,31
follower,overtaking,8.61263148724731,0.5951515892589716,-22.89682838569677,,,collision:target,True,True,37,-296.753776191951,-33.43246032200143,0,0,27,0,20,0.0,0.0,4.471145744118193,0.0,3.8525190318168754,0.5460042447931572,0.5573325206232917,1.8946139781351494,0,,False,overtaking,28,0.0,False,0.0,32
follower,overtaking,7.715636756725871,0.48053457069092276,-33.48340197482355,,,collision:target,True,True,34,-312.69617515872244,-52.09090929966301,0,7,13,0,23,0.0,2.6726768728681467,2.7039839168967545,0.0,6.4726259284749705,0.5673487270263746,0.5749295907613252,1.7354300574277108,0,,False,overtaking,28,0.0,False,0.0,33
follower,overtaking,7.643066319700785,1.4565110359186628,-15.877261576857428,,,goal,False,False,68,114.0831139718272,-33.486675928235314,0,0,23,0,18,0.0,0.0,4.369047307690687,0.0,3.946245693455298,0.5500808125023164,0.5577128000248335,0.682924881464325,0,,False,overtaking,24,0.0,False,0.0,34
follower,overtaking,7.958885684444756,0.20003527248455244,23.442474700345457,,,collision:target,True,True,34,-310.518492014896,-47.08011092364387,0,11,13,0,22,0.0,3.145683508832221,1.160294961384418,0.0,6.0737590430978825,0.5645563085913983,0.576030335294039,1.725453724623611,0,,False,overtaking,27,0.0,False,0.0,35
follower,being_overtaken,9.556232149411287,1.92980163272497,-35.482184391358615,,False,collision:target,True,True,10,-297.0957770909219,-7.695369603277826,0,0,0,4,0,0.0,0.0,0.0,1.9000912600685989,0.0,0.5056677609434093,0.5569323376762263,1.8800583326571232,0,,False,being_overtaken,8,0.0,False,0.0,36
follower,being_overtaken,5.7479461611789,1.2685701234754871,-4.975120506914713,,False,collision:target,True,True,67,-239.00425434445995,-16.291433448567346,0,1,1,12,3,0.0,0.37522841595785156,0.1031912828944926,1.7867519097120335,1.516937541516016,0.5516632110979448,0.5583534637154628,1.2710959153269723,0,,False,being_overtaken,31,0.0,False,0.0,37
follower,being_overtaken,7.111260720178818,0.5943612042954601,11.74966659039302,,True,collision:target,True,True,16,-282.0911908444021,-1.4944186601516674,0,0,0,10,0,0.0,0.0,0.0,0.3689922617658437,0.0,0.544609334476795,0.5587791694444242,1.9088943529784617,0,,False,being_overtaken,14,0.0,False,0.0,38
follower,being_overtaken,9.924433511599638,0.247382364945814,2.173404297588206,,True,collision:target,True,True,13,-286.4430446258105,-1.740203325342012,0,0,0,7,0,0.0,0.0,0.0,0.4296798334177807,0.0,0.5490214165219626,0.5571351031491147,1.864283490241531,0,,False,being_overtaken,12,0.0,False,0.0,39
follower,being_overtaken,7.777153961253272,1.1352069073367477,-20.99286861655304,,False,collision:target,True,True,13,-295.1456947380938,-10.593445066669052,0,0,0,7,0,0.0,0.0,0.0,2.6156654485602595,0.0,0.5388476026673543,0.5579197321294505,1.8911178746589383,0,,False,being_overtaken,11,0.0,False,0.0,40
follower,being_overtaken,9.472351939506785,0.33829237792301214,-9.672518700272335,,True,collision:target,True,True,14,-286.4576058620064,-2.610471763985828,0,0,0,6,0,0.0,0.0,0.0,0.6445609293792168,0.0,0.5302417286237058,0.5577276632206498,1.8756030435754434,0,,False,being_overtaken,12,0.0,False,0.0,41
follower,being_overtaken,6.791254452278463,1.4553176893876154,8.612014291766783,,False,collision:target,True,True,11,-287.0656243953579,-0.003693174471031219,0,0,0,3,0,0.0,0.0,0.0,0.0009118949311188195,0.0,0.535343576618373,0.5578572745810693,1.8758000116854128,0,,False,being_overtaken,9,0.0,False,0.0,42
follower,being_overtaken,7.618572716555467,0.0524706874686347,-13.038802994098347,,True,collision:target,True,True,14,-302.5527334654848,-19.411578435280312,0,0,0,6,0,0.0,0.0,0.0,4.792982329698842,0.0,0.54173784217465,0.5581355527898708,1.479714534453384,0,,False,being_overtaken,13,0.0,False,0.0,43
follower,being_overtaken,8.61263148724731,0.3303938638096535,-12.938720162676333,,True,collision:target,True,True,20,-312.7019913853202,-35.42722042895363,0,0,0,11,0,0.0,0.0,0.0,8.747461834309538,0.0,0.5560711177049014,0.5580077385391942,0.894510584758632,0,,False,being_overtaken,18,0.0,False,0.0,44
follower,being_overtaken,7.715636756725871,1.0153730961261043,-20.115703048698954,,False,collision:target,True,True,16,-282.3150037958461,-1.7203254833090427,0,0,0,11,0,0.0,0.0,0.0,0.42477172427383775,0.0,0.545408380265378,0.5600452658841135,1.7867307701760629,0,,False,being_overtaken,14,0.0,False,0.0,45
follower,being_overtaken,7.643066319700785,1.428419899787731,30.035851887711317,,False,goal,False,False,68,126.83556581316729,-29.142863329938443,0,2,4,5,4,0.0,0.7958266415304783,0.4065347794636166,4.3667997747923195,1.3454349245299237,0.5537019220046675,0.5579226638858188,0.6836449682129814,0,,False,being_overtaken,17,0.0,False,0.0,46
follower,being_overtaken,7.958885684444756,1.2954947425930026,13.360187385941856,,False,collision:target,True,True,12,-287.88848633791775,-1.936864944808498,0,0,0,3,0,0.0,0.0,0.0,0.4782382579774068,0.0,0.5295885374851151,0.5581024724298835,1.868771623381246,0,,False,being_overtaken,10,0.0,False,0.0,47
follower,null,9.556232149411287,7.415079221008671,3.2202052079999497,,,goal,False,False,69,171.58479822386337,-5.822474617432933,0,0,3,0,3,0.0,0.0,0.49861858564372263,0.0,0.8949883798034515,0.5419327290891888,0.557215453268749,4.8617750805467885,0,,False,overtaking,4,0.0,False,0.0,48
follower,null,7.111260720178818,8.273866545950307,-13.430990414865116,,,goal,False,False,68,174.05362059076592,-9.346693679803709,0,1,3,0,3,0.0,0.7590207223996431,0.5535064813018981,0.0,0.7993150602752537,0.554841545951975,0.5579941683373266,4.70283992013266,0,,False,overtaking,3,0.0,False,0.0,49
follower,null,9.924433511599638,8.480442251715623,-7.349722634774217,,,goal,False,False,68,176.33950111267015,-6.760841794679034,0,1,4,0,0,0.0,0.6595609836580436,0.9711152571032547,0.0,0.0,0.5542954264105129,0.5579600596001368,4.730089440599832,0,,False,overtaking,4,0.0,False,0.0,50
follower,null,7.777153961253272,8.19210853540256,1.5450735276472507,,,goal,False,False,67,177.88002412518878,-5.8699758748112245,0,0,5,0,4,0.0,0.0,1.1218746043958743,0.0,0.4069393997746837,0.5585634147471735,0.5586250973196059,4.847376411830455,0,,False,overtaking,5,0.0,False,0.0,51
follower,null,9.472351939506785,9.833754847651186,-7.881894193512018,,,goal,False,False,67,181.34864318135118,-2.4013568186488046,0,0,2,0,3,0.0,0.0,0.15031194033632184,0.0,0.4133852963195658,0.5631508182926687,0.5640206121260078,4.684736421032897,0,,False,overtaking,4,0.0,False,0.0,52
follower,null,7.618572716555467,5.737909351285462,19.269421523256625,,,goal,False,False,67,177.7646709005963,-5.746444301711845,0,0,4,0,4,0.0,0.0,0.23321283805476023,0.0,1.090417352158824,0.5575331562799272,0.5581516832419999,4.874992183446652,0,,False,overtaking,4,0.0,False,0.0,53
follower,null,8.61263148724731,4.994217003827502,-2.2541536120884516,,,goal,False,False,67,178.63215656926621,-5.1178434307337985,0,0,4,0,3,0.0,0.0,1.1392860454235283,0.0,0.22586970382424376,0.5594419922919416,0.5596523800907534,4.918215719917956,0,,False,overtaking,4,0.0,False,0.0,54
follower,null,7.715636756725871,10.985401796677808,11.51508315874964,,,goal,False,False,69,175.6764071660047,-3.8718096683897043,0,1,0,0,2,0.0,0.6053604129147503,0.0,0.0,0.19450569432482007,0.5457599234348617,0.5575025757615211,4.755108114883137,0,,False,overtaking,4,0.0,False,0.0,55
follower,null,7.643066319700785,9.246526787441258,17.067746299587732,,,goal,False,False,68,178.12755300782445,-3.359322324436394,0,0,3,0,3,0.0,0.0,0.7119984040390221,0.0,0.17691734886575855,0.5513665849471281,0.5578001340230037,4.851838126611343,0,,False,overtaking,5,0.0,False,0.0,56
follower,null,7.958885684444756,5.9745539334029605,12.504257237913222,,,goal,False,False,69,172.59457975367837,-5.210908659390711,0,0,4,0,4,0.0,0.0,0.5052695470547154,0.0,0.7537640644430523,0.5426446216100869,0.5572710041158868,4.832470227771902,0,,False,overtaking,4,0.0,False,0.0,57
follower,null,8.919597231476935,3.3691456368695802,-6.754235357595295,,,goal,False,False,67,176.0047375993445,-7.745262400655504,0,1,4,0,2,0.0,0.678494571021525,1.090403592362904,0.0,0.10250252035388888,0.5597440856417707,0.5599808578171732,4.866416747081911,0,,False,overtaking,4,0.0,False,0.0,58
follower,null,6.8745535936065325,8.528906801734072,-14.670613064706771,,,goal,False,False,68,176.69006887647768,-6.051077079300322,0,2,0,0,4,0.0,0.5824629613554008,0.0,0.0,0.7039745379091304,0.5515263473941917,0.5577890440509781,4.820179825774727,0,,False,overtaking,4,0.0,False,0.0,59
compliant,head_on,9.556232149411287,0.7589141160070894,188.5960326544994,,,collision:target,True,True,31,-296.6579710698957,-19.575221902557754,7,0,7,0,3,2.8840274140367894,0.0,1.3083540949059043,0.0,0.13093588031430906,0.5227167160395739,0.5576958521762974,1.5554618236985502,0,,False,head_on,19,0.0,False,0.0,0
compliant,head_on,5.7479461611789,1.2248627607666025,177.49061558127943,,,collision:boundary,True,False,29,-322.27889380700265,-5.002636885254027,7,0,0,0,5,0.5710205827284308,0.0,0.0,0.0,0.48357444461073207,0.5237220189372558,0.5574844451973853,3.253614521143517,0,,False,head_on,26,0.0,False,0.0,1
compliant,head_on,7.111260720178818,0.8488119099963607,179.77841623459886,,,collision:boundary,True,False,39,-430.50035795204474,-18.51967157718156,11,0,6,0,7,2.1376300181377332,0.0,1.280893733390936,0.0,0.739374566042757,0.5247821290967186,0.5572649370173868,1.821430676984167,0,,False,head_on,31,0.0,False,0.0,2
compliant,head_on,9.924433511599638,0.5577780141895179,181.73638987831518,,,collision:boundary,True,False,106,-440.17421655725843,-17.748791880744392,6,0,7,0,6,1.7079069220686627,0.0,0.7513368079032025,0.0,1.4644089129006626,0.5064023812189733,0.5579682112984838,1.2325819621137366,0,,False,head_on,24,0.0,False,0.0,3
compliant,head_on,7.777153961253272,0.23241010159911024,174.96382864421315,,,collision:boundary,True,False,100,-1186.3597045372655,-8.410480605812268,9,0,1,0,5,1.4015892523075448,0.0,0.06757634157790153,0.0,0.27318643937988313,0.5259100526460219,0.5615282713144726,2.726787076016533,0,,False,head_on,29,0.0,False,0.0,4
compliant,head_on,9.472351939506785,1.2005729403251244,185.37459793469242,,,collision:target,True,True,31,-308.0138202316354,-25.93027106541443,7,0,11,0,6,2.6807163868755466,0.0,2.197555475332025,0.0,1.0554500531522628,0.5089104269280729,0.5578765815395261,1.8926864794505618,0,,False,head_on,22,0.0,False,0.0,5
compliant,head_on,6.791254452278463,0.4570427385228544,170.45725794523702,,,collision:boundary,True,False,108,-1178.5679683974477,-19.475313079937003,7,0,7,0,7,2.032961917697033,0.0,0.6529999665472511,0.0,1.5691892683925746,0.49531720654590333,0.5575835827011653,1.3479916356101402,0,,False,head_on,26,0.0,False,0.0,6
compliant,head_on,7.618572716555467,1.9112000156973665,175.31745985542278,,,collision:boundary,True,False,114,-762.2959339291449,-0.5994254519931382,1,0,0,0,3,0.006194759552782562,0.0,0.0,0.0,0.12639142049041432,0.5019865766653298,0.5625978327228442,4.286966076149917,0,,False,head_on,29,0.0,False,0.0,7
compliant,head_on,8.61263148724731,1.840716953859967,178.36331706632063,,,collision:target,True,True,25,-313.78623489483704,-26.704513299030488,7,0,17,0,1,2.384291805531683,0.0,3.9620045567637945,0.0,0.14201165717755543,0.5157079505208777,0.557847510425062,1.747470878946028,0,,False,head_on,20,0.0,False,0.0,8
compliant,head_on,7.715636756725871,0.7429086685850401,175.34012998128836,,,goal,False,False,82,74.97821635836891,-6.3987093074343235,7,0,0,0,4,1.023101070003575,0.0,0.0,0.0,0.2965242246481394,0.5154752755018984,0.5571736970491616,2.306371218628367,0,,False,head_on,23,0.0,False,0.0,9
compliant,head_on,7.643066319700785,1.7056406923796066,175.83686086831378,,,collision:target,True,True,29,-303.1744471413647,-21.129447639106218,6,0,16,0,2,2.120274082674111,0.0,2.868865158369328,0.0,0.06803919105328773,0.5280489639928884,0.5594307953305302,1.7987186676432636,0,,False,head_on,23,0.0,False,0.0,10
compliant,head_on,7.958885684444756,0.5220743990799206,173.00682712496027,,,collision:boundary,True,False,110,-815.2350484668557,-13.948560246600122,6,0,4,0,6,1.9014293200677213,0.0,0.43155117262150267,0.0,0.6628668646283316,0.5091030554859707,0.5580318232465658,1.4766650241712311,0,,False,head_on,26,0.0,False,0.0,11
compliant,crossing,9.556232149411287,0.23519249649824908,258.40989345087365,starboard,,collision:target,True,True,18,-315.9989216819972,-23.587831149575962,4,5,0,0,7,1.243752301339059,1.7312529611914995,0.0,0.0,1.9692344666777102,0.52304137971326,0.5573501625469612,1.3190058908786644,0,,False,crossing,16,0.0,False,0.0,12
compliant,crossing,5.7479461611789,1.333675450454277,114.37929260507168,port,,collision:target,True,True,19,-280.58779171535167,0.0,0,0,0,0,0,0.0,0.0,0.0,0.0,0.0,0.5539272534159202,0.5578085634175971,1.404648834398822,0,,False,never,0,0.0,False,0.0,13
compliant,crossing,7.111260720178818,1.9159006827859524,210.17026842970967,starboard,,goal,False,False,72,105.89896812678428,-5.5561854343890875,4,0,0,0,0,1.1224617039169873,0.0,0.0,0.0,0.0,0.52721696561656,0.5572583526848081,1.2987442417534731,0,,False,crossing,16,0.0,False,0.0,14
compliant,crossing,7.777153961253272,0.2905126269988878,94.18057896264564,port,,collision:target,True,True,24,-304.223450927169,-13.933296062775266,2,6,0,0,7,0.5514203740211341,1.40326575767625,0.0,0.0,0.946133269082937,0.5203117257421805,0.5597989320959823,1.3200211834360442,0,,False,crossing,15,1.0,True,0.0,15
compliant,crossing,9.472351939506785,0.02908361676498966,91.03611382454581,port,,collision:target,True,True,25,-300.47693266410664,-8.897123177745701,0,3,0,0,5,0.0,1.1981555174501688,0.0,0.0,0.6591674147483032,0.5220912938652138,0.5577424381101519,1.4531022847705801,0,,False,crossing,12,1.0,True,0.0,16
compliant,crossing,6.791254452278463,1.3867036468224696,202.19120555738766,starboard,,collision:target,True,True,15,-300.400912283948,-8.521838038763287,0,0,0,0,6,0.0,0.0,0.0,0.0,1.8937417863918415,0.5252637689310025,0.5576976817533756,1.7793568884157602,0,,False,crossing,13,0.0,False,0.0,17
compliant,crossing,7.618572716555467,0.2983096088221926,73.39891847527933,port,,collision:target,True,True,15,-319.7256217468819,-21.697325926903204,0,6,0,0,6,0.0,2.9723705269276346,0.0,0.0,1.5520204041358698,0.522742738770382,0.5749801171906118,1.308276678161586,0,,False,crossing,13,1.0,True,0.0,18
compliant,crossing,8.61263148724731,1.063209475296138,68.91040871652827,port,,collision:target,True,True,15,-311.1779146346095,-22.06794925537998,0,10,0,0,7,0.0,3.0992945675858237,0.0,0.0,1.4947646990733672,0.5081791493120283,0.55802646072397,1.7201295767381097,0,,False,crossing,13,1.0,True,0.0,19
compliant,crossing,7.715636756725871,0.015920309608921934,125.05212011493529,port,,collision:target,True,True,13,-304.8510045637412,-14.129999503978125,0,5,0,0,7,0.0,0.31243969443998165,0.0,0.0,2.7963162258889365,0.5451815336451188,0.5602131379106087,1.6614595069344837,0,,False,crossing,10,1.0,True,0.0,20
compliant,crossing,7.643066319700785,0.9005926304107195,232.04698227358332,starboard,,collision:target,True,True,13,-295.4162706499141,-1.5452503097637362,0,5,0,0,0,0.0,0.3121717797502496,0.0,0.0,0.0,0.5145029139916475,0.5583654737770893,1.769710052510367,0,,False,crossing,12,0.0,False,0.0,21
compliant,crossing,7.958885684444756,2.3471367729985007,99.26568482874778,port,,goal,False,False,71,130.5966184396405,-2.7946827630916578,1,0,0,0,4,0.0076215947267777775,0.0,0.0,0.0,0.6126568598209129,0.5405479035634363,0.5614115975085451,3.431122819489642,0,,False,crossing,14,1.0,True,0.0,22
compliant,crossing,8.919597231476935,2.22514847495875,94.45670133270548,port,,collision:target,True,True,19,-306.86256478591343,-20.548274547129655,4,14,0,0,3,1.3403979674378457,2.642098922440488,0.0,0.0,0.18553665382931206,0.5270365097166616,0.5582951214492413,1.2525276908766163,0,,False,crossing,15,1.0,True,0.0,23
compliant,overtaking,9.556232149411287,0.16856401487441053,10.868192576999832,,,collision:boundary,True,False,106,-438.930820189677,-10.005826123705843,10,0,2,0,4,1.7021930158271616,0.0,0.2392400436046737,0.0,0.15971256408545897,0.504907664295217,0.5574761059513698,3.1471618802011134,0,,False,overtaking,27,0.0,False,0.0,24
compliant,overtaking,5.7479461611789,1.2248627607666025,-16.93834482636391,,,collision:boundary,True,False,31,-324.0170895980096,-6.746619919135755,7,0,5,0,0,0.32358904245998715,0.0,1.4291261552663383,0.0,0.0,0.5287310963162924,0.5624310310566242,4.501050367078311,0,,False,overtaking,28,0.0,False,0.0,25
compliant,overtaking,7.111260720178818,1.545817447677813,3.7007841951845677,,,collision:boundary,True,False,106,-618.2477936786713,-0.0019980599562337,1,0,0,0,0,0.000403648476006808,0.0,0.0,0.0,0.0,0.5049089775823659,0.5575654252902562,2.0129575503537565,0,,False,overtaking,28,0.0,False,0.0,26
compliant,overtaking,9.924433511599638,0.5577780141895179,11.720631678627527,,,collision:target,True,True,101,-378.80192555100604,-3.6478565087141517,11,0,1,0,0,0.6253772227224231,0.0,0.15339979339948817,0.0,0.0,0.513102370674808,0.5598211305413853,1.4626126228575795,0,,False,overtaking,30,0.0,False,0.0,27
compliant,overtaking,7.777153961253272,1.5401458527507434,7.176268164230322,,,collision:boundary,True,False,112,-1514.4677890896935,-21.48036869453483,19,0,4,0,0,3.4346153624727402,0.0,1.2441729584152132,0.0,0.0,0.4237122163701487,0.5591832065610497,2.9266785596799583,1,"8(e) in extremis: overtaking, compliant alteration inadmissible (DCPA 2.23 m, TCPA 4.1 s)",False,overtaking,52,0.0,False,0.0,28
compliant,overtaking,9.472351939506785,0.6293837659105992,10.760110377370978,,,collision:boundary,True,False,105,-985.5501570115524,-9.312368762995671,15,1,3,0,0,1.41076798459042,0.06484297605077989,0.5578040299504814,0.0,0.0,0.5031375202590818,0.5576128037205543,1.5850801011365614,0,,False,overtaking,37,0.0,False,0.0,29
compliant,overtaking,6.791254452278463,1.9286740819227624,7.381996928413358,,,collision:boundary,True,False,76,-636.4953251477174,-26.68035248975256,14,4,8,0,4,2.8057034261625615,0.9254367230276785,1.7346230244476164,0.0,0.4370146362776543,0.4104290662729552,0.5574812195117844,3.1463317104662067,1,"8(e) in extremis: overtaking, compliant alteration inadmissible (DCPA 1.54 m, TCPA 4.9 s)",False,overtaking,46,0.0,False,0.0,30
compliant,overtaking,7.618572716555467,0.80683254823558,-26.65182120749268,,,collision:boundary,True,False,115,-809.3771843094187,-10.703261475399282,11,0,1,0,5,1.708993028321647,0.0,0.25476090035609034,0.0,0.29480149865004535,0.5050177203384353,0.5693271108498733,2.8521908264975604,0,,False,overtaking,30,0.0,False,0.0,31
compliant,overtaking,8.61263148724731,0.5951515892589716,-22.89682838569677,,,collision:boundary,True,False,98,-996.4731531171918,-13.552187996827643,14,3,4,0,0,1.0606074136547297,0.8810284129590482,1.0947474041915113,0.0,0.0,0.5076088947579214,0.5573325206232917,3.358930464750109,0,,False,overtaking,39,0.0,False,0.0,32
compliant,overtaking,7.715636756725871,0.48053457069092276,-33.48340197482355,,,goal,False,False,82,-123.89563429430106,-19.153683642041287,6,13,2,0,0,1.0525425413306446,2.437198006518418,0.5220744250523417,0.0,0.0,0.5281229413343601,0.5671929941853862,1.4879347555636522,0,,False,overtaking,24,0.0,False,0.0,33
compliant,overtaking,7.643066319700785,1.4565110359186628,-15.877261576857428,,,collision:boundary,True,False,103,-866.121807701908,-10.988750170325734,10,0,5,0,7,1.466205441021919,0.0,0.7756103259441032,0.0,0.20863023641521428,0.5112487129525218,0.5577128000248335,2.7294883248136217,0,,False,overtaking,34,0.0,False,0.0,34
compliant,overtaking,7.958885684444756,0.20003527248455244,23.442474700345457,,,collision:boundary,True,False,110,-665.5928666399932,-7.98506077169178,8,0,0,0,1,1.5785744347813775,0.0,0.0,0.0,0.03802607100532438,0.508694089184155,0.5680624155727851,3.420432252810165,0,,False,overtaking,26,0.0,False,0.0,35
compliant,being_overtaken,9.556232149411287,1.92980163272497,-35.482184391358615,,False,collision:target,True,True,10,-297.0957770909219,-7.695369603277826,0,0,0,4,0,0.0,0.0,0.0,1.9000912600685989,0.0,0.5056677609434093,0.5569323376762263,1.8800583326571232,0,,False,being_overtaken,8,0.0,False,0.0,36
compliant,being_overtaken,5.7479461611789,1.2685701234754871,-4.975120506914713,,False,collision:target,True,True,67,-238.78651377730537,-16.287733602384804,0,1,1,12,3,0.0,0.37522841595785156,0.1031912828944926,1.7867519097120335,1.5161153534754515,0.5509500670117401,0.5583531206401346,1.2710959153269723,0,,False,being_overtaken,31,0.0,False,0.0,37
compliant,being_overtaken,7.111260720178818,0.5943612042954601,11.74966659039302,,True,collision:target,True,True,16,-282.0911908444021,-1.4944186601516674,0,0,0,10,0,0.0,0.0,0.0,0.3689922617658437,0.0,0.544609334476795,0.5587791694444242,1.9088943529784617,0,,False,being_overtaken,14,0.0,False,0.0,38
compliant,being_overtaken,9.924433511599638,0.247382364945814,2.173404297588206,,True,collision:target,True,True,13,-286.4430446258105,-1.740203325342012,0,0,0,7,0,0.0,0.0,0.0,0.4296798334177807,0.0,0.5490214165219626,0.5571351031491147,1.864283490241531,0,,False,being_overtaken,12,0.0,False,0.0,39
compliant,being_overtaken,7.777153961253272,1.1352069073367477,-20.99286861655304,,False,collision:target,True,True,13,-295.1456947380938,-10.593445066669052,0,0,0,7,0,0.0,0.0,0.0,2.6156654485602595,0.0,0.5388476026673543,0.5579197321294505,1.8911178746589383,0,,False,being_overtaken,11,0.0,False,0.0,40
compliant,being_overtaken,9.472351939506785,0.33829237792301214,-9.672518700272335,,True,collision:target,True,True,14,-286.4576058620064,-2.610471763985828,0,0,0,6,0,0.0,0.0,0.0,0.6445609293792168,0.0,0.5302417286237058,0.5577276632206498,1.8756030435754434,0,,False,being_overtaken,12,0.0,False,0.0,41
compliant,being_overtaken,6.791254452278463,1.4553176893876154,8.612014291766783,,False,collision:target,True,True,11,-287.0656243953579,-0.003693174471031219,0,0,0,3,0,0.0,0.0,0.0,0.0009118949311188195,0.0,0.535343576618373,0.5578572745810693,1.8758000116854128,0,,False,being_overtaken,9,0.0,False,0.0,42
compliant,being_overtaken,7.618572716555467,0.0524706874686347,-13.038802994098347,,True,collision:target,True,True,14,-302.5527334654848,-19.411578435280312,0,0,0,6,0,0.0,0.0,0.0,4.792982329698842,0.0,0.54173784217465,0.5581355527898708,1.479714534453384,0,,False,being_overtaken,13,0.0,False,0.0,43
compliant,being_overtaken,8.61263148724731,0.3303938638096535,-12.938720162676333,,True,collision:target,True,True,20,-312.7019913853202,-35.42722042895363,0,0,0,11,0,0.0,0.0,0.0,8.747461834309538,0.0,0.5560711177049014,0.5580077385391942,0.894510584758632,0,,False,being_overtaken,18,0.0,False,0.0,44
compliant,being_overtaken,7.715636756725871,1.0153730961261043,-20.115703048698954,,False,collision:target,True,True,16,-282.3150037958461,-1.7203254833090427,0,0,0,11,0,0.0,0.0,0.0,0.42477172427383775,0.0,0.545408380265378,0.5600452658841135,1.7867307701760629,0,,False,being_overtaken,14,0.0,False,0.0,45
compliant,being_overtaken,7.643066319700785,1.428419899787731,30.035851887711317,,False,collision:target,True,True,68,-280.5684248706412,-29.27770778952583,0,2,4,5,4,0.0,0.8574284936489072,0.38744088508140495,4.3667997747923195,1.322913438169286,0.5458097509311227,0.5579226638858188,0.6836449682129814,0,,False,being_overtaken,17,0.0,False,0.0,46
compliant,being_overtaken,7.958885684444756,1.2954947425930026,13.360187385941856,,False,collision:target,True,True,12,-287.88848633791775,-1.936864944808498,0,0,0,3,0,0.0,0.0,0.0,0.4782382579774068,0.0,0.5295885374851151,0.5581024724298835,1.868771623381246,0,,False,being_overtaken,10,0.0,False,0.0,47
compliant,null,9.556232149411287,7.415079221008671,3.2202052079999497,,,goal,False,False,69,171.74158153125683,-5.536657586217713,0,0,3,0,3,0.0,0.0,0.43302899822308316,0.0,0.8839451539143586,0.541929174590157,0.557215453268749,4.861676351540411,0,,False,overtaking,4,0.0,False,0.0,48
compliant,null,7.111260720178818,8.273866545950307,-13.430990414865116,,,goal,False,False,68,173.11836968609373,-10.156680897900062,0,1,3,0,3,0.0,0.9418883744377138,0.5130235795102779,0.0,0.8105441240436395,0.5548415063728626,0.5579941683373266,4.702823172608226,0,,False,overtaking,3,0.0,False,0.0,49
compliant,null,9.924433511599638,8.480442251715623,-7.349722634774217,,,goal,False,False,68,170.8074986095191,-8.017130746603831,0,1,4,0,0,0.0,0.904486192179688,0.9833122486984376,0.0,0.0,0.5511701167308739,0.5579600596001368,4.851470973155539,0,,False,overtaking,4,0.0,False,0.0,50
compliant,null,7.777153961253272,8.19210853540256,1.5450735276472507,,,goal,False,False,68,176.8401301099408,-5.239699380983474,0,0,5,0,4,0.0,0.0,0.9914625334807269,0.0,0.3712076134339683,0.5572652294461818,0.5586246441793747,4.631622345803543,0,,False,overtaking,5,0.0,False,0.0,51
compliant,null,9.472351939506785,9.833754847651186,-7.881894193512018,,,goal,False,False,67,179.13096609069936,-2.086576346579596,0,0,2,0,3,0.0,0.0,0.05438986333564576,0.0,0.42017174190472695,0.5616151797798359,0.5640071557932842,4.792027533857692,0,,False,overtaking,4,0.0,False,0.0,52
compliant,null,7.618572716555467,5.737909351285462,19.269421523256625,,,goal,False,False,67,177.72214453376085,-5.642594711969053,0,0,4,0,4,0.0,0.0,0.22474261105674762,0.0,1.074115847147725,0.5575073761098529,0.5581516832419999,4.875668003800954,0,,False,overtaking,4,0.0,False,0.0,53
compliant,null,8.61263148724731,4.994217003827502,-2.2541536120884516,,,goal,False,False,68,176.56252762160938,-4.934694334464975,0,1,4,0,3,0.0,0.010898049959917902,1.0598163829585834,0.0,0.23675777966944023,0.5564099678019776,0.5596491084135025,4.708368061610687,0,,False,overtaking,4,0.0,False,0.0,54
compliant,null,7.715636756725871,10.985401796677808,11.51508315874964,,,goal,False,False,69,173.46112769992683,-2.8935521345661765,0,1,0,0,2,0.0,0.4345171051011241,0.0,0.0,0.16504276984791377,0.543795659130723,0.5575025757615211,4.923872584134567,0,,False,overtaking,4,0.0,False,0.0,55
compliant,null,7.643066319700785,9.246526787441258,17.067746299587732,,,goal,False,False,69,172.4257185576859,-3.3769654438721455,0,1,3,0,3,0.0,0.17346845461036017,0.4662233203338354,0.0,0.18664280896645657,0.5451715397502027,0.5578001340230037,4.80453673834014,0,,False,overtaking,5,0.0,False,0.0,56
compliant,null,7.958885684444756,5.9745539334029605,12.504257237913222,,,goal,False,False,69,172.09137120588625,-5.05497715286076,0,0,4,0,4,0.0,0.0,0.477938607247912,0.0,0.7409773703929502,0.5426205072449581,0.5572710041158868,4.83319369405879,0,,False,overtaking,4,0.0,False,0.0,57
compliant,null,8.919597231476935,3.3691456368695802,-6.754235357595295,,,goal,False,False,68,174.63756739918057,-6.891102114479861,0,1,4,0,2,0.0,0.5036785650786738,1.0956400038663021,0.0,0.10079760076038613,0.5566282530715657,0.5599769722855257,4.676862687851625,0,,False,overtaking,4,0.0,False,0.0,58
compliant,null,6.8745535936065325,8.528906801734072,-14.670613064706771,,,goal,False,False,68,176.47861841101656,-5.58832415980096,0,2,0,0,4,0.0,0.5027223366954229,0.0,0.0,0.6888552429241371,0.5514843786922374,0.5577890440509781,4.826568038484137,0,,False,overtaking,4,0.0,False,0.0,59
wrong_way,head_on,9.556232149411287,0.7589141160070894,188.5960326544994,,,goal,False,False,78,71.595790958131,-44.05151091135703,11,0,21,0,2,3.8583156169408963,0.0,6.758596773206484,0.0,0.13820004976805422,0.527522198085619,0.5576958521762974,2.049819075420274,0,,False,head_on,21,0.0,False,0.0,0
wrong_way,head_on,5.7479461611789,1.2248627607666025,177.49061558127943,,,collision:target,True,True,30,-397.09846009860485,-99.26522960477836,16,0,19,0,27,6.857126930247116,0.0,3.56670140684027,0.0,11.662739163428926,0.5237018102895222,0.5574844451973853,0.9203900125457798,0,,False,head_on,27,0.0,False,0.0,1
wrong_way,head_on,7.111260720178818,0.8488119099963607,179.77841623459886,,,collision:boundary,True,False,109,-1027.7625183472526,-39.63864642113026,16,0,30,0,7,2.6668912879264397,0.0,6.691507534611661,0.0,0.5218016491760894,0.4995748485796242,0.5572649370173868,3.4634413948057157,0,,False,head_on,30,0.0,False,0.0,2
wrong_way,head_on,9.924433511599638,0.5577780141895179,181.73638987831518,,,collision:boundary,True,False,106,-495.2736613448102,-56.24574817807671,14,0,24,0,14,4.318075784122102,0.0,7.461118493071904,0.0,1.780276993691877,0.5064023807960625,0.5579682112984838,2.282510276866882,0,,False,head_on,24,0.0,False,0.0,3
wrong_way,head_on,7.777153961253272,0.23241010159911024,174.96382864421315,,,collision:boundary,True,False,100,-1015.3537281840893,-60.874322727860765,15,0,25,0,8,5.699994528782809,0.0,8.22766823745522,0.0,0.6754987012326777,0.5259100524135395,0.5615282713144726,2.2818985796262834,0,,False,head_on,29,0.0,False,0.0,4
wrong_way,head_on,9.472351939506785,1.2005729403251244,185.37459793469242,,,goal,False,False,85,31.85692832137346,-49.96013614859167,13,0,24,0,7,3.4719901464678173,0.0,7.672425172885266,0.0,1.1451231780420068,0.5012639926957786,0.5578765815395261,2.7599689112216677,0,,False,head_on,24,0.0,False,0.0,5
wrong_way,head_on,6.791254452278463,0.4570427385228544,170.45725794523702,,,collision:boundary,True,False,106,-593.4863990597446,-58.190817988985934,14,0,25,0,9,4.708204514747646,0.0,7.843937567757586,0.0,1.4771178660128417,0.4942929411434952,0.5575835827011653,2.292370670488021,0,,False,head_on,25,0.0,False,0.0,6
wrong_way,head_on,7.618572716555467,1.9112000156973665,175.31745985542278,,,collision:target,True,True,33,-389.130751785627,-98.04633260941664,16,0,19,0,28,7.611473585015087,0.0,2.3989183100251386,0.0,11.496318321666985,0.533228328971351,0.5625978327228442,1.1185882808180014,0,,False,head_on,29,0.0,False,0.0,7
wrong_way,head_on,8.61263148724731,1.840716953859967,178.36331706632063,,,goal,False,False,77,74.1433277911943,-29.583905497690605,10,0,21,0,0,1.8096422845994131,0.0,5.729493385812087,0.0,0.0,0.5284071276486217,0.557847510425062,3.1905477774660245,0,,False,head_on,21,0.0,False,0.0,8
wrong_way,head_on,7.715636756725871,0.7429086685850401,175.34012998128836,,,collision:target,True,True,31,-331.3068202682853,-47.035193902542666,13,0,17,0,14,5.923653719871676,0.0,3.471780754815504,0.0,1.158821615964901,0.525329934985033,0.5571736970491616,0.8859384559635585,0,,False,head_on,24,0.0,False,0.0,9
wrong_way,head_on,7.643066319700785,1.7056406923796066,175.83686086831378,,,collision:boundary,True,False,99,-418.96591606071894,-26.907910688196157,13,0,23,0,2,1.83031297210373,0.0,4.872690310150807,0.0,0.06803919105328773,0.5250146504172175,0.5594307953305302,3.5127453151270442,0,,False,head_on,23,0.0,False,0.0,10
wrong_way,head_on,7.958885684444756,0.5220743990799206,173.00682712496027,,,collision:boundary,True,False,108,-586.0459592452294,-53.499814085534624,14,0,25,0,7,4.625653407430966,0.0,7.637440814377401,0.0,0.6906761748872683,0.5089485773725572,0.5580318232465658,2.498122071850691,0,,False,head_on,25,0.0,False,0.0,11
wrong_way,crossing,9.556232149411287,0.23519249649824908,258.40989345087365,starboard,,collision:target,True,True,22,-394.59744424082294,-109.11153628064432,9,20,0,0,20,4.467125751887366,9.03142310366726,0.0,0.0,9.398604321255311,0.521887033472037,0.5573501625469612,1.2497182032995213,0,,False,crossing,20,0.0,False,0.0,12
wrong_way,crossing,5.7479461611789,1.333675450454277,114.37929260507168,port,,collision:target,True,True,19,-280.58779171535167,0.0,0,0,0,0,0,0.0,0.0,0.0,0.0,0.0,0.5539272534159202,0.5578085634175971,1.404648834398822,0,,False,never,0,0.0,False,0.0,13
wrong_way,crossing,7.111260720178818,1.9159006827859524,210.17026842970967,starboard,,goal,False,False,72,120.9895065863505,-12.430692371195725,8,8,0,0,0,2.450084211626543,0.0611667724534015,0.0,0.0,0.0,0.5266674085570533,0.5572583526848081,2.396684719133828,0,,False,crossing,12,0.0,False,0.0,14
wrong_way,crossing,7.777153961253272,0.2905126269988878,94.18057896264564,port,,collision:target,True,True,30,-376.242847155523,-91.54652001189301,12,23,0,0,23,4.611013169218575,8.026977826559826,0.0,0.0,6.441881018397765,0.524435500865774,0.5597989320959823,1.5599027791519073,0,,False,crossing,23,1.0,True,0.0,15
wrong_way,crossing,9.472351939506785,0.02908361676498966,91.03611382454581,port,,collision:target,True,True,31,-404.970549271213,-117.9189620617559,16,23,0,0,22,7.819682583396893,11.484894270644752,0.0,0.0,5.212300992917303,0.5225785348571158,0.5577424381101519,1.507043176155877,0,,False,crossing,26,1.0,True,0.0,16
wrong_way,crossing,6.791254452278463,1.3867036468224696,202.19120555738766,starboard,,goal,False,False,71,80.96156522926779,-33.67574266345467,9,9,0,0,15,2.989748546825989,0.11323929491007168,0.0,0.0,4.070211743746928,0.5343606359202849,0.5576976817533756,2.1647299947615752,0,,False,crossing,15,0.0,False,0.0,17
wrong_way,crossing,7.618572716555467,0.2983096088221926,73.39891847527933,port,,collision:target,True,True,19,-357.20775828615245,-68.05963970877538,9,8,0,0,17,5.4365515329726515,4.0576846090761896,0.0,0.0,4.680704623474138,0.5223795615399321,0.5749801171906118,0.991583558900452,0,,False,crossing,17,1.0,True,0.0,18
wrong_way,crossing,8.61263148724731,1.063209475296138,68.91040871652827,port,,collision:target,True,True,22,-379.7217983825569,-92.81878138890383,9,20,0,0,20,4.395912443906928,7.829757391709151,0.0,0.0,7.178159045023164,0.5172283752863688,0.55802646072397,1.3837058268769309,0,,False,crossing,20,1.0,True,0.0,19
wrong_way,crossing,7.715636756725871,0.015920309608921934,125.05212011493529,port,,collision:target,True,True,15,-349.0800803999836,-62.41129867065872,9,8,0,0,12,4.958308504789676,1.3528716884694767,0.0,0.0,6.926879269783534,0.5272929728727039,0.5602131379106087,1.229085339563519,0,,False,crossing,12,1.0,True,0.0,20
wrong_way,crossing,7.643066319700785,0.9005926304107195,232.04698227358332,starboard,,collision:target,True,True,16,-321.9941558687811,-34.386981140835154,9,14,0,0,2,4.464951922375572,2.4724790203813134,0.0,0.0,0.010377327597461895,0.5368360575576027,0.5583654737770893,1.580096026175814,0,,False,crossing,15,0.0,False,0.0,21
wrong_way,crossing,7.958885684444756,2.3471367729985007,99.26568482874778,port,,collision:target,True,True,24,-311.41984628017156,-19.307822902182917,10,0,0,0,9,3.052920228016572,0.0,0.0,0.0,0.9324150607779744,0.5351934087254006,0.5600228426543354,1.5960520530297408,0,,False,crossing,20,1.0,True,0.0,22
wrong_way,crossing,8.919597231476935,2.22514847495875,94.45670133270548,port,,goal,False,False,70,118.48815287472814,-24.868756215483916,8,10,0,0,7,2.982900304521398,1.068900312856442,0.0,0.0,1.0694095909919126,0.5418548774949322,0.5582951214492413,2.9534502805894376,0,,False,crossing,13,1.0,True,0.0,23
wrong_way,overtaking,9.556232149411287,0.16856401487441053,10.868192576999832,,,collision:boundary,True,False,107,-934.3127762366598,-55.43132779041246,18,1,30,0,4,5.089850744521711,0.014621253346398345,8.26991655771749,0.0,0.0872203984849692,0.4950872502547041,0.5574761059513698,2.878924557590882,0,,False,overtaking,32,0.0,False,0.0,24
wrong_way,overtaking,5.7479461611789,1.2248627607666025,-16.93834482636391,,,collision:boundary,True,False,29,-339.4244356454759,-22.550636951666014,8,0,16,0,0,1.9658708777320828,0.0,3.560993363025611,0.0,0.0,0.5259360026511143,0.5624310310566242,4.796770393672838,0,,False,overtaking,23,0.0,False,0.0,25
wrong_way,overtaking,7.111260720178818,1.545817447677813,3.7007841951845677,,,collision:boundary,True,False,38,-452.5835767853963,-54.66780541634797,17,0,29,0,7,4.504281370196841,0.0,8.666039224656489,0.0,0.26086031669116533,0.5303249443142003,0.5575654252902562,3.133836891237349,0,,False,overtaking,35,0.0,False,0.0,26
wrong_way,overtaking,9.924433511599638,0.5577780141895179,11.720631678627527,,,collision:target,True,True,98,-1162.5266456293234,-36.13001369223873,16,0,23,0,0,4.028021827332799,0.0,4.497584901928157,0.0,0.0,0.5134098027019628,0.5598211305413853,1.473149214343752,0,,False,overtaking,34,0.0,False,0.0,27
wrong_way,overtaking,7.777153961253272,1.5401458527507434,7.176268164230322,,,goal,False,False,84,-562.0429360734063,-14.19565440705119,10,2,15,0,0,1.059115967670711,0.08812229693463483,2.3657847214596472,0.0,0.0,0.5004296968617903,0.5591832065610497,2.6918329846352735,0,,False,overtaking,22,0.0,False,0.0,28
wrong_way,overtaking,9.472351939506785,0.6293837659105992,10.760110377370978,,,collision:boundary,True,False,123,-634.2911032613797,-22.775028333967853,8,5,14,0,0,2.07062125427729,0.18294952271739284,3.2277369410678274,0.0,0.0,0.48820127169761607,0.5576128037205543,1.6894368523502987,0,,False,overtaking,34,0.0,False,0.0,29
wrong_way,overtaking,6.791254452278463,1.9286740819227624,7.381996928413358,,,goal,False,False,79,-38.98958551750316,-18.875454693069667,7,2,13,0,0,1.204736954310421,0.015791296512745072,3.5649555143041667,0.0,0.0,0.5072751814851284,0.5574812195117844,3.3213934934933413,0,,False,overtaking,22,0.0,False,0.0,30
wrong_way,overtaking,7.618572716555467,0.80683254823558,-26.65182120749268,,,collision:boundary,True,False,114,-917.8568349898804,-41.165565747295304,14,0,28,0,5,3.498847511733216,0.0,6.194711644929037,0.0,0.3434019205491882,0.5103769857895472,0.5693271108498733,3.2175533781737675,0,,False,overtaking,29,0.0,False,0.0,31
wrong_way,overtaking,8.61263148724731,0.5951515892589716,-22.89682838569677,,,collision:boundary,True,False,108,-1126.7636457803412,-45.31406116694628,15,0,29,0,2,3.5951036692174476,0.0,7.6342334622735235,0.0,0.007790564474495519,0.5011618025936347,0.5573325206232917,3.027666790848502,0,,False,overtaking,29,0.0,False,0.0,32
wrong_way,overtaking,7.715636756725871,0.48053457069092276,-33.48340197482355,,,goal,False,False,70,120.31087216317725,-25.39164149192943,7,1,9,0,4,2.675690329348044,0.5770491334418705,2.456831516633726,0.0,0.09910837583065228,0.5402492591339642,0.5725585587924003,1.7119790766317486,0,,False,overtaking,10,0.0,False,0.0,33
wrong_way,overtaking,7.643066319700785,1.4565110359186628,-15.877261576857428,,,collision:boundary,True,False,41,-366.63955165093125,-25.529940386473037,13,0,27,0,0,2.439634580150084,0.0,3.7371525596472557,0.0,0.0,0.530131811950682,0.5577128000248335,3.7522794390284266,0,,False,overtaking,28,0.0,False,0.0,34
wrong_way,overtaking,7.958885684444756,0.20003527248455244,23.442474700345457,,,collision:boundary,True,False,114,-1280.0298051001218,-30.69481463008002,14,5,24,0,2,3.0865238378891804,0.35012072298055863,3.7885227028289594,0.0,0.009942738575679618,0.5072104011288764,0.5680624155727851,2.5526045062615097,0,,False,overtaking,29,0.0,False,0.0,35
wrong_way,being_overtaken,9.556232149411287,1.92980163272497,-35.482184391358615,,False,collision:target,True,True,10,-299.78121325548983,-9.910930693051844,0,0,0,4,0,0.0,0.0,0.0,2.447143381000455,0.0,0.5245842357553985,0.5569323376762263,1.8191153662582127,0,,False,being_overtaken,8,0.0,False,0.0,36
wrong_way,being_overtaken,5.7479461611789,1.2685701234754871,-4.975120506914713,,False,collision:target,True,True,16,-303.32487110761434,-14.327244728053511,0,0,0,7,0,0.0,0.0,0.0,3.53759129087741,0.0,0.5202406990472681,0.558239831057879,0.9821268149752531,0,,False,being_overtaken,15,0.0,False,0.0,37
wrong_way,being_overtaken,7.111260720178818,0.5943612042954601,11.74966659039302,,True,collision:boundary,True,False,73,-355.62531696819326,-26.120763649344934,0,1,3,10,2,0.0,0.033944938317750306,1.117694908175633,5.3482471099222435,0.05969638667882328,0.5368306206303898,0.5593211388487241,1.6753774424096701,0,,False,being_overtaken,20,0.0,False,0.0,38
wrong_way,being_overtaken,9.924433511599638,0.247382364945814,2.173404297588206,,True,goal,False,False,73,105.13654350856407,-25.082411488573374,0,0,3,8,3,0.0,0.0,1.0942344973301918,4.791762496617087,0.3858953748634399,0.5213547111802715,0.5571351031491147,1.5303398770563368,0,,False,being_overtaken,18,0.0,False,0.0,39
wrong_way,being_overtaken,7.777153961253272,1.1352069073367477,-20.99286861655304,,False,collision:target,True,True,13,-304.8975120826205,-15.61188560533665,0,0,0,6,0,0.0,0.0,0.0,3.854786569218925,0.0,0.5263183815264846,0.5579197321294505,1.7630035473282972,0,,False,being_overtaken,11,0.0,False,0.0,40
wrong_way,being_overtaken,9.472351939506785,0.33829237792301214,-9.672518700272335,,True,collision:target,True,True,13,-296.75577801519984,-9.27545975318155,0,0,0,5,0,0.0,0.0,0.0,2.29023697609421,0.0,0.5453636308266672,0.5577276632206498,1.8800461142894376,0,,False,being_overtaken,11,0.0,False,0.0,41
wrong_way,being_overtaken,6.791254452278463,1.4553176893876154,8.612014291766783,,False,collision:target,True,True,11,-289.3727017202495,-0.5432459557287164,0,0,0,3,0,0.0,0.0,0.0,0.13413480388363366,0.0,0.5395317436313423,0.5578572745810693,1.808348134120033,0,,False,being_overtaken,9,0.0,False,0.0,42
wrong_way,being_overtaken,7.618572716555467,0.0524706874686347,-13.038802994098347,,True,collision:target,True,True,13,-303.1955840624522,-14.21185239690534,0,0,0,4,0,0.0,0.0,0.0,3.5090993572605775,0.0,0.5351233739818624,0.5581355527898708,1.3117500492322665,0,,False,being_overtaken,12,0.0,False,0.0,43
wrong_way,being_overtaken,8.61263148724731,0.3303938638096535,-12.938720162676333,,True,collision:target,True,True,15,-313.6353081683226,-25.776772086899268,0,0,0,7,0,0.0,0.0,0.0,6.3646350831850045,0.0,0.5359734270007747,0.5580077385391942,1.149676271872754,0,,False,being_overtaken,14,0.0,False,0.0,44
wrong_way,being_overtaken,7.715636756725871,1.0153730961261043,-20.115703048698954,,False,collision:target,True,True,15,-302.6014632600984,-15.62346453526611,0,0,0,7,0,0.0,0.0,0.0,3.8576455642632377,0.0,0.5366492288822361,0.5592118600361123,1.6175250903300935,0,,False,being_overtaken,13,0.0,False,0.0,45
wrong_way,being_overtaken,7.643066319700785,1.428419899787731,30.035851887711317,,False,collision:target,True,True,13,-306.1892099085517,-17.340756966678985,0,0,0,5,0,0.0,0.0,0.0,4.281668386834317,0.0,0.5143753914957017,0.5579226638858188,1.7319764973601577,0,,False,being_overtaken,11,0.0,False,0.0,46
wrong_way,being_overtaken,7.958885684444756,1.2954947425930026,13.360187385941856,,False,collision:target,True,True,12,-290.5416081048433,-2.170068652584419,0,0,0,3,0,0.0,0.0,0.0,0.5358194203912146,0.0,0.5333363698762894,0.5581024724298835,1.8080856109264805,0,,False,being_overtaken,10,0.0,False,0.0,47
wrong_way,null,9.556232149411287,7.415079221008671,3.2202052079999497,,,goal,False,False,69,170.14770999399104,-7.1305291234835035,2,0,3,0,3,0.2673587007450779,0.0,0.5152587451020632,0.0,0.8782604605395423,0.541929174590157,0.557215453268749,4.862181381737439,0,,False,overtaking,4,0.0,False,0.0,48
wrong_way,null,7.111260720178818,8.273866545950307,-13.430990414865116,,,goal,False,False,68,173.61759991243545,-9.657450671558344,0,1,3,0,3,0.0,0.8250148609119659,0.5460381311780655,0.0,0.8017532972895725,0.5548415063728626,0.5579941683373266,4.702859518712366,0,,False,overtaking,3,0.0,False,0.0,49
wrong_way,null,9.924433511599638,8.480442251715623,-7.349722634774217,,,goal,False,False,68,172.37459307865242,-6.450036277470508,1,1,4,0,0,0.2287977268182438,0.2992615417016965,1.0655952495268899,0.0,0.0,0.5511701167308739,0.5579600596001368,4.928056950272465,0,,False,overtaking,4,0.0,False,0.0,50
wrong_way,null,7.777153961253272,8.19210853540256,1.5450735276472507,,,goal,False,False,68,173.12192215945413,-8.957907331470132,2,0,5,0,4,0.6374624431271607,0.0,1.16750180822932,0.0,0.3554359396366962,0.5572652294461818,0.5586246441793747,4.666583527562415,0,,False,overtaking,5,0.0,False,0.0,51
wrong_way,null,9.472351939506785,9.833754847651186,-7.881894193512018,,,goal,False,False,67,177.11626166432129,-4.101280772957679,1,0,2,0,3,0.29969141030431573,0.0,0.23686839126594134,0.0,0.39224046297642823,0.5616151797798359,0.5640071557932842,4.783810962957829,0,,False,overtaking,4,0.0,False,0.0,52
wrong_way,null,7.618572716555467,5.737909351285462,19.269421523256625,,,goal,False,False,67,176.57664102421023,-6.788098221519704,1,0,4,0,4,0.20149077727141387,0.0,0.266271823375932,0.0,1.0738089577495222,0.5575073761098529,0.5581516832419999,4.8764919433268865,0,,False,overtaking,4,0.0,False,0.0,53
wrong_way,null,8.61263148724731,4.994217003827502,-2.2541536120884516,,,goal,False,False,68,173.79837489146118,-7.698847064613173,1,1,4,0,3,0.23911270098132628,0.30460670975996434,1.1523744276483177,0.0,0.19086400931329806,0.5564099678019776,0.5596491084135025,4.883619778098378,0,,False,overtaking,4,0.0,False,0.0,54
wrong_way,null,7.715636756725871,10.985401796677808,11.51508315874964,,,goal,False,False,69,174.10120763127293,-2.2534722032201215,1,0,1,0,2,0.28026100049469754,0.0,0.022856132826235283,0.0,0.1741995939104271,0.543795659130723,0.5575025757615211,4.826785519935486,0,,False,overtaking,4,0.0,False,0.0,55
wrong_way,null,7.643066319700785,9.246526787441258,17.067746299587732,,,goal,False,False,69,168.12506916870643,-7.6776148328516,2,1,3,0,3,0.6874718940954487,0.1503998272817842,0.8057206623046669,0.0,0.13990120616388801,0.5451715397502027,0.5578001340230037,4.9501059882236,0,,False,overtaking,5,0.0,False,0.0,56
wrong_way,null,7.958885684444756,5.9745539334029605,12.504257237913222,,,goal,False,False,69,166.98731137345368,-10.159036985293326,1,1,4,0,4,0.21883778449550012,0.7759263680133238,0.5302481114976909,0.0,0.7391247175517686,0.5426205072449581,0.5572710041158868,4.836056400144191,0,,False,overtaking,4,0.0,False,0.0,57
wrong_way,null,8.919597231476935,3.3691456368695802,-6.754235357595295,,,goal,False,False,68,175.05174839699316,-6.476921116667257,1,2,4,0,2,0.22680245350367167,0.14579991199640785,1.1555681011006604,0.0,0.10499872077321912,0.5566282530715657,0.5599769722855257,4.821126079525997,0,,False,overtaking,4,0.0,False,0.0,58
wrong_way,null,6.8745535936065325,8.528906801734072,-14.670613064706771,,,goal,False,False,68,173.89182904769896,-8.175113523118556,1,2,0,0,4,0.25652550503930993,0.7253472835518501,0.0,0.0,0.7366318265760696,0.5514843786922374,0.5577890440509781,4.8193720727516025,0,,False,overtaking,4,0.0,False,0.0,59
